episode,total_steps,episode_reward,episode_length,cleared,epsilon
0,97,-74.19,97,0,0.9991
1,368,-34.94,271,0,0.9965
2,692,-27.08,324,0,0.9934
3,1013,-24.94,321,0,0.9904
4,1399,0.87,386,0,0.9867
5,1722,-27.59,323,0,0.9836
6,1808,-75.31,86,0,0.9828
7,2153,-24.43,345,0,0.9795
8,2745,31.68,592,0,0.9739
9,2837,-77.26,92,0,0.9730
10,3165,-25.43,328,0,0.9699
11,3243,-82.28,78,0,0.9692
12,3540,-30.00,297,0,0.9664
13,3616,-80.66,76,0,0.9656
14,3665,-89.47,49,0,0.9652
15,4009,-26.60,344,0,0.9619
16,4065,-82.03,56,0,0.9614
17,4140,-82.85,75,0,0.9607
18,4210,-83.26,70,0,0.9600
19,4484,-35.75,274,0,0.9574
20,5056,33.84,572,0,0.9520
21,5116,-81.03,60,0,0.9514
22,5217,-74.97,101,0,0.9504
23,5316,-75.58,99,0,0.9495
24,5371,-83.85,55,0,0.9490
25,5429,-88.51,58,0,0.9484
26,5728,-30.68,299,0,0.9456
27,6152,4.68,424,0,0.9416
28,6493,-20.80,341,0,0.9383
29,6553,-88.50,60,0,0.9377
30,6653,-76.16,100,0,0.9368
31,6686,-91.18,33,0,0.9365
32,6715,-91.44,29,0,0.9362
33,6967,-39.54,252,0,0.9338
34,7027,-84.05,60,0,0.9332
35,7083,-82.51,56,0,0.9327
36,7299,-39.51,216,0,0.9307
37,7392,-78.09,93,0,0.9298
38,7669,-44.55,277,0,0.9271
39,7713,-89.49,44,0,0.9267
40,7776,-83.44,63,0,0.9261
41,8251,15.90,475,0,0.9216
42,8682,10.03,431,0,0.9175
43,8719,-90.95,37,0,0.9172
44,8788,-84.76,69,0,0.9165
45,8894,-74.68,106,0,0.9155
46,8989,-76.31,95,0,0.9146
47,9070,-83.02,81,0,0.9138
48,9272,-45.54,202,0,0.9119
49,9362,-78.37,90,0,0.9111
50,9615,-38.27,253,0,0.9087
51,9735,-73.03,120,0,0.9075
52,9776,-90.56,41,0,0.9071
53,9882,-76.08,106,0,0.9061
54,10114,-44.07,232,0,0.9039
55,10274,-51.31,160,0,0.9024
56,10377,-74.09,103,0,0.9014
57,10423,-90.20,46,0,0.9010
58,10632,-44.28,209,0,0.8990
59,10681,-89.46,49,0,0.8985
60,10718,-91.08,37,0,0.8982
61,10966,-39.12,248,0,0.8958
62,11424,13.04,458,0,0.8915
63,11620,-48.86,196,0,0.8896
64,11696,-78.27,76,0,0.8889
65,11733,-92.10,37,0,0.8885
66,11804,-77.68,71,0,0.8879
67,11933,-72.94,129,0,0.8866
68,12031,-75.76,98,0,0.8857
69,12139,-74.65,108,0,0.8847
70,12182,-90.38,43,0,0.8843
71,12380,-46.59,198,0,0.8824
72,12471,-76.90,91,0,0.8815
73,12674,-45.64,203,0,0.8796
74,12781,-76.24,107,0,0.8786
75,12854,-78.80,73,0,0.8779
76,13311,8.93,457,0,0.8735
77,13343,-91.62,32,0,0.8732
78,13373,-91.92,30,0,0.8730
79,13625,-38.43,252,0,0.8706
80,14132,21.80,507,0,0.8657
81,14217,-76.06,85,0,0.8649
82,14309,-77.73,92,0,0.8641
83,14506,-48.81,197,0,0.8622
84,14970,13.40,464,0,0.8578
85,15176,-45.47,206,0,0.8558
86,15535,-4.00,359,0,0.8524
87,15593,-82.23,58,0,0.8519
88,15749,-51.74,156,0,0.8504
89,15845,-77.15,96,0,0.8495
90,16188,-5.38,343,0,0.8462
91,16629,10.89,441,0,0.8420
92,16718,-78.28,89,0,0.8412
93,16940,-44.11,222,0,0.8391
94,16999,-82.75,59,0,0.8385
95,17117,-56.40,118,0,0.8374
96,17166,-83.63,49,0,0.8369
97,17337,-51.42,171,0,0.8353
98,17447,-75.30,110,0,0.8343
99,17543,-73.98,96,0,0.8333
100,17731,-48.08,188,0,0.8316
101,17806,-83.07,75,0,0.8308
102,18099,-14.92,293,0,0.8281
103,18121,-92.21,22,0,0.8279
104,18155,-90.79,34,0,0.8275
105,18782,664.45,627,1,0.8216
106,19068,-16.69,286,0,0.8189
107,19107,-90.73,39,0,0.8185
108,19170,-81.74,63,0,0.8179
109,19385,-45.22,215,0,0.8158
110,19562,-49.12,177,0,0.8142
111,19619,-82.85,57,0,0.8136
112,19971,-2.32,352,0,0.8103
113,20065,-76.36,94,0,0.8094
114,20168,-75.09,103,0,0.8084
115,20224,-82.39,56,0,0.8079
116,20553,-9.13,329,0,0.8047
117,20940,2.89,387,0,0.8011
118,21028,-77.37,88,0,0.8002
119,21119,-75.82,91,0,0.7994
120,21312,-47.25,193,0,0.7975
121,21851,653.32,539,1,0.7924
122,22378,650.85,527,1,0.7874
123,22470,-76.92,92,0,0.7865
124,22542,-83.25,72,0,0.7859
125,22604,-83.77,62,0,0.7853
126,22694,-80.81,90,0,0.7844
127,22750,-81.95,56,0,0.7839
128,22836,-74.62,86,0,0.7831
129,22866,-91.04,30,0,0.7828
130,22975,-74.44,109,0,0.7817
131,23325,-5.30,350,0,0.7784
132,23375,-82.73,50,0,0.7779
133,23563,-49.01,188,0,0.7762
134,23808,-40.73,245,0,0.7738
135,24052,-38.92,244,0,0.7715
136,24125,-74.31,73,0,0.7708
137,24208,-76.69,83,0,0.7700
138,24247,-91.32,39,0,0.7697
139,24322,-83.17,75,0,0.7689
140,24384,-83.34,62,0,0.7684
141,24542,-49.71,158,0,0.7669
142,24974,6.88,432,0,0.7627
143,25316,-4.18,342,0,0.7595
144,25394,-79.18,78,0,0.7588
145,25450,-83.18,56,0,0.7582
146,25688,-41.59,238,0,0.7560
147,25903,-43.50,215,0,0.7539
148,26324,7.75,421,0,0.7499
149,26371,-83.34,47,0,0.7495
150,26589,-43.44,218,0,0.7474
151,26683,-77.36,94,0,0.7465
152,26731,-82.78,48,0,0.7461
153,26816,-78.40,85,0,0.7452
154,26884,-78.66,68,0,0.7446
155,26969,-78.38,85,0,0.7438
156,27000,-88.72,31,0,0.7435
157,27188,-51.03,188,0,0.7417
158,27293,-75.45,105,0,0.7407
159,27350,-78.35,57,0,0.7402
160,27854,23.66,504,0,0.7354
161,27885,-91.24,31,0,0.7351
162,27987,-75.57,102,0,0.7341
163,28254,-33.89,267,0,0.7316
164,28447,-44.84,193,0,0.7298
165,28522,-82.93,75,0,0.7290
166,28999,19.24,477,0,0.7245
167,29165,-51.99,166,0,0.7229
168,29488,-24.99,323,0,0.7199
169,29564,-79.14,76,0,0.7191
170,29651,-77.57,87,0,0.7183
171,29873,-41.30,222,0,0.7162
172,29936,-83.08,63,0,0.7156
173,30369,12.57,433,0,0.7115
174,30434,-77.75,65,0,0.7109
175,30920,21.09,486,0,0.7063
176,31116,-46.22,196,0,0.7044
177,31466,-17.94,350,0,0.7011
178,31539,-78.89,73,0,0.7004
179,31945,-14.76,406,0,0.6965
180,32014,-77.42,69,0,0.6959
181,32344,-24.51,330,0,0.6927
182,32655,-25.76,311,0,0.6898
183,32687,-91.19,32,0,0.6895
184,32717,-91.24,30,0,0.6892
185,32935,-43.45,218,0,0.6871
186,32987,-84.10,52,0,0.6866
187,33400,8.29,413,0,0.6827
188,33438,-90.85,38,0,0.6823
189,33509,-78.32,71,0,0.6817
190,33654,-54.43,145,0,0.6803
191,33716,-83.56,62,0,0.6797
192,34294,41.99,578,0,0.6742
193,34366,-79.82,72,0,0.6735
194,34456,-76.12,90,0,0.6727
195,34556,-75.59,100,0,0.6717
196,34718,-52.15,162,0,0.6702
197,35010,-29.27,292,0,0.6674
198,35059,-84.84,49,0,0.6669
199,35205,-55.56,146,0,0.6656
200,35572,0.79,367,0,0.6621
201,35732,-53.45,160,0,0.6605
202,35803,-78.83,71,0,0.6599
203,36035,-37.96,232,0,0.6577
204,36397,-0.86,362,0,0.6542
205,36617,-43.43,220,0,0.6521
206,37142,28.41,525,0,0.6472
207,37525,2.24,383,0,0.6435
208,37595,-77.52,70,0,0.6428
209,37671,-82.44,76,0,0.6421
210,37753,-77.10,82,0,0.6413
211,38415,50.78,662,0,0.6351
212,38634,-40.43,219,0,0.6330
213,38660,-91.62,26,0,0.6327
214,39259,43.68,599,0,0.6270
215,39325,-83.05,66,0,0.6264
216,39390,-77.77,65,0,0.6258
217,39414,-91.77,24,0,0.6256
218,39463,-84.50,49,0,0.6251
219,39492,-91.03,29,0,0.6248
220,39565,-78.15,73,0,0.6241
221,39709,-55.97,144,0,0.6228
222,39782,-78.36,73,0,0.6221
223,40128,-1.10,346,0,0.6188
224,40183,-84.07,55,0,0.6183
225,40545,-18.63,362,0,0.6148
226,40576,-90.99,31,0,0.6145
227,41068,19.34,492,0,0.6099
228,41229,-52.16,161,0,0.6083
229,41491,-35.29,262,0,0.6058
230,41614,-58.29,123,0,0.6047
231,41664,-84.96,50,0,0.6042
232,41721,-77.23,57,0,0.6037
233,41885,-49.39,164,0,0.6021
234,41944,-77.74,59,0,0.6015
235,42078,-56.16,134,0,0.6003
236,42261,-46.57,183,0,0.5985
237,42308,-84.48,47,0,0.5981
238,42469,-51.94,161,0,0.5965
239,42527,-78.13,58,0,0.5960
240,42882,-15.79,355,0,0.5926
241,43216,-8.90,334,0,0.5894
242,43390,-49.51,174,0,0.5878
243,43547,-53.00,157,0,0.5863
244,43704,-53.71,157,0,0.5848
245,44082,2.99,378,0,0.5812
246,44265,-48.15,183,0,0.5795
247,44685,-1.20,420,0,0.5755
248,44952,-29.64,267,0,0.5730
249,45016,-79.43,64,0,0.5723
250,45082,-80.50,66,0,0.5717
251,45104,-91.81,22,0,0.5715
252,45512,7.92,408,0,0.5676
253,45872,-17.00,360,0,0.5642
254,46287,-6.12,415,0,0.5603
255,46344,-83.74,57,0,0.5597
256,46411,-78.84,67,0,0.5591
257,46452,-83.56,41,0,0.5587
258,46498,-85.22,46,0,0.5583
259,46861,-14.73,363,0,0.5548
260,46915,-79.34,54,0,0.5543
261,47090,-50.69,175,0,0.5526
262,47157,-77.25,67,0,0.5520
263,47587,13.04,430,0,0.5479
264,47668,-78.13,81,0,0.5472
265,47855,-44.13,187,0,0.5454
266,47915,-79.68,60,0,0.5448
267,47972,-82.53,57,0,0.5443
268,48293,-7.83,321,0,0.5412
269,48535,-34.66,242,0,0.5389
270,48898,-13.14,363,0,0.5355
271,48945,-83.19,47,0,0.5350
272,49015,-78.74,70,0,0.5344
273,49069,-77.06,54,0,0.5338
274,49176,-61.27,107,0,0.5328
275,49287,-58.49,111,0,0.5318
276,49442,-53.83,155,0,0.5303
277,49725,-29.95,283,0,0.5276
278,49925,-43.06,200,0,0.5257
279,49980,-78.55,55,0,0.5252
280,50027,-83.13,47,0,0.5247
281,50233,-42.95,206,0,0.5228
282,50300,-78.70,67,0,0.5222
283,50658,-16.32,358,0,0.5187
284,50683,-91.84,25,0,0.5185
285,50715,-91.00,32,0,0.5182
286,51283,39.99,568,0,0.5128
287,51338,-78.13,55,0,0.5123
288,51389,-77.46,51,0,0.5118
289,51446,-82.54,57,0,0.5113
290,51658,-43.28,212,0,0.5092
291,51811,-51.37,153,0,0.5078
292,51847,-90.45,36,0,0.5075
293,52203,-15.80,356,0,0.5041
294,52250,-84.85,47,0,0.5036
295,52278,-91.37,28,0,0.5034
296,52331,-83.60,53,0,0.5029
297,52388,-79.03,57,0,0.5023
298,52525,-57.95,137,0,0.5010
299,52586,-79.61,61,0,0.5004
300,52612,-91.99,26,0,0.5002
301,52637,-91.42,25,0,0.4999
302,52663,-91.62,26,0,0.4997
303,52689,-91.62,26,0,0.4995
304,52928,-20.73,239,0,0.4972
305,53113,-46.38,185,0,0.4954
306,53136,-91.60,23,0,0.4952
307,53330,-45.17,194,0,0.4934
308,53379,-84.23,49,0,0.4929
309,53511,-52.97,132,0,0.4916
310,54143,53.82,632,0,0.4856
311,54202,-83.55,59,0,0.4851
312,54704,26.95,502,0,0.4803
313,54755,-77.88,51,0,0.4798
314,54913,-52.95,158,0,0.4783
315,55100,-48.67,187,0,0.4766
316,55454,-14.01,354,0,0.4732
317,55478,-91.41,24,0,0.4730
318,56859,189.57,1381,0,0.4598
319,56914,-78.54,55,0,0.4593
320,57331,-4.32,417,0,0.4554
321,57397,-79.44,66,0,0.4547
322,57446,-84.56,49,0,0.4543
323,57511,-79.33,65,0,0.4536
324,57747,-37.92,236,0,0.4514
325,57803,-75.82,56,0,0.4509
326,57867,-78.81,64,0,0.4503
327,57925,-78.09,58,0,0.4497
328,58148,-40.18,223,0,0.4476
329,58286,-54.10,138,0,0.4463
330,58349,-79.32,63,0,0.4457
331,58553,-44.76,204,0,0.4437
332,58904,-15.64,351,0,0.4404
333,59092,-48.44,188,0,0.4386
334,59335,-36.20,243,0,0.4363
335,59406,-76.39,71,0,0.4356
336,59465,-80.02,59,0,0.4351
337,59531,-76.97,66,0,0.4345
338,59947,-2.79,416,0,0.4305
339,60105,-53.49,158,0,0.4290
340,60148,-78.64,43,0,0.4286
341,60339,-47.42,191,0,0.4268
342,60687,-16.56,348,0,0.4235
343,60733,-84.48,46,0,0.4230
344,60796,-79.62,63,0,0.4224
345,60949,-52.57,153,0,0.4210
346,60999,-84.23,50,0,0.4205
347,61059,-78.87,60,0,0.4199
348,61197,-52.94,138,0,0.4186
349,61260,-78.68,63,0,0.4180
350,61457,-42.13,197,0,0.4162
351,61523,-76.34,66,0,0.4155
352,61771,-33.42,248,0,0.4132
353,61924,-51.02,153,0,0.4117
354,61997,-76.33,73,0,0.4110
355,62020,-92.14,23,0,0.4108
356,62210,-48.24,190,0,0.4090
357,62266,-77.93,56,0,0.4085
358,62289,-91.96,23,0,0.4083
359,62331,-89.41,42,0,0.4079
360,62386,-79.57,55,0,0.4073
361,62716,-21.10,330,0,0.4042
362,62895,-49.26,179,0,0.4025
363,62953,-79.38,58,0,0.4019
364,63170,-42.15,217,0,0.3999
365,63353,-43.14,183,0,0.3981
366,63577,-38.56,224,0,0.3960
367,63769,-46.16,192,0,0.3942
368,63795,-91.56,26,0,0.3939
369,63840,-84.67,45,0,0.3935
370,63864,-91.61,24,0,0.3933
371,63929,-78.81,65,0,0.3927
372,64188,-32.98,259,0,0.3902
373,64249,-78.75,61,0,0.3896
374,64274,-91.61,25,0,0.3894
375,64336,-80.57,62,0,0.3888
376,64591,-33.23,255,0,0.3864
377,64817,-39.83,226,0,0.3842
378,65053,-36.30,236,0,0.3820
379,65266,-41.93,213,0,0.3800
380,65478,-43.16,212,0,0.3780
381,65689,-42.33,211,0,0.3760
382,65741,-78.62,52,0,0.3755
383,65769,-91.03,28,0,0.3752
384,65929,-49.38,160,0,0.3737
385,65978,-78.06,49,0,0.3732
386,66666,64.04,688,0,0.3667
387,66715,-77.86,49,0,0.3662
388,66771,-78.35,56,0,0.3657
389,67069,-28.36,298,0,0.3628
390,67123,-78.64,54,0,0.3623
391,68342,151.57,1219,0,0.3508
392,68894,22.31,552,0,0.3455
393,69056,-49.54,162,0,0.3440
394,69120,-79.44,64,0,0.3434
395,69331,-42.32,211,0,0.3414
396,69383,-79.29,52,0,0.3409
397,69445,-79.31,62,0,0.3403
398,69492,-84.27,47,0,0.3398
399,69532,-85.10,40,0,0.3394
400,69644,-56.15,112,0,0.3384
401,69923,-31.44,279,0,0.3357
402,69983,-80.66,60,0,0.3352
403,70050,-77.32,67,0,0.3345
404,70406,-13.14,356,0,0.3311
405,70765,-11.53,359,0,0.3277
406,70813,-85.01,48,0,0.3273
407,71718,89.36,905,0,0.3187
408,71785,-77.40,67,0,0.3180
409,72200,-2.39,415,0,0.3141
410,72263,-79.53,63,0,0.3135
411,72304,-84.75,41,0,0.3131
412,72575,-32.12,271,0,0.3105
413,72831,-34.54,256,0,0.3081
414,72886,-78.82,55,0,0.3076
415,73241,-14.12,355,0,0.3042
416,73652,-2.74,411,0,0.3003
417,73707,-79.45,55,0,0.2998
418,73728,-92.00,21,0,0.2996
419,74284,25.90,556,0,0.2943
420,74644,-14.39,360,0,0.2909
421,74703,-79.76,59,0,0.2903
422,74725,-91.80,22,0,0.2901
423,74750,-91.61,25,0,0.2899
424,75047,-29.75,297,0,0.2871
425,75104,-80.30,57,0,0.2865
426,75450,-16.44,346,0,0.2832
427,75499,-79.75,49,0,0.2828
428,77350,270.73,1851,0,0.2652
429,77812,9.08,462,0,0.2608
430,77870,-79.74,58,0,0.2602
431,78011,-54.82,141,0,0.2589
432,78386,-7.13,375,0,0.2553
433,78490,-58.93,104,0,0.2543
434,78781,-25.72,291,0,0.2516
435,78833,-78.52,52,0,0.2511
436,79185,1.13,352,0,0.2477
437,79464,-28.96,279,0,0.2451
438,80239,67.37,775,0,0.2377
439,88567,1551.85,8328,0,0.1586
440,88588,-91.80,21,0,0.1584
441,89230,56.21,642,0,0.1523
442,89703,3.32,473,0,0.1478
443,89876,-46.80,173,0,0.1462
444,89946,-64.57,70,0,0.1455
445,90005,-78.96,59,0,0.1450
446,93074,536.98,3069,0,0.1158
447,93336,-13.37,262,0,0.1133
448,93687,-13.80,351,0,0.1100
449,93845,-47.93,158,0,0.1085
450,93866,-92.00,21,0,0.1083
451,94428,31.26,562,0,0.1029
452,94769,-16.29,341,0,0.0997
453,95410,43.96,641,0,0.0936
454,95431,-92.00,21,0,0.0934
455,95852,-0.06,421,0,0.0894
456,97456,235.06,1604,0,0.0742
457,97478,-91.81,22,0,0.0740
458,97900,5.45,422,0,0.0700
459,97938,-85.71,38,0,0.0696
460,98498,32.46,560,0,0.0643
461,99066,32.28,568,0,0.0589
462,99307,-19.19,241,0,0.0566
463,99606,-27.37,299,0,0.0537
464,99965,-11.78,359,0,0.0503
465,99986,-91.80,21,0,0.0501
466,100547,33.13,561,0,0.0500
467,100995,20.05,448,0,0.0500
468,101355,-11.22,360,0,0.0500
469,101653,-28.03,298,0,0.0500
470,102018,-14.21,365,0,0.0500
471,110888,1688.98,8870,0,0.0500
472,115036,758.40,4148,0,0.0500
473,117180,353.72,2144,0,0.0500
474,117270,-59.93,90,0,0.0500
475,117407,-53.57,137,0,0.0500
476,117744,-1.38,337,0,0.0500
477,127744,1919.62,10000,0,0.0500
478,127958,-25.13,214,0,0.0500
479,127999,-85.00,41,0,0.0500
480,128052,-79.52,53,0,0.0500
481,130886,498.43,2834,0,0.0500
482,132621,274.03,1735,0,0.0500
483,132658,-85.24,37,0,0.0500
484,133483,95.75,825,0,0.0500
485,139079,1028.23,5596,0,0.0500
486,139440,-15.71,361,0,0.0500
487,140799,200.29,1359,0,0.0500
488,141100,-27.02,301,0,0.0500
489,141137,-85.24,37,0,0.0500
490,141181,-84.47,44,0,0.0500
491,141478,-28.24,297,0,0.0500
492,141499,-91.80,21,0,0.0500
493,142007,32.26,508,0,0.0500
494,142029,-91.81,22,0,0.0500
495,142333,-26.26,304,0,0.0500
496,143564,173.53,1231,0,0.0500
497,143864,-27.84,300,0,0.0500
498,143914,-78.50,50,0,0.0500
499,144011,-56.76,97,0,0.0500
500,144033,-91.81,22,0,0.0500
501,144334,-28.01,301,0,0.0500
502,147251,515.17,2917,0,0.0500
503,147354,-58.06,103,0,0.0500
504,148882,230.40,1528,0,0.0500
505,149263,5.95,381,0,0.0500
506,149385,-56.23,122,0,0.0500
507,151784,411.94,2399,0,0.0500
508,151879,-63.26,95,0,0.0500
509,151969,-60.47,90,0,0.0500
510,152062,-59.10,93,0,0.0500
511,152171,-60.56,109,0,0.0500
512,155903,660.53,3732,0,0.0500
513,158401,425.31,2498,0,0.0500
514,159089,67.45,688,0,0.0500
515,159180,-59.69,91,0,0.0500
516,159282,-60.95,102,0,0.0500
517,159320,-85.71,38,0,0.0500
518,160457,156.62,1137,0,0.0500
519,160937,24.61,480,0,0.0500
520,161398,22.60,461,0,0.0500
521,161490,-58.91,92,0,0.0500
522,161743,-18.17,253,0,0.0500
523,161988,-19.99,245,0,0.0500
524,162172,-32.19,184,0,0.0500
525,162593,14.36,421,0,0.0500
526,162689,-59.42,96,0,0.0500
527,162710,-91.80,21,0,0.0500
528,162810,-61.40,100,0,0.0500
529,163048,-22.64,238,0,0.0500
530,163915,102.78,867,0,0.0500
531,164015,-59.76,100,0,0.0500
532,164114,-61.32,99,0,0.0500
533,164323,-27.44,209,0,0.0500
534,164361,-85.71,38,0,0.0500
535,164615,-17.56,254,0,0.0500
536,164863,-14.50,248,0,0.0500
537,164947,-62.87,84,0,0.0500
538,165046,-61.18,99,0,0.0500
539,165362,-5.88,316,0,0.0500
540,165620,-16.72,258,0,0.0500
541,165641,-91.80,21,0,0.0500
542,167092,219.55,1451,0,0.0500
543,167408,-6.41,316,0,0.0500
544,167510,-60.27,102,0,0.0500
545,167601,-60.05,91,0,0.0500
546,167695,-60.54,94,0,0.0500
547,168000,-7.74,305,0,0.0500
548,168089,-60.28,89,0,0.0500
549,168191,-61.14,102,0,0.0500
550,178191,1878.56,10000,0,0.0500
551,178243,-78.72,52,0,0.0500
552,178265,-91.81,22,0,0.0500
553,178331,-76.05,66,0,0.0500
554,178380,-78.81,49,0,0.0500
555,178417,-85.24,37,0,0.0500
556,178509,-58.49,92,0,0.0500
557,178603,-56.83,94,0,0.0500
558,178693,-58.05,90,0,0.0500
559,178719,-91.21,26,0,0.0500
560,178740,-92.00,21,0,0.0500
561,178839,-59.16,99,0,0.0500
562,179217,3.75,378,0,0.0500
563,179244,-91.02,27,0,0.0500
564,179845,53.96,601,0,0.0500
565,179941,-62.85,96,0,0.0500
566,180031,-60.20,90,0,0.0500
567,180816,88.86,785,0,0.0500
568,190816,1815.50,10000,0,0.0500
569,190870,-79.72,54,0,0.0500
570,190891,-91.80,21,0,0.0500
571,190915,-91.41,24,0,0.0500
572,190936,-91.80,21,0,0.0500
573,191142,-27.59,206,0,0.0500
574,191200,-78.93,58,0,0.0500
575,191227,-91.02,27,0,0.0500
576,191248,-91.80,21,0,0.0500
577,191340,-58.06,92,0,0.0500
578,191433,-59.60,93,0,0.0500
579,191455,-91.81,22,0,0.0500
580,191476,-91.80,21,0,0.0500
581,191569,-62.39,93,0,0.0500
582,191747,-32.63,178,0,0.0500
583,191768,-92.00,21,0,0.0500
584,191867,-60.92,99,0,0.0500
585,191894,-91.22,27,0,0.0500
586,191994,-60.57,100,0,0.0500
587,192093,-59.16,99,0,0.0500
588,192147,-79.97,54,0,0.0500
589,192247,-61.81,100,0,0.0500
590,192272,-91.42,25,0,0.0500
591,192470,-20.37,198,0,0.0500
592,192691,-25.00,221,0,0.0500
593,192787,-61.17,96,0,0.0500
594,192809,-91.81,22,0,0.0500
595,202809,1905.05,10000,0,0.0500
596,202830,-91.80,21,0,0.0500
597,202929,-61.32,99,0,0.0500
598,203794,731.65,865,1,0.0500
599,203815,-91.80,21,0,0.0500
600,203991,-30.01,176,0,0.0500
601,204087,-62.09,96,0,0.0500
602,204178,-59.52,91,0,0.0500
603,206363,987.02,2185,1,0.0500
604,206384,-91.80,21,0,0.0500
605,206405,-91.80,21,0,0.0500
606,206576,-29.86,171,0,0.0500
607,206678,-60.72,102,0,0.0500
608,206860,-31.09,182,0,0.0500
609,207038,-28.98,178,0,0.0500
610,207136,-61.79,98,0,0.0500
611,207235,-60.86,99,0,0.0500
612,207694,652.13,459,1,0.0500
613,207894,-25.87,200,0,0.0500
614,207988,-60.33,94,0,0.0500
615,208184,-29.69,196,0,0.0500
616,208387,-19.58,203,0,0.0500
617,208468,-62.49,81,0,0.0500
618,208489,-91.80,21,0,0.0500
619,208510,-91.80,21,0,0.0500
620,208608,-60.97,98,0,0.0500
621,208629,-91.80,21,0,0.0500
622,208650,-92.00,21,0,0.0500
623,208749,-61.12,99,0,0.0500
624,209528,713.95,779,1,0.0500
625,209625,-61.06,97,0,0.0500
626,209705,-60.68,80,0,0.0500
627,209727,-91.81,22,0,0.0500
628,209813,-60.74,86,0,0.0500
629,209834,-91.80,21,0,0.0500
630,209858,-91.41,24,0,0.0500
631,209880,-91.81,22,0,0.0500
632,209929,-79.54,49,0,0.0500
633,209950,-91.80,21,0,0.0500
634,210048,-61.53,98,0,0.0500
635,210069,-92.00,21,0,0.0500
636,210091,-91.81,22,0,0.0500
637,210184,-60.87,93,0,0.0500
638,210205,-91.80,21,0,0.0500
639,210227,-91.81,22,0,0.0500
640,210716,653.96,489,1,0.0500
641,211364,681.11,648,1,0.0500
642,211516,-34.40,152,0,0.0500
643,211567,-79.35,51,0,0.0500
644,211588,-91.80,21,0,0.0500
645,211689,-60.26,101,0,0.0500
646,211788,-60.98,99,0,0.0500
647,211837,-78.49,49,0,0.0500
648,211937,-61.27,100,0,0.0500
649,211958,-92.00,21,0,0.0500
650,212203,608.90,245,1,0.0500
651,212224,-91.80,21,0,0.0500
652,212245,-91.80,21,0,0.0500
653,212266,-91.80,21,0,0.0500
654,212414,-34.57,148,0,0.0500
655,212500,-60.80,86,0,0.0500
656,212599,-61.40,99,0,0.0500
657,212703,-60.33,104,0,0.0500
658,212803,-61.20,100,0,0.0500
659,212824,-91.80,21,0,0.0500
660,213022,-20.15,198,0,0.0500
661,213044,-91.81,22,0,0.0500
662,213143,-60.86,99,0,0.0500
663,213164,-91.80,21,0,0.0500
664,213262,-61.80,98,0,0.0500
665,213314,-79.94,52,0,0.0500
666,213412,-61.48,98,0,0.0500
667,213513,-61.83,101,0,0.0500
668,213535,-91.81,22,0,0.0500
669,213635,-61.13,100,0,0.0500
670,213710,-62.96,75,0,0.0500
671,213990,608.44,280,1,0.0500
672,214011,-92.00,21,0,0.0500
673,214166,-32.53,155,0,0.0500
674,214311,-33.70,145,0,0.0500
675,214332,-91.80,21,0,0.0500
676,214353,-91.80,21,0,0.0500
677,214451,-62.02,98,0,0.0500
678,214552,-61.00,101,0,0.0500
679,214651,-60.29,99,0,0.0500
680,214672,-91.80,21,0,0.0500
681,214763,-54.39,91,0,0.0500
682,214866,-61.11,103,0,0.0500
683,215141,617.20,275,1,0.0500
684,215573,639.25,432,1,0.0500
685,215827,606.59,254,1,0.0500
686,216017,-33.62,190,0,0.0500
687,216076,-80.64,59,0,0.0500
688,216170,-60.55,94,0,0.0500
689,216266,-61.93,96,0,0.0500
690,216446,-32.75,180,0,0.0500
691,216791,624.28,345,1,0.0500
692,216882,-60.93,91,0,0.0500
693,216979,-60.72,97,0,0.0500
694,217000,-91.80,21,0,0.0500
695,217022,-91.81,22,0,0.0500
696,217343,619.56,321,1,0.0500
697,217364,-91.80,21,0,0.0500
698,217464,-59.98,100,0,0.0500
699,217736,610.51,272,1,0.0500
700,217833,-61.80,97,0,0.0500
701,217933,-60.99,100,0,0.0500
702,218099,-31.51,166,0,0.0500
703,218192,-57.86,93,0,0.0500
704,218273,-61.37,81,0,0.0500
705,218377,-60.27,104,0,0.0500
706,218476,-61.08,99,0,0.0500
707,218497,-92.00,21,0,0.0500
708,218534,-85.24,37,0,0.0500
709,218632,-61.48,98,0,0.0500
710,218654,-91.81,22,0,0.0500
711,218744,-59.79,90,0,0.0500
712,218765,-91.80,21,0,0.0500
713,218851,-60.36,86,0,0.0500
714,218889,-85.50,38,0,0.0500
715,218980,-61.09,91,0,0.0500
716,219001,-91.80,21,0,0.0500
717,219093,-61.72,92,0,0.0500
718,219191,-59.56,98,0,0.0500
719,219288,-61.06,97,0,0.0500
720,219383,-55.28,95,0,0.0500
721,219483,-60.34,100,0,0.0500
722,219504,-91.80,21,0,0.0500
723,219594,-61.67,90,0,0.0500
724,219643,-79.54,49,0,0.0500
725,219790,-34.18,147,0,0.0500
726,219887,-61.26,97,0,0.0500
727,220045,-30.79,158,0,0.0500
728,220141,-59.10,96,0,0.0500
729,220230,-63.65,89,0,0.0500
730,220254,-91.77,24,0,0.0500
731,220345,-62.11,91,0,0.0500
732,220366,-91.80,21,0,0.0500
733,220630,608.17,264,1,0.0500
734,220787,-30.45,157,0,0.0500
735,220870,-62.72,83,0,0.0500
736,221133,608.84,263,1,0.0500
737,221184,-78.72,51,0,0.0500
738,221460,607.49,276,1,0.0500
739,221745,609.20,285,1,0.0500
740,222014,607.28,269,1,0.0500
741,222051,-85.24,37,0,0.0500
742,222286,610.05,235,1,0.0500
743,222379,-59.54,93,0,0.0500
744,222419,-84.85,40,0,0.0500
745,222512,-59.24,93,0,0.0500
746,222595,-61.34,83,0,0.0500
747,222616,-91.80,21,0,0.0500
748,222637,-91.80,21,0,0.0500
749,222688,-78.72,51,0,0.0500
750,222739,-79.77,51,0,0.0500
751,222761,-91.81,22,0,0.0500
752,222909,-33.94,148,0,0.0500
753,223006,-61.47,97,0,0.0500
754,223043,-85.24,37,0,0.0500
755,223279,606.67,236,1,0.0500
756,223372,-61.28,93,0,0.0500
757,223632,605.25,260,1,0.0500
758,223893,607.99,261,1,0.0500
759,223931,-85.25,38,0,0.0500
760,223980,-79.33,49,0,0.0500
761,224138,-34.24,158,0,0.0500
762,224228,-61.92,90,0,0.0500
763,224517,609.13,289,1,0.0500
764,224538,-91.80,21,0,0.0500
765,224625,-60.68,87,0,0.0500
766,224722,-64.03,97,0,0.0500
767,224964,609.35,242,1,0.0500
768,225056,-61.27,92,0,0.0500
769,225155,-61.74,99,0,0.0500
770,225428,607.66,273,1,0.0500
771,225484,-79.38,56,0,0.0500
772,225533,-79.75,49,0,0.0500
773,225584,-80.38,51,0,0.0500
774,225605,-91.80,21,0,0.0500
775,225693,-60.55,88,0,0.0500
776,225730,-85.24,37,0,0.0500
777,225752,-91.81,22,0,0.0500
778,225907,-34.01,155,0,0.0500
779,226172,606.43,265,1,0.0500
780,226193,-91.80,21,0,0.0500
781,226291,-62.01,98,0,0.0500
782,226389,-61.75,98,0,0.0500
783,226410,-91.80,21,0,0.0500
784,226519,-60.38,109,0,0.0500
785,226617,-60.38,98,0,0.0500
786,226721,-61.13,104,0,0.0500
787,226810,-60.14,89,0,0.0500
788,226901,-63.57,91,0,0.0500
789,227156,607.03,255,1,0.0500
790,227177,-91.80,21,0,0.0500
791,227453,607.75,276,1,0.0500
792,227711,607.45,258,1,0.0500
793,227871,-32.37,160,0,0.0500
794,227969,-61.39,98,0,0.0500
795,228074,-60.81,105,0,0.0500
796,228123,-79.54,49,0,0.0500
797,228268,-33.18,145,0,0.0500
798,228289,-91.80,21,0,0.0500
799,228445,-34.85,156,0,0.0500
800,228548,-61.02,103,0,0.0500
801,228790,605.47,242,1,0.0500
802,228885,-61.46,95,0,0.0500
803,228982,-62.36,97,0,0.0500
804,229003,-91.80,21,0,0.0500
805,229101,-61.39,98,0,0.0500
806,229358,607.62,257,1,0.0500
807,229379,-91.80,21,0,0.0500
808,229479,-61.71,100,0,0.0500
809,229516,-85.24,37,0,0.0500
810,229541,-91.62,25,0,0.0500
811,229795,606.16,254,1,0.0500
812,229894,-61.92,99,0,0.0500
813,229983,-60.98,89,0,0.0500
814,230005,-91.81,22,0,0.0500
815,230089,-61.45,84,0,0.0500
816,230173,-61.29,84,0,0.0500
817,230210,-85.24,37,0,0.0500
818,230262,-79.94,52,0,0.0500
819,230311,-79.54,49,0,0.0500
820,230564,607.89,253,1,0.0500
821,230646,-61.39,82,0,0.0500
822,230746,-60.66,100,0,0.0500
823,230786,-84.85,40,0,0.0500
824,230870,-60.99,84,0,0.0500
825,231121,608.62,251,1,0.0500
826,231170,-79.33,49,0,0.0500
827,231268,-61.49,98,0,0.0500
828,231368,-62.12,100,0,0.0500
829,231468,-61.00,100,0,0.0500
830,231517,-79.12,49,0,0.0500
831,231776,608.13,259,1,0.0500
832,231862,-61.04,86,0,0.0500
833,231914,-78.52,52,0,0.0500
834,232017,-60.79,103,0,0.0500
835,232038,-91.80,21,0,0.0500
836,232140,-61.85,102,0,0.0500
837,232235,-60.77,95,0,0.0500
838,232333,-58.95,98,0,0.0500
839,232479,-32.44,146,0,0.0500
840,232561,-60.07,82,0,0.0500
841,232660,-61.68,99,0,0.0500
842,232841,-20.08,181,0,0.0500
843,232997,-34.85,156,0,0.0500
844,233023,-91.57,26,0,0.0500
845,233104,-60.63,81,0,0.0500
846,233202,-62.47,98,0,0.0500
847,233302,-61.09,100,0,0.0500
848,233570,609.63,268,1,0.0500
849,233668,-61.93,98,0,0.0500
850,233919,607.36,251,1,0.0500
851,234013,-59.14,94,0,0.0500
852,234281,608.94,268,1,0.0500
853,234365,-62.51,84,0,0.0500
854,234463,-61.69,98,0,0.0500
855,234772,613.86,309,1,0.0500
856,234862,-60.44,90,0,0.0500
857,234969,-56.66,107,0,0.0500
858,235052,-61.34,83,0,0.0500
859,235154,-60.53,102,0,0.0500
860,235205,-78.72,51,0,0.0500
861,235290,-61.14,85,0,0.0500
862,235339,-79.12,49,0,0.0500
863,235582,607.86,243,1,0.0500
864,235629,-78.89,47,0,0.0500
865,235726,-61.47,97,0,0.0500
866,235825,-61.08,99,0,0.0500
867,236103,611.83,278,1,0.0500
868,236156,-78.52,53,0,0.0500
869,236178,-91.81,22,0,0.0500
870,236283,-60.65,105,0,0.0500
871,236308,-91.42,25,0,0.0500
872,236358,-79.13,50,0,0.0500
873,236463,-61.04,105,0,0.0500
874,236515,-79.40,52,0,0.0500
875,236597,-61.42,82,0,0.0500
876,236646,-79.33,49,0,0.0500
877,236697,-78.72,51,0,0.0500
878,236747,-78.71,50,0,0.0500
879,236798,-79.14,51,0,0.0500
880,236835,-85.24,37,0,0.0500
881,237120,-8.90,285,0,0.0500
882,237145,-91.42,25,0,0.0500
883,237414,612.23,269,1,0.0500
884,237467,-78.32,53,0,0.0500
885,237501,-90.59,34,0,0.0500
886,237778,607.98,277,1,0.0500
887,237809,-90.64,31,0,0.0500
888,237910,-60.72,101,0,0.0500
889,238014,-60.49,104,0,0.0500
890,238105,-61.93,91,0,0.0500
891,238206,-53.96,101,0,0.0500
892,238307,-61.46,101,0,0.0500
893,238401,-60.07,94,0,0.0500
894,238460,-77.33,59,0,0.0500
895,238546,-59.74,86,0,0.0500
896,238596,-78.71,50,0,0.0500
897,238649,-79.52,53,0,0.0500
898,238756,-56.24,107,0,0.0500
899,239020,608.07,264,1,0.0500
900,239303,609.67,283,1,0.0500
901,239577,607.14,274,1,0.0500
902,239669,-61.18,92,0,0.0500
903,239772,-60.49,103,0,0.0500
904,239871,-55.41,99,0,0.0500
905,239968,-61.69,97,0,0.0500
906,240026,-77.32,58,0,0.0500
907,240125,-60.38,99,0,0.0500
908,240223,-60.38,98,0,0.0500
909,240490,613.08,267,1,0.0500
910,240539,-79.54,49,0,0.0500
911,240804,607.33,265,1,0.0500
912,240842,-85.25,38,0,0.0500
913,240893,-79.14,51,0,0.0500
914,240989,-61.47,96,0,0.0500
915,241264,609.92,275,1,0.0500
916,241362,-62.11,98,0,0.0500
917,241460,-61.06,98,0,0.0500
918,241502,-85.89,42,0,0.0500
919,241606,-63.27,104,0,0.0500
920,241655,-78.70,49,0,0.0500
921,241755,-61.29,100,0,0.0500
922,241836,-60.90,81,0,0.0500
923,242151,615.22,315,1,0.0500
924,242254,-60.94,103,0,0.0500
925,242345,-61.27,91,0,0.0500
926,242434,-61.13,89,0,0.0500
927,242456,-91.81,22,0,0.0500
928,242540,-61.02,84,0,0.0500
929,242562,-91.81,22,0,0.0500
930,242831,608.92,269,1,0.0500
931,242932,-61.40,101,0,0.0500
932,243023,-59.79,91,0,0.0500
933,243045,-91.81,22,0,0.0500
934,243102,-79.68,57,0,0.0500
935,243342,607.47,240,1,0.0500
936,243441,-61.82,99,0,0.0500
937,243759,615.51,318,1,0.0500
938,243781,-91.81,22,0,0.0500
939,243830,-79.54,49,0,0.0500
940,244036,-21.20,206,0,0.0500
941,244398,4.37,362,0,0.0500
942,244707,619.31,309,1,0.0500
943,244755,-78.48,48,0,0.0500
944,244851,-61.58,96,0,0.0500
945,244872,-91.80,21,0,0.0500
946,244973,-60.94,101,0,0.0500
947,245517,662.57,544,1,0.0500
948,245567,-79.55,50,0,0.0500
949,245857,-6.47,290,0,0.0500
950,246034,-27.71,177,0,0.0500
951,247624,877.29,1590,1,0.0500
952,247708,-59.87,84,0,0.0500
953,247729,-91.80,21,0,0.0500
954,247750,-91.80,21,0,0.0500
955,247800,-79.55,50,0,0.0500
956,247852,-80.12,52,0,0.0500
957,248189,621.52,337,1,0.0500
958,248210,-91.80,21,0,0.0500
959,248305,-61.67,95,0,0.0500
960,248592,609.60,287,1,0.0500
961,248613,-91.80,21,0,0.0500
962,248661,-79.32,48,0,0.0500
963,248958,613.50,297,1,0.0500
964,249042,-61.25,84,0,0.0500
965,249496,646.45,454,1,0.0500
966,249590,-59.50,94,0,0.0500
967,249611,-91.80,21,0,0.0500
968,249712,-60.47,101,0,0.0500
969,249752,-85.05,40,0,0.0500
970,249797,-84.62,45,0,0.0500
971,249892,-60.40,95,0,0.0500
972,249993,-61.72,101,0,0.0500
973,250046,-77.05,53,0,0.0500
974,250098,-79.92,52,0,0.0500
975,250413,622.60,315,1,0.0500
976,250435,-91.81,22,0,0.0500
977,250497,-78.57,62,0,0.0500
978,250556,-79.91,59,0,0.0500
979,250577,-91.80,21,0,0.0500
980,250630,-80.07,53,0,0.0500
981,250726,-59.93,96,0,0.0500
982,250825,-61.07,99,0,0.0500
983,251033,-17.91,208,0,0.0500
984,251070,-85.24,37,0,0.0500
985,251168,-59.64,98,0,0.0500
986,251205,-85.44,37,0,0.0500
987,251289,-61.14,84,0,0.0500
988,251384,-61.99,95,0,0.0500
989,251475,-59.80,91,0,0.0500
990,251564,-61.82,89,0,0.0500
991,251613,-79.54,49,0,0.0500
992,251768,-32.84,155,0,0.0500
993,251805,-85.24,37,0,0.0500
994,251846,-85.80,41,0,0.0500
995,251886,-85.05,40,0,0.0500
996,251908,-91.81,22,0,0.0500
997,251945,-85.24,37,0,0.0500
998,251982,-85.44,37,0,0.0500
999,252005,-91.82,23,0,0.0500
1000,252063,-79.16,58,0,0.0500
1001,252084,-91.80,21,0,0.0500
1002,252182,-61.27,98,0,0.0500
1003,252282,-59.66,100,0,0.0500
1004,252303,-91.80,21,0,0.0500
1005,252403,-61.09,100,0,0.0500
1006,252505,-60.46,102,0,0.0500
1007,252526,-91.80,21,0,0.0500
1008,252617,-60.31,91,0,0.0500
1009,252664,-79.62,47,0,0.0500
1010,252754,-60.09,90,0,0.0500
1011,253017,607.43,263,1,0.0500
1012,253038,-91.80,21,0,0.0500
1013,253137,-61.00,99,0,0.0500
1014,253237,-60.79,100,0,0.0500
1015,253258,-91.80,21,0,0.0500
1016,253521,607.84,263,1,0.0500
1017,253615,-59.19,94,0,0.0500
1018,253719,-62.12,104,0,0.0500
1019,253810,-59.95,91,0,0.0500
1020,254072,607.53,262,1,0.0500
1021,254177,-60.18,105,0,0.0500
1022,254217,-84.83,40,0,0.0500
1023,254238,-91.80,21,0,0.0500
1024,254506,609.39,268,1,0.0500
1025,254602,-61.79,96,0,0.0500
1026,254766,-31.28,164,0,0.0500
1027,254946,-32.41,180,0,0.0500
1028,254990,-85.31,44,0,0.0500
1029,255018,-91.03,28,0,0.0500
1030,255059,-84.86,41,0,0.0500
1031,255080,-91.80,21,0,0.0500
1032,255176,-59.77,96,0,0.0500
1033,255266,-61.92,90,0,0.0500
1034,255318,-79.71,52,0,0.0500
1035,255590,610.79,272,1,0.0500
1036,255630,-84.85,40,0,0.0500
1037,255727,-61.26,97,0,0.0500
1038,256008,608.97,281,1,0.0500
1039,256041,-91.50,33,0,0.0500
1040,256078,-85.24,37,0,0.0500
1041,256130,-79.57,52,0,0.0500
1042,256226,-61.78,96,0,0.0500
1043,256323,-61.90,97,0,0.0500
1044,256344,-91.80,21,0,0.0500
1045,256596,609.03,252,1,0.0500
1046,256685,-60.61,89,0,0.0500
1047,256788,-60.06,103,0,0.0500
1048,256887,-62.12,99,0,0.0500
1049,256967,-60.05,80,0,0.0500
1050,257067,-59.36,100,0,0.0500
1051,257119,-80.62,52,0,0.0500
1052,257158,-85.04,39,0,0.0500
1053,257251,-62.69,93,0,0.0500
1054,257288,-85.44,37,0,0.0500
1055,257381,-63.74,93,0,0.0500
1056,257470,-60.11,89,0,0.0500
1057,257491,-91.80,21,0,0.0500
1058,257513,-91.81,22,0,0.0500
1059,257774,606.51,261,1,0.0500
1060,257872,-61.06,98,0,0.0500
1061,257958,-61.24,86,0,0.0500
1062,258388,638.47,430,1,0.0500
1063,258410,-91.81,22,0,0.0500
1064,258432,-91.81,22,0,0.0500
1065,258761,618.20,329,1,0.0500
1066,259112,629.65,351,1,0.0500
1067,259152,-85.58,40,0,0.0500
1068,259490,621.20,338,1,0.0500
1069,259543,-79.93,53,0,0.0500
1070,259594,-78.72,51,0,0.0500
1071,259673,-60.46,79,0,0.0500
1072,259784,-59.83,111,0,0.0500
1073,259806,-91.81,22,0,0.0500
1074,259830,-91.41,24,0,0.0500
1075,259870,-84.85,40,0,0.0500
1076,259892,-91.81,22,0,0.0500
1077,259983,-61.45,91,0,0.0500
1078,260037,-77.70,54,0,0.0500
1079,260089,-77.26,52,0,0.0500
1080,260189,-64.39,100,0,0.0500
1081,260250,-81.07,61,0,0.0500
1082,260302,-80.12,52,0,0.0500
1083,260354,-80.12,52,0,0.0500
1084,260449,-61.19,95,0,0.0500
1085,260487,-85.50,38,0,0.0500
1086,260585,-61.93,98,0,0.0500
1087,260607,-92.00,22,0,0.0500
1088,261014,631.73,407,1,0.0500
1089,261065,-77.04,51,0,0.0500
1090,261119,-80.01,54,0,0.0500
1091,261220,-60.46,101,0,0.0500
1092,261592,630.13,372,1,0.0500
1093,261629,-85.24,37,0,0.0500
1094,261727,-61.07,98,0,0.0500
1095,261817,-62.40,90,0,0.0500
1096,261838,-91.80,21,0,0.0500
1097,261875,-85.44,37,0,0.0500
1098,261896,-91.80,21,0,0.0500
1099,261988,-60.96,92,0,0.0500
1100,262030,-89.07,42,0,0.0500
1101,262054,-91.61,24,0,0.0500
1102,262076,-91.81,22,0,0.0500
1103,262170,-59.49,94,0,0.0500
1104,262369,-30.67,199,0,0.0500
1105,262415,-79.09,46,0,0.0500
1106,262436,-91.80,21,0,0.0500
1107,262640,-17.39,204,0,0.0500
1108,262954,620.91,314,1,0.0500
1109,263527,670.43,573,1,0.0500
1110,263548,-92.00,21,0,0.0500
1111,263588,-85.73,40,0,0.0500
1112,263926,-1.95,338,0,0.0500
1113,263971,-86.79,45,0,0.0500
1114,264425,19.48,454,0,0.0500
1115,264462,-85.24,37,0,0.0500
1116,264948,28.60,486,0,0.0500
1117,265213,-14.80,265,0,0.0500
1118,265319,-60.62,106,0,0.0500
1119,265422,-61.25,103,0,0.0500
1120,265516,-59.35,94,0,0.0500
1121,265608,-58.89,92,0,0.0500
1122,265827,-26.65,219,0,0.0500
1123,266121,-10.91,294,0,0.0500
1124,266218,-61.38,97,0,0.0500
1125,266319,-60.52,101,0,0.0500
1126,266340,-91.80,21,0,0.0500
1127,266439,-61.50,99,0,0.0500
1128,266460,-91.80,21,0,0.0500
1129,266510,-78.92,50,0,0.0500
1130,266532,-91.81,22,0,0.0500
1131,266724,-28.59,192,0,0.0500
1132,266822,-61.51,98,0,0.0500
1133,266923,-60.79,101,0,0.0500
1134,266944,-91.80,21,0,0.0500
1135,267050,-58.72,106,0,0.0500
1136,267259,-26.37,209,0,0.0500
1137,267346,-60.96,87,0,0.0500
1138,267368,-91.81,22,0,0.0500
1139,267423,-77.92,55,0,0.0500
1140,267444,-92.00,21,0,0.0500
1141,267465,-91.80,21,0,0.0500
1142,267515,-79.97,50,0,0.0500
1143,268090,678.60,575,1,0.0500
1144,268187,-61.59,97,0,0.0500
1145,268237,-79.55,50,0,0.0500
1146,268259,-91.95,22,0,0.0500
1147,268734,650.50,475,1,0.0500
1148,268828,-61.50,94,0,0.0500
1149,268865,-85.24,37,0,0.0500
1150,268961,-62.34,96,0,0.0500
1151,269058,-62.02,97,0,0.0500
1152,269096,-85.71,38,0,0.0500
1153,269194,-61.72,98,0,0.0500
1154,269293,-62.04,99,0,0.0500
1155,269359,-79.91,66,0,0.0500
1156,269448,-61.13,89,0,0.0500
1157,269469,-91.80,21,0,0.0500
1158,269576,-54.14,107,0,0.0500
1159,269660,-61.56,84,0,0.0500
1160,269714,-80.38,54,0,0.0500
1161,269806,-61.88,92,0,0.0500
1162,269827,-91.80,21,0,0.0500
1163,269909,-60.27,82,0,0.0500
1164,270546,683.03,637,1,0.0500
1165,271551,757.00,1005,1,0.0500
1166,271644,-61.11,93,0,0.0500
1167,271703,-84.59,59,0,0.0500
1168,271802,-59.75,99,0,0.0500
1169,271856,-80.80,54,0,0.0500
1170,271917,-80.66,61,0,0.0500
1171,271967,-84.09,50,0,0.0500
1172,272057,-62.37,90,0,0.0500
1173,272146,-60.25,89,0,0.0500
1174,272167,-92.00,21,0,0.0500
1175,272255,-62.01,88,0,0.0500
1176,272356,-61.30,101,0,0.0500
1177,272377,-91.80,21,0,0.0500
1178,272445,-62.56,68,0,0.0500
1179,272542,-61.74,97,0,0.0500
1180,272648,-61.83,106,0,0.0500
1181,272889,-18.69,241,0,0.0500
1182,272989,-61.47,100,0,0.0500
1183,273167,-32.13,178,0,0.0500
1184,273254,-59.69,87,0,0.0500
1185,273352,-63.23,98,0,0.0500
1186,273408,-80.30,56,0,0.0500
1187,273505,-60.79,97,0,0.0500
1188,273681,-31.95,176,0,0.0500
1189,273782,-62.27,101,0,0.0500
1190,273961,-32.56,179,0,0.0500
1191,274201,-17.35,240,0,0.0500
1192,274394,-29.63,193,0,0.0500
1193,274493,-61.06,99,0,0.0500
1194,274593,-55.84,100,0,0.0500
1195,274644,-78.82,51,0,0.0500
1196,274897,-15.35,253,0,0.0500
1197,274968,-78.67,71,0,0.0500
1198,274991,-91.60,23,0,0.0500
1199,275606,683.54,615,1,0.0500
1200,275698,-60.01,92,0,0.0500
1201,275769,-62.59,71,0,0.0500
1202,275791,-91.81,22,0,0.0500
1203,275885,-61.50,94,0,0.0500
1204,277096,797.58,1211,1,0.0500
1205,277144,-78.69,48,0,0.0500
1206,277246,-61.73,102,0,0.0500
1207,277343,-61.59,97,0,0.0500
1208,277443,-61.21,100,0,0.0500
1209,277540,-63.70,97,0,0.0500
1210,277635,-60.07,95,0,0.0500
1211,278756,779.71,1121,1,0.0500
1212,278800,-86.65,44,0,0.0500
1213,279331,662.48,531,1,0.0500
1214,279431,-61.09,100,0,0.0500
1215,280068,682.47,637,1,0.0500
1216,280157,-60.55,89,0,0.0500
1217,280249,-60.57,92,0,0.0500
1218,280306,-80.81,57,0,0.0500
1219,280989,685.58,683,1,0.0500
1220,281084,-59.06,95,0,0.0500
1221,281138,-79.78,54,0,0.0500
1222,281234,-61.20,96,0,0.0500
1223,281544,614.25,310,1,0.0500
1224,281627,-59.66,83,0,0.0500
1225,281721,-60.34,94,0,0.0500
1226,282134,633.87,413,1,0.0500
1227,282204,-78.54,70,0,0.0500
1228,282305,-61.12,101,0,0.0500
1229,282599,610.95,294,1,0.0500
1230,282698,-61.70,99,0,0.0500
1231,282753,-79.72,55,0,0.0500
1232,282867,-58.15,114,0,0.0500
1233,283017,-33.22,150,0,0.0500
1234,283105,-61.33,88,0,0.0500
1235,283185,-60.26,80,0,0.0500
1236,283277,-60.70,92,0,0.0500
1237,283369,-78.63,92,0,0.0500
1238,283531,-32.91,162,0,0.0500
1239,283584,-84.23,53,0,0.0500
1240,283677,-60.12,93,0,0.0500
1241,283763,-62.33,86,0,0.0500
1242,283819,-79.98,56,0,0.0500
1243,283900,-60.48,81,0,0.0500
1244,283993,-60.31,93,0,0.0500
1245,284048,-77.07,55,0,0.0500
1246,284107,-79.14,59,0,0.0500
1247,284199,-61.04,92,0,0.0500
1248,284287,-60.63,88,0,0.0500
1249,284331,-89.48,44,0,0.0500
1250,284429,-62.87,98,0,0.0500
1251,284474,-83.82,45,0,0.0500
1252,284515,-85.74,41,0,0.0500
1253,284544,-91.23,29,0,0.0500
1254,284609,-78.55,65,0,0.0500
1255,284958,623.71,349,1,0.0500
1256,285155,-29.69,197,0,0.0500
1257,285353,-29.19,198,0,0.0500
1258,285533,-32.76,180,0,0.0500
1259,285605,-77.41,72,0,0.0500
1260,285701,-59.83,96,0,0.0500
1261,285727,-91.42,26,0,0.0500
1262,285826,-63.72,99,0,0.0500
1263,286058,-24.20,232,0,0.0500
1264,286365,615.95,307,1,0.0500
1265,286551,-33.58,186,0,0.0500
1266,286646,-60.15,95,0,0.0500
1267,286793,-51.58,147,0,0.0500
1268,286869,-78.08,76,0,0.0500
1269,287211,623.23,342,1,0.0500
1270,287386,-31.46,175,0,0.0500
1271,287416,-90.83,30,0,0.0500
1272,287608,-28.22,192,0,0.0500
1273,287672,-80.85,64,0,0.0500
1274,287710,-89.70,38,0,0.0500
1275,287735,-91.42,25,0,0.0500
1276,287920,-27.04,185,0,0.0500
1277,287952,-90.84,32,0,0.0500
1278,288048,-62.38,96,0,0.0500
1279,288094,-84.86,46,0,0.0500
1280,288191,-59.30,97,0,0.0500
1281,288526,618.38,335,1,0.0500
1282,288777,608.20,251,1,0.0500
1283,288870,-59.54,93,0,0.0500
1284,289166,-9.15,296,0,0.0500
1285,289214,-88.49,48,0,0.0500
1286,289412,-30.24,198,0,0.0500
1287,289470,-82.92,58,0,0.0500
1288,289755,-15.37,285,0,0.0500
1289,289799,-85.61,44,0,0.0500
1290,289929,-58.05,130,0,0.0500
1291,290237,613.85,308,1,0.0500
1292,290357,-58.97,120,0,0.0500
1293,290645,612.76,288,1,0.0500
1294,290711,-82.40,66,0,0.0500
1295,291035,618.55,324,1,0.0500
1296,291240,-19.48,205,0,0.0500
1297,291442,-20.41,202,0,0.0500
1298,291796,624.40,354,1,0.0500
1299,292034,-23.73,238,0,0.0500
1300,292359,620.79,325,1,0.0500
1301,292390,-91.04,31,0,0.0500
1302,292723,614.02,333,1,0.0500
1303,292984,-16.58,261,0,0.0500
1304,293145,-54.67,161,0,0.0500
1305,293195,-84.50,50,0,0.0500
1306,293233,-90.06,38,0,0.0500
1307,293540,611.84,307,1,0.0500
1308,293648,-56.05,108,0,0.0500
1309,293705,-83.11,57,0,0.0500
1310,293911,-26.83,206,0,0.0500
1311,293955,-85.12,44,0,0.0500
1312,293986,-90.64,31,0,0.0500
1313,294046,-83.61,60,0,0.0500
1314,294196,-53.73,150,0,0.0500
1315,294240,-85.12,44,0,0.0500
1316,294298,-78.44,58,0,0.0500
1317,294693,628.85,395,1,0.0500
1318,295043,626.33,350,1,0.0500
1319,295111,-80.05,68,0,0.0500
1320,295433,-2.28,322,0,0.0500
1321,295477,-84.66,44,0,0.0500
1322,295506,-91.23,29,0,0.0500
1323,295563,-83.65,57,0,0.0500
1324,295633,-78.57,70,0,0.0500
1325,295878,-20.00,245,0,0.0500
1326,295922,-84.92,44,0,0.0500
1327,296137,-27.19,215,0,0.0500
1328,296180,-84.77,43,0,0.0500
1329,296430,-14.78,250,0,0.0500
1330,296474,-85.02,44,0,0.0500
1331,296523,-82.38,49,0,0.0500
1332,296558,-90.25,35,0,0.0500
1333,296587,-91.03,29,0,0.0500
1334,296911,-8.23,324,0,0.0500
1335,296943,-90.84,32,0,0.0500
1336,297000,-77.94,57,0,0.0500
1337,297055,-77.60,55,0,0.0500
1338,297477,634.21,422,1,0.0500
1339,297521,-85.12,44,0,0.0500
1340,297700,-45.10,179,0,0.0500
1341,298108,636.77,408,1,0.0500
1342,298152,-84.93,44,0,0.0500
1343,298177,-91.42,25,0,0.0500
1344,298193,-90.67,16,0,0.0500
1345,298218,-91.42,25,0,0.0500
1346,298398,-45.95,180,0,0.0500
1347,298423,-91.42,25,0,0.0500
1348,298569,-51.92,146,0,0.0500
1349,298600,-90.64,31,0,0.0500
1350,298633,-90.44,33,0,0.0500
1351,298664,-90.64,31,0,0.0500
1352,298694,-90.83,30,0,0.0500
1353,298725,-90.64,31,0,0.0500
1354,298750,-91.42,25,0,0.0500
1355,298827,-81.60,77,0,0.0500
1356,298878,-83.89,51,0,0.0500
1357,298904,-91.62,26,0,0.0500
1358,298958,-86.11,54,0,0.0500
1359,298999,-89.47,41,0,0.0500
1360,299085,-75.79,86,0,0.0500
1361,299133,-77.64,48,0,0.0500
1362,299177,-89.28,44,0,0.0500
1363,299208,-90.64,31,0,0.0500
1364,299252,-85.27,44,0,0.0500
1365,299301,-83.96,49,0,0.0500
1366,299344,-84.70,43,0,0.0500
1367,299395,-88.10,51,0,0.0500
1368,299426,-90.64,31,0,0.0500
1369,299509,-76.26,83,0,0.0500
1370,299540,-90.64,31,0,0.0500
1371,299568,-91.03,28,0,0.0500
1372,299667,-78.19,99,0,0.0500
1373,299706,-89.66,39,0,0.0500
1374,299738,-90.64,32,0,0.0500
1375,299788,-83.89,50,0,0.0500
1376,299840,-83.49,52,0,0.0500
1377,300136,-7.48,296,0,0.0500
1378,300340,-28.19,204,0,0.0500
1379,300370,-90.83,30,0,0.0500
1380,300395,-91.42,25,0,0.0500
1381,300438,-84.70,43,0,0.0500
1382,300627,-45.92,189,0,0.0500
1383,301040,638.60,413,1,0.0500
1384,301155,-57.48,115,0,0.0500
1385,301530,626.31,375,1,0.0500
1386,301582,-84.35,52,0,0.0500
1387,301632,-78.39,50,0,0.0500
1388,301910,614.64,278,1,0.0500
1389,302065,-67.47,155,0,0.0500
1390,302246,-48.58,181,0,0.0500
1391,302393,-56.82,147,0,0.0500
1392,302431,-90.39,38,0,0.0500
1393,302479,-84.73,48,0,0.0500
1394,303042,661.32,563,1,0.0500
1395,303205,-45.75,163,0,0.0500
1396,303385,-48.67,180,0,0.0500
1397,303428,-83.44,43,0,0.0500
1398,303532,-60.60,104,0,0.0500
1399,303554,-91.81,22,0,0.0500
1400,303576,-91.81,22,0,0.0500
1401,303993,632.73,417,1,0.0500
1402,304174,-47.31,181,0,0.0500
1403,304219,-85.13,45,0,0.0500
1404,304362,-53.34,143,0,0.0500
1405,304415,-78.42,53,0,0.0500
1406,304596,-49.83,181,0,0.0500
1407,304703,-58.14,107,0,0.0500
1408,304854,-55.92,151,0,0.0500
1409,304905,-84.15,51,0,0.0500
1410,305089,-52.12,184,0,0.0500
1411,305132,-78.64,43,0,0.0500
1412,305288,-59.73,156,0,0.0500
1413,305529,-32.46,241,0,0.0500
1414,305772,-28.97,243,0,0.0500
1415,305819,-85.76,47,0,0.0500
1416,305875,-79.61,56,0,0.0500
1417,306055,-53.53,180,0,0.0500
1418,306565,651.92,510,1,0.0500
1419,306671,-74.40,106,0,0.0500
1420,307034,-0.37,363,0,0.0500
1421,307213,-48.07,179,0,0.0500
1422,307270,-78.99,57,0,0.0500
1423,307327,-77.94,57,0,0.0500
1424,307379,-78.73,52,0,0.0500
1425,307695,-18.64,316,0,0.0500
1426,308036,622.43,341,1,0.0500
1427,308410,621.79,374,1,0.0500
1428,308589,-49.36,179,0,0.0500
1429,308645,-78.55,56,0,0.0500
1430,308841,-48.33,196,0,0.0500
1431,309006,-59.16,165,0,0.0500
1432,309154,-57.18,148,0,0.0500
1433,309468,617.65,314,1,0.0500
1434,309653,-58.18,185,0,0.0500
1435,309718,-78.65,65,0,0.0500
1436,309878,-62.65,160,0,0.0500
1437,310058,-53.23,180,0,0.0500
1438,310175,-59.18,117,0,0.0500
1439,310225,-84.66,50,0,0.0500
1440,310405,-55.80,180,0,0.0500
1441,310586,-59.17,181,0,0.0500
1442,310822,-25.37,236,0,0.0500
1443,310871,-79.54,49,0,0.0500
1444,311015,-57.73,144,0,0.0500
1445,311256,-21.59,241,0,0.0500
1446,311454,-55.84,198,0,0.0500
1447,311806,612.67,352,1,0.0500
1448,312050,-26.46,244,0,0.0500
1449,312368,-36.90,318,0,0.0500
1450,312689,616.64,321,1,0.0500
1451,313005,-51.72,316,0,0.0500
1452,313486,627.77,481,1,0.0500
1453,313648,-55.78,162,0,0.0500
1454,313720,-78.92,72,0,0.0500
1455,314030,-24.82,310,0,0.0500
1456,314532,640.50,502,1,0.0500
1457,314787,-39.18,255,0,0.0500
1458,314989,-61.79,202,0,0.0500
1459,315045,-84.25,56,0,0.0500
1460,315249,-51.04,204,0,0.0500
1461,315542,-25.18,293,0,0.0500
1462,315820,-19.79,278,0,0.0500
1463,316004,-50.61,184,0,0.0500
1464,316598,646.95,594,1,0.0500
1465,316914,619.90,316,1,0.0500
1466,317124,-45.16,210,0,0.0500
1467,317421,-36.77,297,0,0.0500
1468,317445,-91.61,24,0,0.0500
1469,317479,-90.71,34,0,0.0500
1470,317994,642.52,515,1,0.0500
1471,318311,618.56,317,1,0.0500
1472,318733,613.87,422,1,0.0500
1473,318771,-89.86,38,0,0.0500
1474,319035,-28.96,264,0,0.0500
1475,319297,-20.22,262,0,0.0500
1476,319637,619.70,340,1,0.0500
1477,319976,621.57,339,1,0.0500
1478,320156,-51.58,180,0,0.0500
1479,320510,618.51,354,1,0.0500
1480,320859,619.00,349,1,0.0500
1481,321109,-20.06,250,0,0.0500
1482,321458,615.86,349,1,0.0500
1483,321639,-41.86,181,0,0.0500
1484,321973,623.75,334,1,0.0500
1485,322152,-47.70,179,0,0.0500
1486,322333,-43.87,181,0,0.0500
1487,322518,-48.93,185,0,0.0500
1488,322767,-21.76,249,0,0.0500
1489,323093,620.14,326,1,0.0500
1490,323276,-45.98,183,0,0.0500
1491,323527,-22.35,251,0,0.0500
1492,323775,-21.42,248,0,0.0500
1493,323957,-49.47,182,0,0.0500
1494,324283,623.95,326,1,0.0500
1495,324631,620.79,348,1,0.0500
1496,324954,621.05,323,1,0.0500
1497,324976,-91.81,22,0,0.0500
1498,325160,-41.69,184,0,0.0500
1499,325476,621.41,316,1,0.0500
1500,325725,-15.81,249,0,0.0500
1501,325986,-15.11,261,0,0.0500
1502,326175,-48.03,189,0,0.0500
1503,326362,-46.55,187,0,0.0500
1504,326540,-49.17,178,0,0.0500
1505,326726,-46.43,186,0,0.0500
1506,327011,-10.46,285,0,0.0500
1507,327196,-50.09,185,0,0.0500
1508,327381,-49.56,185,0,0.0500
1509,327566,-46.42,185,0,0.0500
1510,327851,-8.62,285,0,0.0500
1511,328030,-51.19,179,0,0.0500
1512,328399,630.54,369,1,0.0500
1513,328732,622.61,333,1,0.0500
1514,328917,-42.18,185,0,0.0500
1515,329100,-48.43,183,0,0.0500
1516,329284,-47.16,184,0,0.0500
1517,329645,620.61,361,1,0.0500
1518,329757,-64.69,112,0,0.0500
1519,329938,-44.31,181,0,0.0500
1520,329995,-78.36,57,0,0.0500
1521,330175,-47.48,180,0,0.0500
1522,330360,-44.73,185,0,0.0500
1523,330546,-45.17,186,0,0.0500
1524,330728,-46.91,182,0,0.0500
1525,330913,-44.64,185,0,0.0500
1526,331097,-46.80,184,0,0.0500
1527,331439,622.45,342,1,0.0500
1528,331624,-46.43,185,0,0.0500
1529,331774,-56.10,150,0,0.0500
1530,332062,-13.79,288,0,0.0500
1531,332241,-53.58,179,0,0.0500
1532,332452,-43.03,211,0,0.0500
1533,332834,624.97,382,1,0.0500
1534,332884,-79.13,50,0,0.0500
1535,333074,-45.09,190,0,0.0500
1536,333264,-43.23,190,0,0.0500
1537,333301,-89.86,37,0,0.0500
1538,333658,624.88,357,1,0.0500
1539,333841,-46.69,183,0,0.0500
1540,334204,626.66,363,1,0.0500
1541,334524,621.96,320,1,0.0500
1542,334890,622.81,366,1,0.0500
1543,335212,623.45,322,1,0.0500
1544,335665,645.68,453,1,0.0500
1545,335930,-31.69,265,0,0.0500
1546,336217,-14.27,287,0,0.0500
1547,336582,625.06,365,1,0.0500
1548,336634,-83.97,52,0,0.0500
1549,336814,-45.51,180,0,0.0500
1550,337171,622.78,357,1,0.0500
1551,337225,-78.95,54,0,0.0500
1552,337569,624.28,344,1,0.0500
1553,337747,-48.13,178,0,0.0500
1554,338084,622.10,337,1,0.0500
1555,338476,625.76,392,1,0.0500
1556,338858,632.32,382,1,0.0500
1557,339190,623.57,332,1,0.0500
1558,339540,620.95,350,1,0.0500
1559,339908,7.92,368,0,0.0500
1560,340281,635.22,373,1,0.0500
1561,340336,-79.91,55,0,0.0500
1562,340751,12.21,415,0,0.0500
1563,341086,622.37,335,1,0.0500
1564,341660,666.83,574,1,0.0500
1565,342077,-0.21,417,0,0.0500
1566,342493,642.36,416,1,0.0500
1567,342918,19.81,425,0,0.0500
1568,343229,-6.35,311,0,0.0500
1569,343514,-6.38,285,0,0.0500
1570,343901,637.11,387,1,0.0500
1571,344221,-26.19,320,0,0.0500
1572,344577,-14.91,356,0,0.0500
1573,344931,-13.07,354,0,0.0500
1574,345253,-6.67,322,0,0.0500
1575,345640,631.57,387,1,0.0500
1576,346046,635.11,406,1,0.0500
1577,346397,-10.15,351,0,0.0500
1578,346747,-14.16,350,0,0.0500
1579,347201,643.18,454,1,0.0500
1580,347353,-52.69,152,0,0.0500
1581,347643,-10.77,290,0,0.0500
1582,347671,-91.03,28,0,0.0500
1583,347849,-42.87,178,0,0.0500
1584,348269,636.92,420,1,0.0500
1585,348622,-12.62,353,0,0.0500
1586,349187,44.92,565,0,0.0500
1587,349231,-84.89,44,0,0.0500
1588,349642,634.12,411,1,0.0500
1589,350153,654.82,511,1,0.0500
1590,350510,623.11,357,1,0.0500
1591,350902,632.82,392,1,0.0500
1592,351220,627.06,318,1,0.0500
1593,351578,627.72,358,1,0.0500
1594,351931,621.76,353,1,0.0500
1595,352194,-13.18,263,0,0.0500
1596,352547,627.29,353,1,0.0500
1597,352796,-19.69,249,0,0.0500
1598,353044,-19.75,248,0,0.0500
1599,353295,-13.22,251,0,0.0500
1600,353427,-52.27,132,0,0.0500
1601,353678,-15.89,251,0,0.0500
1602,354020,622.15,342,1,0.0500
1603,354310,609.15,290,1,0.0500
1604,354660,621.28,350,1,0.0500
1605,354999,624.43,339,1,0.0500
1606,355342,625.24,343,1,0.0500
1607,355667,619.86,325,1,0.0500
1608,355988,623.89,321,1,0.0500
1609,356127,-54.20,139,0,0.0500
1610,356419,609.57,292,1,0.0500
1611,356683,-10.04,264,0,0.0500
1612,357042,627.56,359,1,0.0500
1613,357334,614.79,292,1,0.0500
1614,357614,612.31,280,1,0.0500
1615,357935,623.27,321,1,0.0500
1616,358136,-29.10,201,0,0.0500
1617,358328,-30.36,192,0,0.0500
1618,358522,-29.77,194,0,0.0500
1619,358812,612.22,290,1,0.0500
1620,359105,609.98,293,1,0.0500
1621,359382,610.46,277,1,0.0500
1622,359496,-61.11,114,0,0.0500
1623,359786,610.12,290,1,0.0500
1624,360067,616.72,281,1,0.0500
1625,360408,621.91,341,1,0.0500
1626,360751,620.82,343,1,0.0500
1627,361094,622.39,343,1,0.0500
1628,361385,614.94,291,1,0.0500
1629,361576,-30.26,191,0,0.0500
1630,361769,-29.86,193,0,0.0500
1631,361972,-27.22,203,0,0.0500
1632,362308,621.42,336,1,0.0500
1633,362570,-15.76,262,0,0.0500
1634,362914,627.32,344,1,0.0500
1635,363115,-24.06,201,0,0.0500
1636,363170,-79.50,55,0,0.0500
1637,363451,609.57,281,1,0.0500
1638,363724,612.60,273,1,0.0500
1639,364063,621.17,339,1,0.0500
1640,364268,-19.50,205,0,0.0500
1641,364384,-59.98,116,0,0.0500
1642,364670,608.91,286,1,0.0500
1643,364843,-30.95,173,0,0.0500
1644,364933,-60.69,90,0,0.0500
1645,365131,-25.71,198,0,0.0500
1646,365336,-27.46,205,0,0.0500
1647,365626,610.30,290,1,0.0500
1648,365925,609.26,299,1,0.0500
1649,366117,-27.63,192,0,0.0500
1650,366465,621.99,348,1,0.0500
1651,366728,607.87,263,1,0.0500
1652,367067,618.86,339,1,0.0500
1653,367341,608.69,274,1,0.0500
1654,367425,-63.03,84,0,0.0500
1655,367690,608.79,265,1,0.0500
1656,368041,620.10,351,1,0.0500
1657,368366,617.59,325,1,0.0500
1658,368426,-79.40,60,0,0.0500
1659,368516,-62.37,90,0,0.0500
1660,368720,-20.21,204,0,0.0500
1661,368963,-20.28,243,0,0.0500
1662,369150,-31.60,187,0,0.0500
1663,369439,612.65,289,1,0.0500
1664,369716,610.67,277,1,0.0500
1665,369895,-28.04,179,0,0.0500
1666,370145,-15.73,250,0,0.0500
1667,370227,-62.73,82,0,0.0500
1668,370409,-31.97,182,0,0.0500
1669,370656,-21.58,247,0,0.0500
1670,370823,-30.77,167,0,0.0500
1671,371016,-29.44,193,0,0.0500
1672,371232,-20.97,216,0,0.0500
1673,371736,28.15,504,0,0.0500
1674,372023,610.34,287,1,0.0500
1675,372211,-31.65,188,0,0.0500
1676,372499,607.82,288,1,0.0500
1677,372797,611.61,298,1,0.0500
1678,373011,-19.32,214,0,0.0500
1679,373116,-61.22,105,0,0.0500
1680,373314,-26.55,198,0,0.0500
1681,373418,-63.10,104,0,0.0500
1682,373524,-62.07,106,0,0.0500
1683,373802,608.65,278,1,0.0500
1684,373903,-62.72,101,0,0.0500
1685,374104,-19.18,201,0,0.0500
1686,374384,609.78,280,1,0.0500
1687,374562,-32.23,178,0,0.0500
1688,374665,-59.91,103,0,0.0500
1689,374864,-20.78,199,0,0.0500
1690,375105,607.25,241,1,0.0500
1691,375425,614.23,320,1,0.0500
1692,375571,-32.24,146,0,0.0500
1693,375676,-62.71,105,0,0.0500
1694,375786,-55.01,110,0,0.0500
1695,376081,611.77,295,1,0.0500
1696,376286,-21.30,205,0,0.0500
1697,376568,609.59,282,1,0.0500
1698,376777,-22.37,209,0,0.0500
1699,377061,608.17,284,1,0.0500
1700,377223,-32.92,162,0,0.0500
1701,377330,-62.33,107,0,0.0500
1702,377509,-19.96,179,0,0.0500
1703,377614,-60.74,105,0,0.0500
1704,377635,-92.00,21,0,0.0500
1705,377793,-32.46,158,0,0.0500
1706,377994,-22.13,201,0,0.0500
1707,378153,-32.04,159,0,0.0500
1708,378420,611.79,267,1,0.0500
1709,378525,-61.34,105,0,0.0500
1710,378806,608.12,281,1,0.0500
1711,378882,-63.99,76,0,0.0500
1712,379150,607.69,268,1,0.0500
1713,379235,-62.83,85,0,0.0500
1714,379344,-61.17,109,0,0.0500
1715,379450,-61.71,106,0,0.0500
1716,379720,609.37,270,1,0.0500
1717,379824,-60.71,104,0,0.0500
1718,379845,-92.00,21,0,0.0500
1719,379908,-79.43,63,0,0.0500
1720,380115,-21.30,207,0,0.0500
1721,380222,-60.94,107,0,0.0500
1722,380329,-61.15,107,0,0.0500
1723,380406,-64.21,77,0,0.0500
1724,380580,-29.47,174,0,0.0500
1725,380840,608.62,260,1,0.0500
1726,380945,-61.78,105,0,0.0500
1727,381226,608.42,281,1,0.0500
1728,381402,-30.11,176,0,0.0500
1729,381678,609.94,276,1,0.0500
1730,381965,608.05,287,1,0.0500
1731,382146,-31.41,181,0,0.0500
1732,382250,-61.37,104,0,0.0500
1733,382356,-61.88,106,0,0.0500
1734,382463,-60.93,107,0,0.0500
1735,382741,607.70,278,1,0.0500
1736,383015,608.49,274,1,0.0500
1737,383121,-61.59,106,0,0.0500
1738,383312,-17.89,191,0,0.0500
1739,383585,612.08,273,1,0.0500
1740,383740,-31.33,155,0,0.0500
1741,383845,-62.60,105,0,0.0500
1742,383950,-61.69,105,0,0.0500
1743,384005,-80.05,55,0,0.0500
1744,384114,-61.43,109,0,0.0500
1745,384221,-61.39,107,0,0.0500
1746,384493,609.68,272,1,0.0500
1747,384600,-62.09,107,0,0.0500
1748,384887,609.40,287,1,0.0500
1749,385160,608.41,273,1,0.0500
1750,385336,-30.21,176,0,0.0500
1751,385612,607.71,276,1,0.0500
1752,385790,-28.04,178,0,0.0500
1753,385942,-32.51,152,0,0.0500
1754,386119,-32.24,177,0,0.0500
1755,386272,-32.22,153,0,0.0500
1756,386443,-31.22,171,0,0.0500
1757,386649,-21.28,206,0,0.0500
1758,386834,-19.91,185,0,0.0500
1759,386942,-61.37,108,0,0.0500
1760,387049,-61.99,107,0,0.0500
1761,387223,-29.15,174,0,0.0500
1762,387514,609.79,291,1,0.0500
1763,387621,-61.15,107,0,0.0500
1764,387727,-61.77,106,0,0.0500
1765,387836,-61.58,109,0,0.0500
1766,387932,-64.39,96,0,0.0500
1767,388023,-64.09,91,0,0.0500
1768,388200,-28.03,177,0,0.0500
1769,388494,610.81,294,1,0.0500
1770,388686,-26.72,192,0,0.0500
1771,388792,-62.18,106,0,0.0500
1772,388867,-63.56,75,0,0.0500
1773,388942,-64.08,75,0,0.0500
1774,389203,611.32,261,1,0.0500
1775,389313,-61.65,110,0,0.0500
1776,389492,-32.23,179,0,0.0500
1777,389772,608.40,280,1,0.0500
1778,389879,-61.51,107,0,0.0500
1779,390155,607.31,276,1,0.0500
1780,390250,-64.01,95,0,0.0500
1781,390330,-63.29,80,0,0.0500
1782,390427,-64.31,97,0,0.0500
1783,390451,-91.41,24,0,0.0500
1784,390714,609.23,263,1,0.0500
1785,390980,607.84,266,1,0.0500
1786,391079,-64.01,99,0,0.0500
1787,391249,-35.51,170,0,0.0500
1788,391452,-21.72,203,0,0.0500
1789,391724,609.25,272,1,0.0500
1790,391830,-61.77,106,0,0.0500
1791,392006,-32.01,176,0,0.0500
1792,392030,-91.61,24,0,0.0500
1793,392144,-55.05,114,0,0.0500
1794,392248,-61.39,104,0,0.0500
1795,392406,-32.03,158,0,0.0500
1796,392677,607.68,271,1,0.0500
1797,392766,-58.14,89,0,0.0500
1798,392848,-59.44,82,0,0.0500
1799,392870,-91.80,22,0,0.0500
1800,393022,-32.53,152,0,0.0500
1801,393118,-63.68,96,0,0.0500
1802,393400,608.61,282,1,0.0500
1803,393490,-59.52,90,0,0.0500
1804,393665,-34.00,175,0,0.0500
1805,393865,-22.10,200,0,0.0500
1806,393965,-62.97,100,0,0.0500
1807,394151,-21.30,186,0,0.0500
1808,394258,-61.70,107,0,0.0500
1809,394432,-34.24,174,0,0.0500
1810,394706,609.01,274,1,0.0500
1811,394966,608.42,260,1,0.0500
1812,395124,-33.24,158,0,0.0500
1813,395231,-61.28,107,0,0.0500
1814,395342,-61.53,111,0,0.0500
1815,395587,609.53,245,1,0.0500
1816,395740,-32.84,153,0,0.0500
1817,395779,-85.50,39,0,0.0500
1818,396049,608.95,270,1,0.0500
1819,396236,-20.68,187,0,0.0500
1820,396332,-63.99,96,0,0.0500
1821,396616,608.82,284,1,0.0500
1822,396718,-61.73,102,0,0.0500
1823,396822,-61.86,104,0,0.0500
1824,396934,-61.21,112,0,0.0500
1825,397039,-61.68,105,0,0.0500
1826,397117,-60.55,78,0,0.0500
1827,397159,-83.36,42,0,0.0500
1828,397435,616.66,276,1,0.0500
1829,397518,-63.64,83,0,0.0500
1830,397841,619.76,323,1,0.0500
1831,397934,-64.68,93,0,0.0500
1832,397998,-79.22,64,0,0.0500
1833,398088,-58.15,90,0,0.0500
1834,398185,-61.21,97,0,0.0500
1835,398294,-61.21,109,0,0.0500
1836,398345,-79.14,51,0,0.0500
1837,398601,607.41,256,1,0.0500
1838,398655,-79.71,54,0,0.0500
1839,398742,-62.70,87,0,0.0500
1840,398833,-60.94,91,0,0.0500
1841,398885,-80.12,52,0,0.0500
1842,399055,-34.99,170,0,0.0500
1843,399165,-61.50,110,0,0.0500
1844,399273,-61.90,108,0,0.0500
1845,399372,-62.45,99,0,0.0500
1846,399472,-61.67,100,0,0.0500
1847,399523,-79.98,51,0,0.0500
1848,399621,-61.21,98,0,0.0500
1849,399734,-55.04,113,0,0.0500
1850,400019,609.62,285,1,0.0500
1851,400300,609.59,281,1,0.0500
1852,400409,-60.58,109,0,0.0500
1853,400681,609.75,272,1,0.0500
1854,400740,-77.12,59,0,0.0500
1855,400845,-62.18,105,0,0.0500
1856,401010,-34.73,165,0,0.0500
1857,401269,607.39,259,1,0.0500
1858,401430,-32.39,161,0,0.0500
1859,401573,-32.74,143,0,0.0500
1860,401843,609.49,270,1,0.0500
1861,401992,-34.88,149,0,0.0500
1862,402042,-79.55,50,0,0.0500
1863,402147,-61.47,105,0,0.0500
1864,402250,-61.74,103,0,0.0500
1865,402517,608.45,267,1,0.0500
1866,402664,-32.55,147,0,0.0500
1867,402931,609.83,267,1,0.0500
1868,402984,-79.37,53,0,0.0500
1869,403036,-79.84,52,0,0.0500
1870,403308,609.75,272,1,0.0500
1871,403479,-32.49,171,0,0.0500
1872,403652,-33.98,173,0,0.0500
1873,403907,608.49,255,1,0.0500
1874,404182,608.14,275,1,0.0500
1875,404300,-59.57,118,0,0.0500
1876,404543,607.44,243,1,0.0500
1877,404800,606.97,257,1,0.0500
1878,405046,609.73,246,1,0.0500
1879,405154,-60.36,108,0,0.0500
1880,405424,608.84,270,1,0.0500
1881,405686,608.19,262,1,0.0500
1882,405735,-78.28,49,0,0.0500
1883,405900,-32.18,165,0,0.0500
1884,406079,-21.58,179,0,0.0500
1885,406128,-79.54,49,0,0.0500
1886,406395,607.06,267,1,0.0500
1887,406572,-20.16,177,0,0.0500
1888,406839,607.29,267,1,0.0500
1889,406891,-83.27,52,0,0.0500
1890,407164,607.12,273,1,0.0500
1891,407430,607.30,266,1,0.0500
1892,407669,607.06,239,1,0.0500
1893,407966,611.52,297,1,0.0500
1894,408227,607.36,261,1,0.0500
1895,408497,610.53,270,1,0.0500
1896,408602,-60.92,105,0,0.0500
1897,408756,-32.65,154,0,0.0500
1898,408810,-78.33,54,0,0.0500
1899,408859,-79.54,49,0,0.0500
1900,408883,-91.61,24,0,0.0500
1901,409030,-32.37,147,0,0.0500
1902,409053,-91.60,23,0,0.0500
1903,409310,606.67,257,1,0.0500
1904,409594,609.43,284,1,0.0500
1905,409701,-61.04,107,0,0.0500
1906,409971,608.41,270,1,0.0500
1907,409992,-91.80,21,0,0.0500
1908,410068,-60.64,76,0,0.0500
1909,410318,606.74,250,1,0.0500
1910,410423,-62.18,105,0,0.0500
1911,410531,-61.29,108,0,0.0500
1912,410624,-63.89,93,0,0.0500
1913,410794,-34.79,170,0,0.0500
1914,410940,-34.21,146,0,0.0500
1915,411199,608.10,259,1,0.0500
1916,411461,607.11,262,1,0.0500
1917,411744,608.49,283,1,0.0500
1918,411914,-34.37,170,0,0.0500
1919,412187,607.00,273,1,0.0500
1920,412292,-61.80,105,0,0.0500
1921,412499,-18.36,207,0,0.0500
1922,412679,-19.13,180,0,0.0500
1923,412935,607.20,256,1,0.0500
1924,412956,-91.80,21,0,0.0500
1925,413196,607.59,240,1,0.0500
1926,413425,607.47,229,1,0.0500
1927,413686,607.55,261,1,0.0500
1928,413971,607.63,285,1,0.0500
1929,414116,-31.81,145,0,0.0500
1930,414221,-61.46,105,0,0.0500
1931,414327,-60.93,106,0,0.0500
1932,414530,-19.71,203,0,0.0500
1933,414674,-33.15,144,0,0.0500
1934,414845,-35.22,171,0,0.0500
1935,414952,-61.06,107,0,0.0500
1936,415201,607.80,249,1,0.0500
1937,415475,607.87,274,1,0.0500
1938,415730,606.07,255,1,0.0500
1939,416009,607.30,279,1,0.0500
1940,416259,606.72,250,1,0.0500
1941,416315,-78.35,56,0,0.0500
1942,416577,607.56,262,1,0.0500
1943,416664,-61.01,87,0,0.0500
1944,416932,607.17,268,1,0.0500
1945,417173,607.77,241,1,0.0500
1946,417254,-58.17,81,0,0.0500
1947,417524,609.13,270,1,0.0500
1948,417548,-91.41,24,0,0.0500
1949,417599,-77.46,51,0,0.0500
1950,417711,-60.07,112,0,0.0500
1951,417760,-79.54,49,0,0.0500
1952,417861,-62.18,101,0,0.0500
1953,417956,-64.02,95,0,0.0500
1954,418245,609.06,289,1,0.0500
1955,418496,606.40,251,1,0.0500
1956,418545,-88.50,49,0,0.0500
1957,418794,606.96,249,1,0.0500
1958,418817,-91.60,23,0,0.0500
1959,419109,609.92,292,1,0.0500
1960,419198,-86.18,89,0,0.0500
1961,419312,-60.09,114,0,0.0500
1962,419488,-33.63,176,0,0.0500
1963,419555,-75.94,67,0,0.0500
1964,419750,-22.01,195,0,0.0500
1965,419930,-20.39,180,0,0.0500
1966,419951,-91.80,21,0,0.0500
1967,420007,-75.83,56,0,0.0500
1968,420170,-32.83,163,0,0.0500
1969,420240,-77.85,70,0,0.0500
1970,420527,608.98,287,1,0.0500
1971,420642,-59.07,115,0,0.0500
1972,420759,-58.95,117,0,0.0500
1973,421055,613.22,296,1,0.0500
1974,421165,-61.72,110,0,0.0500
1975,421422,607.53,257,1,0.0500
1976,421462,-84.85,40,0,0.0500
1977,421524,-78.35,62,0,0.0500
1978,421783,607.61,259,1,0.0500
1979,421832,-79.54,49,0,0.0500
1980,422012,-19.25,180,0,0.0500
1981,422239,607.70,227,1,0.0500
1982,422292,-79.78,53,0,0.0500
1983,422341,-79.12,49,0,0.0500
1984,422422,-64.77,81,0,0.0500
1985,422443,-91.80,21,0,0.0500
1986,422694,606.19,251,1,0.0500
1987,422876,-31.55,182,0,0.0500
1988,423141,607.41,265,1,0.0500
1989,423293,-34.70,152,0,0.0500
1990,423378,-59.05,85,0,0.0500
1991,423480,-62.79,102,0,0.0500
1992,423695,-20.44,215,0,0.0500
1993,423797,-61.95,102,0,0.0500
1994,423974,-33.38,177,0,0.0500
1995,424060,-59.17,86,0,0.0500
1996,424328,607.65,268,1,0.0500
1997,424349,-92.00,21,0,0.0500
1998,424615,608.15,266,1,0.0500
1999,424721,-62.19,106,0,0.0500
2000,424801,-63.52,80,0,0.0500
2001,425070,607.70,269,1,0.0500
2002,425336,607.22,266,1,0.0500
2003,425431,-60.67,95,0,0.0500
2004,425708,608.64,277,1,0.0500
2005,425962,609.86,254,1,0.0500
2006,426238,609.51,276,1,0.0500
2007,426283,-84.47,45,0,0.0500
2008,426544,607.69,261,1,0.0500
2009,426793,607.19,249,1,0.0500
2010,426872,-75.99,79,0,0.0500
2011,426894,-91.80,22,0,0.0500
2012,427167,607.14,273,1,0.0500
2013,427214,-84.08,47,0,0.0500
2014,427416,-19.57,202,0,0.0500
2015,427437,-91.80,21,0,0.0500
2016,427523,-58.84,86,0,0.0500
2017,427706,-21.59,183,0,0.0500
2018,427966,607.03,260,1,0.0500
2019,428209,606.40,243,1,0.0500
2020,428541,617.88,332,1,0.0500
2021,428562,-91.80,21,0,0.0500
2022,428856,611.75,294,1,0.0500
2023,428877,-91.80,21,0,0.0500
2024,428930,-78.74,53,0,0.0500
2025,429206,607.33,276,1,0.0500
2026,429237,-90.99,31,0,0.0500
2027,429258,-92.00,21,0,0.0500
2028,429282,-91.61,24,0,0.0500
2029,429310,-91.03,28,0,0.0500
2030,429397,-58.55,87,0,0.0500
2031,429649,607.15,252,1,0.0500
2032,429810,-34.06,161,0,0.0500
2033,429832,-91.81,22,0,0.0500
2034,429878,-78.88,46,0,0.0500
2035,429915,-85.24,37,0,0.0500
2036,430165,606.25,250,1,0.0500
2037,430236,-80.00,71,0,0.0500
2038,430301,-89.50,65,0,0.0500
2039,430346,-82.98,45,0,0.0500
2040,430439,-91.25,93,0,0.0500
2041,430542,-81.84,103,0,0.0500
2042,430628,-85.73,86,0,0.0500
2043,430731,-73.34,103,0,0.0500
2044,430785,-87.51,54,0,0.0500
2045,430854,-85.98,69,0,0.0500
2046,430885,-90.64,31,0,0.0500
2047,430906,-91.80,21,0,0.0500
2048,430928,-91.81,22,0,0.0500
2049,430994,-91.13,66,0,0.0500
2050,431302,614.37,308,1,0.0500
2051,431351,-79.54,49,0,0.0500
2052,431401,-77.45,50,0,0.0500
2053,431469,-78.74,68,0,0.0500
2054,431520,-79.14,51,0,0.0500
2055,431817,611.50,297,1,0.0500
2056,431853,-90.10,36,0,0.0500
2057,432122,608.32,269,1,0.0500
2058,432184,-82.80,62,0,0.0500
2059,432338,-52.57,154,0,0.0500
2060,432362,-91.61,24,0,0.0500
2061,432418,-79.66,56,0,0.0500
2062,432499,-58.59,81,0,0.0500
2063,432595,-63.99,96,0,0.0500
2064,432616,-91.80,21,0,0.0500
2065,432637,-91.80,21,0,0.0500
2066,432727,-60.57,90,0,0.0500
2067,433003,611.05,276,1,0.0500
2068,433024,-91.80,21,0,0.0500
2069,433174,-33.74,150,0,0.0500
2070,433228,-79.17,54,0,0.0500
2071,433412,-31.77,184,0,0.0500
2072,433433,-91.80,21,0,0.0500
2073,433681,605.93,248,1,0.0500
2074,433944,605.96,263,1,0.0500
2075,434208,608.05,264,1,0.0500
2076,434229,-92.00,21,0,0.0500
2077,434312,-58.39,83,0,0.0500
2078,434357,-79.29,45,0,0.0500
2079,434449,-64.39,92,0,0.0500
2080,434470,-92.00,21,0,0.0500
2081,434551,-63.83,81,0,0.0500
2082,434649,-63.58,98,0,0.0500
2083,434831,-21.16,182,0,0.0500
2084,434915,-58.62,84,0,0.0500
2085,435181,607.09,266,1,0.0500
2086,435286,-62.02,105,0,0.0500
2087,435541,607.96,255,1,0.0500
2088,435734,-20.74,193,0,0.0500
2089,435904,-34.89,170,0,0.0500
2090,436010,-61.39,106,0,0.0500
2091,436066,-78.35,56,0,0.0500
2092,436175,-59.70,109,0,0.0500
2093,436196,-92.00,21,0,0.0500
2094,436439,606.18,243,1,0.0500
2095,436495,-80.03,56,0,0.0500
2096,436654,-35.72,159,0,0.0500
2097,436832,-19.33,178,0,0.0500
2098,436854,-92.00,22,0,0.0500
2099,437036,-20.33,182,0,0.0500
2100,437240,-21.47,204,0,0.0500
2101,437261,-91.80,21,0,0.0500
2102,437353,-61.00,92,0,0.0500
2103,437625,607.23,272,1,0.0500
2104,437897,607.01,272,1,0.0500
2105,438151,606.92,254,1,0.0500
2106,438261,-61.26,110,0,0.0500
2107,438503,607.35,242,1,0.0500
2108,438750,606.27,247,1,0.0500
2109,439034,609.02,284,1,0.0500
2110,439311,609.38,277,1,0.0500
2111,439360,-79.54,49,0,0.0500
2112,439439,-63.60,79,0,0.0500
2113,439536,-62.94,97,0,0.0500
2114,439627,-60.78,91,0,0.0500
2115,439889,606.09,262,1,0.0500
2116,440133,606.60,244,1,0.0500
2117,440388,608.04,255,1,0.0500
2118,440410,-91.81,22,0,0.0500
2119,440460,-79.13,50,0,0.0500
2120,440741,608.29,281,1,0.0500
2121,441016,609.22,275,1,0.0500
2122,441107,-59.52,91,0,0.0500
2123,441361,607.42,254,1,0.0500
2124,441478,-61.68,117,0,0.0500
2125,441524,-79.30,46,0,0.0500
2126,441639,-58.20,115,0,0.0500
2127,441903,608.16,264,1,0.0500
2128,442013,-61.57,110,0,0.0500
2129,442193,-30.47,180,0,0.0500
2130,442367,-33.99,174,0,0.0500
2131,442646,610.52,279,1,0.0500
2132,442918,606.91,272,1,0.0500
2133,443003,-61.20,85,0,0.0500
2134,443262,606.76,259,1,0.0500
2135,443545,609.45,283,1,0.0500
2136,443743,-30.36,198,0,0.0500
2137,444008,607.82,265,1,0.0500
2138,444113,-61.80,105,0,0.0500
2139,444389,607.22,276,1,0.0500
2140,444495,-61.68,106,0,0.0500
2141,444772,610.26,277,1,0.0500
2142,445043,608.64,271,1,0.0500
2143,445156,-60.38,113,0,0.0500
2144,445418,611.46,262,1,0.0500
2145,445584,-34.11,166,0,0.0500
2146,445605,-92.00,21,0,0.0500
2147,445628,-91.95,23,0,0.0500
2148,445685,-81.06,57,0,0.0500
2149,445858,-31.67,173,0,0.0500
2150,445961,-62.49,103,0,0.0500
2151,446124,-33.03,163,0,0.0500
2152,446401,608.46,277,1,0.0500
2153,446686,608.14,285,1,0.0500
2154,446723,-85.49,37,0,0.0500
2155,446870,-32.34,147,0,0.0500
2156,446907,-85.49,37,0,0.0500
2157,447082,-32.43,175,0,0.0500
2158,447120,-85.50,38,0,0.0500
2159,447366,606.39,246,1,0.0500
2160,447390,-91.60,24,0,0.0500
2161,447498,-55.41,108,0,0.0500
2162,447747,606.88,249,1,0.0500
2163,447927,-20.82,180,0,0.0500
2164,448022,-64.82,95,0,0.0500
2165,448194,-34.30,172,0,0.0500
2166,448470,607.33,276,1,0.0500
2167,448518,-79.00,48,0,0.0500
2168,448791,607.14,273,1,0.0500
2169,449036,606.05,245,1,0.0500
2170,449086,-79.55,50,0,0.0500
2171,449346,605.77,260,1,0.0500
2172,449456,-61.19,110,0,0.0500
2173,449477,-91.80,21,0,0.0500
2174,449527,-80.24,50,0,0.0500
2175,449779,607.75,252,1,0.0500
2176,450059,608.71,280,1,0.0500
2177,450166,-61.62,107,0,0.0500
2178,450430,607.41,264,1,0.0500
2179,450702,606.59,272,1,0.0500
2180,450766,-79.44,64,0,0.0500
2181,450863,-57.70,97,0,0.0500
2182,451017,-33.16,154,0,0.0500
2183,451202,-21.01,185,0,0.0500
2184,451449,607.74,247,1,0.0500
2185,451701,607.35,252,1,0.0500
2186,451812,-61.10,111,0,0.0500
2187,452076,607.11,264,1,0.0500
2188,452186,-61.18,110,0,0.0500
2189,452435,609.90,249,1,0.0500
2190,452715,609.98,280,1,0.0500
2191,452759,-84.46,44,0,0.0500
2192,452859,-62.13,100,0,0.0500
2193,453115,607.91,256,1,0.0500
2194,453309,-29.55,194,0,0.0500
2195,453587,607.09,278,1,0.0500
2196,453761,-32.57,174,0,0.0500
2197,453878,-61.15,117,0,0.0500
2198,454053,-33.36,175,0,0.0500
2199,454324,606.30,271,1,0.0500
2200,454586,607.68,262,1,0.0500
2201,454668,-63.33,82,0,0.0500
2202,454777,-61.75,109,0,0.0500
2203,454867,-58.79,90,0,0.0500
2204,455144,607.28,277,1,0.0500
2205,455325,-20.61,181,0,0.0500
2206,455602,609.30,277,1,0.0500
2207,455659,-80.02,57,0,0.0500
2208,455680,-91.80,21,0,0.0500
2209,455729,-79.96,49,0,0.0500
2210,455833,-55.37,104,0,0.0500
2211,456021,-31.37,188,0,0.0500
2212,456259,607.98,238,1,0.0500
2213,456521,607.23,262,1,0.0500
2214,456772,606.73,251,1,0.0500
2215,457031,606.95,259,1,0.0500
2216,457287,607.10,256,1,0.0500
2217,457388,-62.17,101,0,0.0500
2218,457686,617.68,298,1,0.0500
2219,457922,606.37,236,1,0.0500
2220,458019,-60.60,97,0,0.0500
2221,458188,-34.15,169,0,0.0500
2222,458284,-58.21,96,0,0.0500
2223,458407,-59.00,123,0,0.0500
2224,458662,605.86,255,1,0.0500
2225,458844,-21.05,182,0,0.0500
2226,458893,-79.54,49,0,0.0500
2227,459155,608.21,262,1,0.0500
2228,459206,-79.56,51,0,0.0500
2229,459326,-60.97,120,0,0.0500
2230,459515,-27.83,189,0,0.0500
2231,459566,-79.56,51,0,0.0500
2232,459686,-59.19,120,0,0.0500
2233,459790,-61.69,104,0,0.0500
2234,459999,-24.47,209,0,0.0500
2235,460195,-30.54,196,0,0.0500
2236,460453,605.89,258,1,0.0500
2237,460474,-91.80,21,0,0.0500
2238,460575,-62.16,101,0,0.0500
2239,460626,-78.30,51,0,0.0500
2240,460664,-85.29,38,0,0.0500
2241,460924,606.74,260,1,0.0500
2242,461187,607.22,263,1,0.0500
2243,461465,608.23,278,1,0.0500
2244,461503,-85.50,38,0,0.0500
2245,461770,608.96,267,1,0.0500
2246,461968,-19.95,198,0,0.0500
2247,462077,-61.27,109,0,0.0500
2248,462183,-61.15,106,0,0.0500
2249,462459,608.13,276,1,0.0500
2250,462716,606.56,257,1,0.0500
2251,462898,-20.75,182,0,0.0500
2252,463131,607.64,233,1,0.0500
2253,463230,-59.87,99,0,0.0500
2254,463337,-61.81,107,0,0.0500
2255,463604,606.76,267,1,0.0500
2256,463665,-79.51,61,0,0.0500
2257,463775,-56.47,110,0,0.0500
2258,463972,-19.94,197,0,0.0500
2259,464155,-21.26,183,0,0.0500
2260,464245,-58.99,90,0,0.0500
2261,464266,-92.00,21,0,0.0500
2262,464517,606.41,251,1,0.0500
2263,464802,609.21,285,1,0.0500
2264,465039,606.87,237,1,0.0500
2265,465220,-21.78,181,0,0.0500
2266,465409,-32.03,189,0,0.0500
2267,465517,-60.87,108,0,0.0500
2268,465782,606.44,265,1,0.0500
2269,465889,-61.78,107,0,0.0500
2270,465999,-60.88,110,0,0.0500
2271,466257,607.39,258,1,0.0500
2272,466520,606.08,263,1,0.0500
2273,466789,608.13,269,1,0.0500
2274,467077,608.65,288,1,0.0500
2275,467170,-59.12,93,0,0.0500
2276,467456,608.77,286,1,0.0500
2277,467562,-60.99,106,0,0.0500
2278,467813,606.52,251,1,0.0500
2279,467957,-35.45,144,0,0.0500
2280,468063,-60.05,106,0,0.0500
2281,468328,606.89,265,1,0.0500
2282,468436,-60.65,108,0,0.0500
2283,468589,-32.43,153,0,0.0500
2284,468876,609.38,287,1,0.0500
2285,469040,-34.94,164,0,0.0500
2286,469239,-20.38,199,0,0.0500
2287,469407,-33.50,168,0,0.0500
2288,469505,-59.02,98,0,0.0500
2289,469612,-61.28,107,0,0.0500
2290,469714,-62.91,102,0,0.0500
2291,469988,606.83,274,1,0.0500
2292,470245,607.39,257,1,0.0500
2293,470517,610.49,272,1,0.0500
2294,470696,-31.20,179,0,0.0500
2295,470793,-62.00,97,0,0.0500
2296,470889,-64.60,96,0,0.0500
2297,470910,-91.80,21,0,0.0500
2298,470992,-62.17,82,0,0.0500
2299,471086,-64.79,94,0,0.0500
2300,471195,-60.87,109,0,0.0500
2301,471437,607.97,242,1,0.0500
2302,471678,606.20,241,1,0.0500
2303,471740,-79.29,62,0,0.0500
2304,471842,-61.95,102,0,0.0500
2305,471943,-62.14,101,0,0.0500
2306,472052,-60.66,109,0,0.0500
2307,472233,-20.22,181,0,0.0500
2308,472492,608.87,259,1,0.0500
2309,472605,-55.66,113,0,0.0500
2310,472805,-19.75,200,0,0.0500
2311,472903,-62.11,98,0,0.0500
2312,473190,609.73,287,1,0.0500
2313,473294,-62.39,104,0,0.0500
2314,473383,-58.66,89,0,0.0500
2315,473491,-61.28,108,0,0.0500
2316,473739,606.94,248,1,0.0500
2317,473972,607.33,233,1,0.0500
2318,474079,-59.80,107,0,0.0500
2319,474176,-63.99,97,0,0.0500
2320,474455,607.43,279,1,0.0500
2321,474737,607.45,282,1,0.0500
2322,474758,-91.80,21,0,0.0500
2323,475037,609.70,279,1,0.0500
2324,475147,-59.60,110,0,0.0500
2325,475422,606.89,275,1,0.0500
2326,475606,-31.24,184,0,0.0500
2327,475871,607.42,265,1,0.0500
2328,476060,-19.88,189,0,0.0500
2329,476159,-62.12,99,0,0.0500
2330,476269,-60.77,110,0,0.0500
2331,476537,610.22,268,1,0.0500
2332,476786,605.48,249,1,0.0500
2333,477041,606.60,255,1,0.0500
2334,477287,606.99,246,1,0.0500
2335,477524,606.45,237,1,0.0500
2336,477769,606.25,245,1,0.0500
2337,478037,608.24,268,1,0.0500
2338,478058,-92.00,21,0,0.0500
2339,478310,605.88,252,1,0.0500
2340,478418,-61.06,108,0,0.0500
2341,478513,-61.10,95,0,0.0500
2342,478768,607.33,255,1,0.0500
2343,479044,608.85,276,1,0.0500
2344,479302,607.93,258,1,0.0500
2345,479347,-84.67,45,0,0.0500
2346,479443,-61.01,96,0,0.0500
2347,479595,-33.56,152,0,0.0500
2348,479681,-63.53,86,0,0.0500
2349,479935,605.74,254,1,0.0500
2350,480039,-61.55,104,0,0.0500
2351,480320,610.40,281,1,0.0500
2352,480422,-61.98,102,0,0.0500
2353,480479,-78.15,57,0,0.0500
2354,480664,-20.45,185,0,0.0500
2355,480774,-60.47,110,0,0.0500
2356,481072,618.02,298,1,0.0500
2357,481183,-54.96,111,0,0.0500
2358,481334,-33.76,151,0,0.0500
2359,481606,609.43,272,1,0.0500
2360,481789,-31.65,183,0,0.0500
2361,481878,-58.67,89,0,0.0500
2362,482131,607.26,253,1,0.0500
2363,482303,-33.24,172,0,0.0500
2364,482488,-22.13,185,0,0.0500
2365,482761,612.29,273,1,0.0500
2366,483025,607.98,264,1,0.0500
2367,483227,-21.78,202,0,0.0500
2368,483324,-60.84,97,0,0.0500
2369,483575,607.36,251,1,0.0500
2370,483775,-19.80,200,0,0.0500
2371,484023,606.55,248,1,0.0500
2372,484098,-63.04,75,0,0.0500
2373,484358,608.62,260,1,0.0500
2374,484631,606.52,273,1,0.0500
2375,484729,-64.02,98,0,0.0500
2376,484960,607.56,231,1,0.0500
2377,485158,-19.53,198,0,0.0500
2378,485211,-78.74,53,0,0.0500
2379,485349,-36.15,138,0,0.0500
2380,485444,-61.30,95,0,0.0500
2381,485531,-63.51,87,0,0.0500
2382,485637,-61.35,106,0,0.0500
2383,485896,608.53,259,1,0.0500
2384,486166,606.85,270,1,0.0500
2385,486187,-91.80,21,0,0.0500
2386,486332,-34.87,145,0,0.0500
2387,486475,-34.18,143,0,0.0500
2388,486661,-21.71,186,0,0.0500
2389,486844,-20.10,183,0,0.0500
2390,487104,606.29,260,1,0.0500
2391,487198,-61.41,94,0,0.0500
2392,487301,-61.36,103,0,0.0500
2393,487323,-91.81,22,0,0.0500
2394,487502,-20.26,179,0,0.0500
2395,487597,-61.52,95,0,0.0500
2396,487868,607.66,271,1,0.0500
2397,488123,607.63,255,1,0.0500
2398,488237,-57.02,114,0,0.0500
2399,488327,-58.57,90,0,0.0500
2400,488509,-20.75,182,0,0.0500
2401,488688,-20.51,179,0,0.0500
2402,488946,607.80,258,1,0.0500
2403,489063,-56.64,117,0,0.0500
2404,489239,-21.19,176,0,0.0500
2405,489384,-32.97,145,0,0.0500
2406,489657,607.76,273,1,0.0500
2407,489680,-91.96,23,0,0.0500
2408,489791,-52.08,111,0,0.0500
2409,490035,606.78,244,1,0.0500
2410,490285,605.54,250,1,0.0500
2411,490306,-92.00,21,0,0.0500
2412,490493,-20.89,187,0,0.0500
2413,490675,-19.37,182,0,0.0500
2414,490947,608.63,272,1,0.0500
2415,490968,-91.80,21,0,0.0500
2416,491221,606.06,253,1,0.0500
2417,491321,-61.35,100,0,0.0500
2418,491416,-61.08,95,0,0.0500
2419,491666,606.21,250,1,0.0500
2420,491751,-60.10,85,0,0.0500
2421,491982,606.10,231,1,0.0500
2422,492088,-59.73,106,0,0.0500
2423,492183,-61.52,95,0,0.0500
2424,492234,-79.14,51,0,0.0500
2425,492334,-60.89,100,0,0.0500
2426,492431,-54.03,97,0,0.0500
2427,492453,-91.81,22,0,0.0500
2428,492503,-79.55,50,0,0.0500
2429,492552,-79.54,49,0,0.0500
2430,492573,-91.80,21,0,0.0500
2431,492623,-79.55,50,0,0.0500
2432,492732,-53.40,109,0,0.0500
2433,492837,-54.12,105,0,0.0500
2434,492874,-85.24,37,0,0.0500
2435,492896,-91.80,22,0,0.0500
2436,493004,-54.71,108,0,0.0500
2437,493099,-61.52,95,0,0.0500
2438,493121,-92.00,22,0,0.0500
2439,493158,-85.24,37,0,0.0500
2440,493262,-61.18,104,0,0.0500
2441,493310,-79.95,48,0,0.0500
2442,493347,-85.24,37,0,0.0500
2443,493368,-91.80,21,0,0.0500
2444,493389,-91.80,21,0,0.0500
2445,493410,-91.80,21,0,0.0500
2446,493455,-79.71,45,0,0.0500
2447,493568,-55.46,113,0,0.0500
2448,493668,-54.49,100,0,0.0500
2449,493719,-79.56,51,0,0.0500
2450,493970,605.36,251,1,0.0500
2451,494060,-61.46,90,0,0.0500
2452,494162,-62.48,102,0,0.0500
2453,494257,-61.52,95,0,0.0500
2454,494359,-61.79,102,0,0.0500
2455,494380,-91.80,21,0,0.0500
2456,494528,-32.17,148,0,0.0500
2457,494623,-64.18,95,0,0.0500
2458,494717,-60.87,94,0,0.0500
2459,494754,-85.24,37,0,0.0500
2460,494863,-55.84,109,0,0.0500
2461,494979,-56.41,116,0,0.0500
2462,495234,607.50,255,1,0.0500
2463,495284,-79.55,50,0,0.0500
2464,495389,-56.22,105,0,0.0500
2465,495483,-61.41,94,0,0.0500
2466,495504,-91.80,21,0,0.0500
2467,495608,-61.13,104,0,0.0500
2468,495634,-92.50,26,0,0.0500
2469,495748,-56.25,114,0,0.0500
2470,495769,-92.00,21,0,0.0500
2471,495867,-61.91,98,0,0.0500
2472,496149,608.34,282,1,0.0500
2473,496269,-55.47,120,0,0.0500
2474,496361,-61.49,92,0,0.0500
2475,496459,-63.29,98,0,0.0500
2476,496480,-91.80,21,0,0.0500
2477,496578,-60.70,98,0,0.0500
2478,496679,-61.52,101,0,0.0500
2479,496771,-61.49,92,0,0.0500
2480,497030,606.63,259,1,0.0500
2481,497276,607.42,246,1,0.0500
2482,497527,607.03,251,1,0.0500
2483,497806,607.59,279,1,0.0500
2484,497911,-55.80,105,0,0.0500
2485,498020,-56.26,109,0,0.0500
2486,498140,-55.45,120,0,0.0500
2487,498161,-91.80,21,0,0.0500
2488,498182,-92.11,21,0,0.0500
2489,498258,-63.29,76,0,0.0500
2490,498439,-21.03,181,0,0.0500
2491,498543,-61.75,104,0,0.0500
2492,498661,-56.43,118,0,0.0500
2493,498764,-61.50,103,0,0.0500
2494,499028,608.61,264,1,0.0500
2495,499262,607.23,234,1,0.0500
2496,499362,-61.50,100,0,0.0500
2497,499383,-91.80,21,0,0.0500
2498,499471,-61.54,88,0,0.0500
2499,499565,-61.09,94,0,0.0500
2500,499664,-61.61,99,0,0.0500
2501,499765,-60.94,101,0,0.0500
2502,499859,-61.09,94,0,0.0500
2503,499880,-91.80,21,0,0.0500
2504,499901,-91.80,21,0,0.0500
2505,500012,-55.86,111,0,0.0500
2506,500122,-55.01,110,0,0.0500
2507,500373,606.11,251,1,0.0500
2508,500615,606.19,242,1,0.0500
2509,500714,-61.23,99,0,0.0500
2510,500735,-91.80,21,0,0.0500
2511,500838,-54.94,103,0,0.0500
2512,500861,-91.81,23,0,0.0500
2513,500965,-60.85,104,0,0.0500
2514,501073,-55.41,108,0,0.0500
2515,501156,-63.98,83,0,0.0500
2516,501253,-61.74,97,0,0.0500
2517,501354,-61.48,101,0,0.0500
2518,501457,-55.36,103,0,0.0500
2519,501478,-92.00,21,0,0.0500
2520,501660,-20.84,182,0,0.0500
2521,501854,-20.75,194,0,0.0500
2522,501953,-61.54,99,0,0.0500
2523,501974,-91.80,21,0,0.0500
2524,502076,-61.95,102,0,0.0500
2525,502346,607.87,270,1,0.0500
2526,502530,-21.28,184,0,0.0500
2527,502635,-60.72,105,0,0.0500
2528,502730,-61.30,95,0,0.0500
2529,502876,-34.02,146,0,0.0500
2530,502969,-61.50,93,0,0.0500
2531,503056,-60.39,87,0,0.0500
2532,503077,-91.80,21,0,0.0500
2533,503158,-60.58,81,0,0.0500
2534,503259,-61.92,101,0,0.0500
2535,503512,607.56,253,1,0.0500
2536,503592,-60.37,80,0,0.0500
2537,503613,-91.80,21,0,0.0500
2538,503688,-63.48,75,0,0.0500
2539,503790,-61.20,102,0,0.0500
2540,503905,-56.82,115,0,0.0500
2541,503983,-60.35,78,0,0.0500
2542,504033,-79.13,50,0,0.0500
2543,504055,-91.81,22,0,0.0500
2544,504154,-62.12,99,0,0.0500
2545,504175,-92.00,21,0,0.0500
2546,504281,-60.97,106,0,0.0500
2547,504540,605.79,259,1,0.0500
2548,504618,-60.66,78,0,0.0500
2549,504639,-91.80,21,0,0.0500
2550,504740,-61.52,101,0,0.0500
2551,504783,-79.16,43,0,0.0500
2552,504869,-62.82,86,0,0.0500
2553,504968,-61.96,99,0,0.0500
2554,505121,-31.89,153,0,0.0500
2555,505365,607.75,244,1,0.0500
2556,505420,-78.53,55,0,0.0500
2557,505510,-60.67,90,0,0.0500
2558,505757,607.82,247,1,0.0500
2559,505778,-91.80,21,0,0.0500
2560,505869,-53.98,91,0,0.0500
2561,505891,-91.81,22,0,0.0500
2562,506026,-54.53,135,0,0.0500
2563,506301,607.02,275,1,0.0500
2564,506483,-19.70,182,0,0.0500
2565,506769,607.83,286,1,0.0500
2566,506790,-91.80,21,0,0.0500
2567,506904,-56.67,114,0,0.0500
2568,506997,-61.28,93,0,0.0500
2569,507251,607.51,254,1,0.0500
2570,507348,-61.94,97,0,0.0500
2571,507612,606.59,264,1,0.0500
2572,507719,-55.82,107,0,0.0500
2573,507908,-21.12,189,0,0.0500
2574,508018,-55.21,110,0,0.0500
2575,508113,-61.30,95,0,0.0500
2576,508202,-60.46,89,0,0.0500
2577,508306,-60.71,104,0,0.0500
2578,508488,-22.30,182,0,0.0500
2579,508584,-61.62,96,0,0.0500
2580,508681,-62.11,97,0,0.0500
2581,508780,-61.29,99,0,0.0500
2582,508875,-61.10,95,0,0.0500
2583,508896,-91.80,21,0,0.0500
2584,509010,-56.34,114,0,0.0500
2585,509101,-61.06,91,0,0.0500
2586,509207,-60.30,106,0,0.0500
2587,509286,-64.51,79,0,0.0500
2588,509381,-63.49,95,0,0.0500
2589,509481,-61.51,100,0,0.0500
2590,509582,-61.56,101,0,0.0500
2591,509603,-91.80,21,0,0.0500
2592,509702,-61.63,99,0,0.0500
2593,509790,-60.75,88,0,0.0500
2594,509893,-61.84,103,0,0.0500
2595,509970,-60.54,77,0,0.0500
2596,510070,-61.71,100,0,0.0500
2597,510173,-60.47,103,0,0.0500
2598,510260,-60.96,87,0,0.0500
2599,510342,-60.39,82,0,0.0500
2600,510436,-61.09,94,0,0.0500
2601,510685,605.68,249,1,0.0500
2602,510771,-61.16,86,0,0.0500
2603,510847,-60.54,76,0,0.0500
2604,510888,-85.04,41,0,0.0500
2605,511036,-32.88,148,0,0.0500
2606,511305,607.48,269,1,0.0500
2607,511384,-60.67,79,0,0.0500
2608,511466,-60.49,82,0,0.0500
2609,511612,-32.75,146,0,0.0500
2610,511717,-61.16,105,0,0.0500
2611,511905,-21.74,188,0,0.0500
2612,512007,-61.15,102,0,0.0500
2613,512092,-60.94,85,0,0.0500
2614,512180,-61.23,88,0,0.0500
2615,512275,-60.82,95,0,0.0500
2616,512326,-80.03,51,0,0.0500
2617,512416,-61.14,90,0,0.0500
2618,512561,-33.19,145,0,0.0500
2619,512583,-91.81,22,0,0.0500
2620,512682,-63.38,99,0,0.0500
2621,512783,-61.21,101,0,0.0500
2622,512864,-59.96,81,0,0.0500
2623,512952,-60.45,88,0,0.0500
2624,513212,606.83,260,1,0.0500
2625,513291,-60.25,79,0,0.0500
2626,513379,-61.08,88,0,0.0500
2627,513469,-60.57,90,0,0.0500
2628,513491,-91.95,22,0,0.0500
2629,513514,-91.60,23,0,0.0500
2630,513616,-61.53,102,0,0.0500
2631,513716,-60.67,100,0,0.0500
2632,513909,-20.94,193,0,0.0500
2633,514001,-61.91,92,0,0.0500
2634,514095,-61.41,94,0,0.0500
2635,514183,-60.13,88,0,0.0500
2636,514285,-61.64,102,0,0.0500
2637,514388,-61.32,103,0,0.0500
2638,514477,-61.13,89,0,0.0500
2639,514564,-60.54,87,0,0.0500
2640,514609,-79.29,45,0,0.0500
2641,514707,-62.17,98,0,0.0500
2642,514801,-61.08,94,0,0.0500
2643,514895,-61.51,94,0,0.0500
2644,514973,-60.03,78,0,0.0500
2645,514994,-91.80,21,0,0.0500
2646,515089,-61.52,95,0,0.0500
2647,515186,-61.12,97,0,0.0500
2648,515288,-62.14,102,0,0.0500
2649,515368,-60.37,80,0,0.0500
2650,515463,-61.52,95,0,0.0500
2651,515518,-79.45,55,0,0.0500
2652,515589,-64.15,71,0,0.0500
2653,515674,-60.52,85,0,0.0500
2654,515780,-55.39,106,0,0.0500
2655,515865,-61.15,85,0,0.0500
2656,515936,-64.27,71,0,0.0500
2657,516035,-62.34,99,0,0.0500
2658,516134,-62.34,99,0,0.0500
2659,516222,-61.59,88,0,0.0500
2660,516315,-62.01,93,0,0.0500
2661,516355,-84.85,40,0,0.0500
2662,516461,-61.17,106,0,0.0500
2663,516537,-60.64,76,0,0.0500
2664,516614,-60.65,77,0,0.0500
2665,516698,-59.99,84,0,0.0500
2666,516781,-60.92,83,0,0.0500
2667,517038,607.89,257,1,0.0500
2668,517154,-56.63,116,0,0.0500
2669,517244,-61.47,90,0,0.0500
2670,517350,-60.46,106,0,0.0500
2671,517426,-60.64,76,0,0.0500
2672,517513,-58.85,87,0,0.0500
2673,517601,-60.55,88,0,0.0500
2674,517713,-61.59,112,0,0.0500
2675,517796,-61.24,83,0,0.0500
2676,518046,607.25,250,1,0.0500
2677,518148,-61.52,102,0,0.0500
2678,518228,-60.26,80,0,0.0500
2679,518336,-60.35,108,0,0.0500
2680,518436,-62.16,100,0,0.0500
2681,518536,-62.13,100,0,0.0500
2682,518623,-60.96,87,0,0.0500
2683,518909,609.72,286,1,0.0500
2684,519011,-62.14,102,0,0.0500
2685,519110,-62.34,99,0,0.0500
2686,519368,606.97,258,1,0.0500
2687,519479,-55.02,111,0,0.0500
2688,519563,-59.99,84,0,0.0500
2689,519805,606.21,242,1,0.0500
2690,519911,-61.44,106,0,0.0500
2691,520181,606.31,270,1,0.0500
2692,520280,-62.03,99,0,0.0500
2693,520538,606.53,258,1,0.0500
2694,520639,-61.72,101,0,0.0500
2695,520740,-61.08,101,0,0.0500
2696,520844,-61.78,104,0,0.0500
2697,520925,-60.47,81,0,0.0500
2698,521021,-54.75,96,0,0.0500
2699,521107,-60.95,86,0,0.0500
2700,521304,-21.88,197,0,0.0500
2701,521381,-60.54,77,0,0.0500
2702,521469,-63.63,88,0,0.0500
2703,521521,-79.99,52,0,0.0500
2704,521604,-60.50,83,0,0.0500
2705,521657,-79.85,53,0,0.0500
2706,521746,-60.56,89,0,0.0500
2707,521846,-62.55,100,0,0.0500
2708,521946,-61.92,100,0,0.0500
2709,522041,-63.68,95,0,0.0500
2710,522144,-60.94,103,0,0.0500
2711,522245,-61.51,101,0,0.0500
2712,522335,-60.15,90,0,0.0500
2713,522426,-61.89,91,0,0.0500
2714,522524,-61.53,98,0,0.0500
2715,522546,-91.80,22,0,0.0500
2716,522635,-60.56,89,0,0.0500
2717,522823,-30.32,188,0,0.0500
2718,522920,-61.32,97,0,0.0500
2719,522971,-79.35,51,0,0.0500
2720,523044,-60.61,73,0,0.0500
2721,523087,-84.46,43,0,0.0500
2722,523178,-61.48,91,0,0.0500
2723,523280,-62.15,102,0,0.0500
2724,523374,-61.60,94,0,0.0500
2725,523452,-60.35,78,0,0.0500
2726,523537,-60.52,85,0,0.0500
2727,523584,-79.94,47,0,0.0500
2728,523679,-61.08,95,0,0.0500
2729,523764,-60.52,85,0,0.0500
2730,523815,-79.92,51,0,0.0500
2731,523891,-60.64,76,0,0.0500
2732,523976,-61.35,85,0,0.0500
2733,523997,-92.00,21,0,0.0500
2734,524082,-61.15,85,0,0.0500
2735,524178,-61.51,96,0,0.0500
2736,524274,-61.31,96,0,0.0500
2737,524297,-91.60,23,0,0.0500
2738,524386,-60.56,89,0,0.0500
2739,524408,-91.80,22,0,0.0500
2740,524489,-60.48,81,0,0.0500
2741,524581,-61.91,92,0,0.0500
2742,524686,-55.38,105,0,0.0500
2743,524781,-61.72,95,0,0.0500
2744,524867,-60.73,86,0,0.0500
2745,524918,-79.77,51,0,0.0500
2746,524964,-79.51,46,0,0.0500
2747,525078,-60.81,114,0,0.0500
2748,525099,-91.80,21,0,0.0500
2749,525200,-60.52,101,0,0.0500
2750,525303,-61.54,103,0,0.0500
2751,525388,-60.94,85,0,0.0500
2752,525476,-60.13,88,0,0.0500
2753,525564,-61.79,88,0,0.0500
2754,525662,-61.33,98,0,0.0500
2755,525742,-60.46,80,0,0.0500
2756,525939,-22.30,197,0,0.0500
2757,526028,-59.72,89,0,0.0500
2758,526124,-60.89,96,0,0.0500
2759,526205,-60.90,81,0,0.0500
2760,526307,-62.18,102,0,0.0500
2761,526421,-56.81,114,0,0.0500
2762,526522,-61.94,101,0,0.0500
2763,526545,-91.81,23,0,0.0500
2764,526642,-54.24,97,0,0.0500
2765,526738,-60.69,96,0,0.0500
2766,526833,-60.68,95,0,0.0500
2767,526925,-60.94,92,0,0.0500
2768,527028,-53.68,103,0,0.0500
2769,527127,-61.76,99,0,0.0500
2770,527321,-20.52,194,0,0.0500
2771,527412,-61.48,91,0,0.0500
2772,527508,-60.89,96,0,0.0500
2773,527618,-56.27,110,0,0.0500
2774,527807,-20.79,189,0,0.0500
2775,527828,-92.00,21,0,0.0500
2776,527923,-61.93,95,0,0.0500
2777,528022,-61.76,99,0,0.0500
2778,528120,-62.00,98,0,0.0500
2779,528323,-21.88,203,0,0.0500
2780,528423,-61.96,100,0,0.0500
2781,528508,-63.25,85,0,0.0500
2782,528772,608.92,264,1,0.0500
2783,528871,-61.65,99,0,0.0500
2784,528982,-55.44,111,0,0.0500
2785,529066,-60.93,84,0,0.0500
2786,529169,-61.85,103,0,0.0500
2787,529273,-61.54,104,0,0.0500
2788,529379,-61.27,106,0,0.0500
2789,529480,-61.94,101,0,0.0500
2790,529763,609.23,283,1,0.0500
2791,530025,607.67,262,1,0.0500
2792,530209,-20.86,184,0,0.0500
2793,530325,-57.11,116,0,0.0500
2794,530416,-63.64,91,0,0.0500
2795,530498,-60.70,82,0,0.0500
2796,530588,-62.66,90,0,0.0500
2797,530700,-56.29,112,0,0.0500
2798,530815,-57.22,115,0,0.0500
2799,530894,-60.67,79,0,0.0500
2800,530992,-54.14,98,0,0.0500
2801,531080,-59.29,88,0,0.0500
2802,531188,-55.83,108,0,0.0500
2803,531436,608.11,248,1,0.0500
2804,531511,-62.72,75,0,0.0500
2805,531772,606.40,261,1,0.0500
2806,531879,-55.82,107,0,0.0500
2807,532107,606.12,228,1,0.0500
2808,532385,609.91,278,1,0.0500
2809,532495,-55.41,110,0,0.0500
2810,532756,606.61,261,1,0.0500
2811,532851,-61.61,95,0,0.0500
2812,533127,607.90,276,1,0.0500
2813,533232,-56.22,105,0,0.0500
2814,533338,-54.97,106,0,0.0500
2815,533585,606.03,247,1,0.0500
2816,533693,-61.50,108,0,0.0500
2817,533800,-55.82,107,0,0.0500
2818,533901,-62.14,101,0,0.0500
2819,534001,-62.12,100,0,0.0500
2820,534117,-55.98,116,0,0.0500
2821,534169,-79.57,52,0,0.0500
2822,534446,607.10,277,1,0.0500
2823,534698,608.32,252,1,0.0500
2824,534881,-21.57,183,0,0.0500
2825,534986,-60.87,105,0,0.0500
2826,535093,-61.47,107,0,0.0500
2827,535186,-59.12,93,0,0.0500
2828,535289,-61.32,103,0,0.0500
2829,535375,-61.01,86,0,0.0500
2830,535466,-60.42,91,0,0.0500
2831,535545,-62.26,79,0,0.0500
2832,535812,605.86,267,1,0.0500
2833,536049,607.71,237,1,0.0500
2834,536148,-61.92,99,0,0.0500
2835,536346,-20.37,198,0,0.0500
2836,536617,606.84,271,1,0.0500
2837,536719,-61.73,102,0,0.0500
2838,536741,-91.81,22,0,0.0500
2839,536838,-64.20,97,0,0.0500
2840,536953,-56.40,115,0,0.0500
2841,537066,-57.01,113,0,0.0500
2842,537145,-60.36,79,0,0.0500
2843,537243,-60.71,98,0,0.0500
2844,537336,-62.21,93,0,0.0500
2845,537516,-20.83,180,0,0.0500
2846,537631,-56.31,115,0,0.0500
2847,537727,-61.31,96,0,0.0500
2848,537748,-91.80,21,0,0.0500
2849,537846,-62.33,98,0,0.0500
2850,537962,-57.04,116,0,0.0500
2851,538220,607.09,258,1,0.0500
2852,538320,-61.96,100,0,0.0500
2853,538425,-62.73,105,0,0.0500
2854,538698,608.50,273,1,0.0500
2855,538781,-63.85,83,0,0.0500
2856,538856,-63.06,75,0,0.0500
2857,539034,-20.58,178,0,0.0500
2858,539295,605.91,261,1,0.0500
2859,539522,606.34,227,1,0.0500
2860,539792,608.32,270,1,0.0500
2861,539897,-55.80,105,0,0.0500
2862,540008,-55.44,111,0,0.0500
2863,540033,-91.41,25,0,0.0500
2864,540130,-61.94,97,0,0.0500
2865,540370,608.74,240,1,0.0500
2866,540476,-62.11,106,0,0.0500
2867,540559,-62.81,83,0,0.0500
2868,540648,-60.14,89,0,0.0500
2869,540839,-20.29,191,0,0.0500
2870,540950,-53.76,111,0,0.0500
2871,541004,-78.75,54,0,0.0500
2872,541212,-19.19,208,0,0.0500
2873,541330,-56.29,118,0,0.0500
2874,541449,-56.44,119,0,0.0500
2875,541648,-22.26,199,0,0.0500
2876,541917,609.07,269,1,0.0500
2877,542014,-54.04,97,0,0.0500
2878,542036,-91.81,22,0,0.0500
2879,542139,-55.78,103,0,0.0500
2880,542160,-91.80,21,0,0.0500
2881,542322,-32.45,162,0,0.0500
2882,542343,-92.00,21,0,0.0500
2883,542593,607.35,250,1,0.0500
2884,542649,-78.54,56,0,0.0500
2885,542746,-61.22,97,0,0.0500
2886,542860,-56.67,114,0,0.0500
2887,543101,606.12,241,1,0.0500
2888,543206,-56.22,105,0,0.0500
2889,543480,608.51,274,1,0.0500
2890,543667,-21.30,187,0,0.0500
2891,543927,608.23,260,1,0.0500
2892,543949,-91.81,22,0,0.0500
2893,544055,-60.31,106,0,0.0500
2894,544076,-91.80,21,0,0.0500
2895,544184,-53.31,108,0,0.0500
2896,544378,-20.74,194,0,0.0500
2897,544641,609.66,263,1,0.0500
2898,544728,-59.70,87,0,0.0500
2899,545015,609.62,287,1,0.0500
2900,545257,605.87,242,1,0.0500
2901,545438,-20.28,181,0,0.0500
2902,545544,-60.31,106,0,0.0500
2903,545648,-54.73,104,0,0.0500
2904,545699,-78.72,51,0,0.0500
2905,545806,-55.82,107,0,0.0500
2906,546047,606.74,241,1,0.0500
2907,546146,-62.12,99,0,0.0500
2908,546410,607.77,264,1,0.0500
2909,546497,-59.70,87,0,0.0500
2910,546686,-20.91,189,0,0.0500
2911,546791,-56.22,105,0,0.0500
2912,547036,605.84,245,1,0.0500
2913,547291,607.83,255,1,0.0500
2914,547397,-60.62,106,0,0.0500
2915,547582,-31.27,185,0,0.0500
2916,547766,-19.92,184,0,0.0500
2917,547844,-60.55,78,0,0.0500
2918,548110,606.16,266,1,0.0500
2919,548292,-20.53,182,0,0.0500
2920,548313,-91.80,21,0,0.0500
2921,548418,-61.26,105,0,0.0500
2922,548675,606.77,257,1,0.0500
2923,548699,-91.60,24,0,0.0500
2924,548897,-19.95,198,0,0.0500
2925,549078,-21.78,181,0,0.0500
2926,549176,-62.44,98,0,0.0500
2927,549428,606.63,252,1,0.0500
2928,549713,609.25,285,1,0.0500
2929,549895,-31.00,182,0,0.0500
2930,550166,606.60,271,1,0.0500
2931,550423,605.50,257,1,0.0500
2932,550505,-62.79,82,0,0.0500
2933,550713,-17.11,208,0,0.0500
2934,550969,605.91,256,1,0.0500
2935,551078,-55.42,109,0,0.0500
2936,551346,606.75,268,1,0.0500
2937,551615,607.72,269,1,0.0500
2938,551862,606.99,247,1,0.0500
2939,552089,606.14,227,1,0.0500
2940,552204,-56.68,115,0,0.0500
2941,552286,-63.21,82,0,0.0500
2942,552362,-62.65,76,0,0.0500
2943,552623,606.32,261,1,0.0500
2944,552906,610.68,283,1,0.0500
2945,553020,-59.97,114,0,0.0500
2946,553280,607.45,260,1,0.0500
2947,553559,608.69,279,1,0.0500
2948,553821,609.24,262,1,0.0500
2949,554057,606.98,236,1,0.0500
2950,554167,-55.85,110,0,0.0500
2951,554423,607.62,256,1,0.0500
2952,554576,-33.80,153,0,0.0500
2953,554856,607.89,280,1,0.0500
2954,554960,-61.81,104,0,0.0500
2955,555025,-80.60,65,0,0.0500
2956,555282,607.93,257,1,0.0500
2957,555572,609.69,290,1,0.0500
2958,555755,-20.52,183,0,0.0500
2959,555854,-62.33,99,0,0.0500
2960,556117,607.54,263,1,0.0500
2961,556375,608.87,258,1,0.0500
2962,556657,611.56,282,1,0.0500
2963,556759,-61.68,102,0,0.0500
2964,556856,-61.21,97,0,0.0500
2965,556877,-92.00,21,0,0.0500
2966,556985,-61.59,108,0,0.0500
2967,557007,-92.00,22,0,0.0500
2968,557248,608.22,241,1,0.0500
2969,557531,607.98,283,1,0.0500
2970,557552,-92.00,21,0,0.0500
2971,557631,-61.71,79,0,0.0500
2972,557886,607.15,255,1,0.0500
2973,558137,606.82,251,1,0.0500
2974,558414,607.08,277,1,0.0500
2975,558666,607.66,252,1,0.0500
2976,558924,607.71,258,1,0.0500
2977,559201,610.46,277,1,0.0500
2978,559484,608.06,283,1,0.0500
2979,559737,605.97,253,1,0.0500
2980,559857,-55.77,120,0,0.0500
2981,559972,-56.68,115,0,0.0500
2982,560245,606.50,273,1,0.0500
2983,560354,-55.84,109,0,0.0500
2984,560581,607.18,227,1,0.0500
2985,560759,-20.89,178,0,0.0500
2986,561044,609.04,285,1,0.0500
2987,561307,607.13,263,1,0.0500
2988,561579,607.37,272,1,0.0500
2989,561844,607.62,265,1,0.0500
2990,561940,-61.20,96,0,0.0500
2991,562206,605.81,266,1,0.0500
2992,562309,-61.63,103,0,0.0500
2993,562598,609.48,289,1,0.0500
2994,562862,605.95,264,1,0.0500
2995,562965,-61.27,103,0,0.0500
2996,563068,-62.47,103,0,0.0500
2997,563173,-61.87,105,0,0.0500
2998,563278,-61.45,105,0,0.0500
2999,563382,-61.44,104,0,0.0500
3000,563664,608.22,282,1,0.0500
3001,563766,-62.83,102,0,0.0500
3002,564015,606.54,249,1,0.0500
3003,564274,607.50,259,1,0.0500
3004,564426,-33.40,152,0,0.0500
3005,564535,-60.64,109,0,0.0500
3006,564558,-91.95,23,0,0.0500
3007,564848,609.46,290,1,0.0500
3008,564954,-61.89,106,0,0.0500
3009,565203,606.88,249,1,0.0500
3010,565471,607.05,268,1,0.0500
3011,565571,-61.82,100,0,0.0500
3012,565856,609.56,285,1,0.0500
3013,566123,607.29,267,1,0.0500
3014,566360,606.88,237,1,0.0500
3015,566634,608.15,274,1,0.0500
3016,566890,607.63,256,1,0.0500
3017,567004,-59.96,114,0,0.0500
3018,567234,609.25,230,1,0.0500
3019,567502,606.10,268,1,0.0500
3020,567736,608.38,234,1,0.0500
3021,568019,609.66,283,1,0.0500
3022,568126,-60.86,107,0,0.0500
3023,568385,606.61,259,1,0.0500
3024,568487,-62.15,102,0,0.0500
3025,568593,-61.27,106,0,0.0500
3026,568696,-54.10,103,0,0.0500
3027,568978,612.09,282,1,0.0500
3028,569231,606.59,253,1,0.0500
3029,569342,-61.09,111,0,0.0500
3030,569527,-20.23,185,0,0.0500
3031,569708,-20.29,181,0,0.0500
3032,569821,-55.46,113,0,0.0500
3033,569844,-92.00,23,0,0.0500
3034,569866,-91.80,22,0,0.0500
3035,570132,608.75,266,1,0.0500
3036,570240,-55.41,108,0,0.0500
3037,570506,610.32,266,1,0.0500
3038,570594,-60.85,88,0,0.0500
3039,570869,607.22,275,1,0.0500
3040,571109,607.47,240,1,0.0500
3041,571311,-19.99,202,0,0.0500
3042,571409,-62.01,98,0,0.0500
3043,571652,606.72,243,1,0.0500
3044,571708,-80.47,56,0,0.0500
3045,571971,606.35,263,1,0.0500
3046,572224,608.60,253,1,0.0500
3047,572370,-33.37,146,0,0.0500
3048,572654,608.51,284,1,0.0500
3049,572932,610.25,278,1,0.0500
3050,573200,608.55,268,1,0.0500
3051,573407,-18.36,207,0,0.0500
3052,573649,606.61,242,1,0.0500
3053,573906,606.76,257,1,0.0500
3054,574168,607.77,262,1,0.0500
3055,574347,-20.40,179,0,0.0500
3056,574460,-55.88,113,0,0.0500
3057,574744,608.89,284,1,0.0500
3058,575007,608.06,263,1,0.0500
3059,575077,-64.36,70,0,0.0500
3060,575335,606.08,258,1,0.0500
3061,575581,606.43,246,1,0.0500
3062,575734,-32.64,153,0,0.0500
3063,575998,606.28,264,1,0.0500
3064,576236,607.07,238,1,0.0500
3065,576511,607.44,275,1,0.0500
3066,576657,-33.43,146,0,0.0500
3067,576754,-61.21,97,0,0.0500
3068,576776,-91.81,22,0,0.0500
3069,577035,606.60,259,1,0.0500
3070,577233,-19.11,198,0,0.0500
3071,577319,-62.83,86,0,0.0500
3072,577420,-62.25,101,0,0.0500
3073,577697,607.29,277,1,0.0500
3074,577941,607.43,244,1,0.0500
3075,578123,-20.51,182,0,0.0500
3076,578373,606.12,250,1,0.0500
3077,578556,-21.30,183,0,0.0500
3078,578747,-31.85,191,0,0.0500
3079,579013,607.61,266,1,0.0500
3080,579115,-62.68,102,0,0.0500
3081,579167,-79.15,52,0,0.0500
3082,579272,-60.75,105,0,0.0500
3083,579525,606.17,253,1,0.0500
3084,579562,-84.64,37,0,0.0500
3085,579583,-91.80,21,0,0.0500
3086,579839,609.41,256,1,0.0500
3087,580101,606.93,262,1,0.0500
3088,580366,608.14,265,1,0.0500
3089,580619,606.17,253,1,0.0500
3090,580874,606.78,255,1,0.0500
3091,581136,608.09,262,1,0.0500
3092,581398,606.92,262,1,0.0500
3093,581651,609.86,253,1,0.0500
3094,581747,-60.21,96,0,0.0500
3095,581989,606.82,242,1,0.0500
3096,582084,-61.61,95,0,0.0500
3097,582266,-33.70,182,0,0.0500
3098,582539,607.14,273,1,0.0500
3099,582723,-19.62,184,0,0.0500
3100,582977,608.24,254,1,0.0500
3101,583229,607.78,252,1,0.0500
3102,583478,606.00,249,1,0.0500
3103,583708,606.73,230,1,0.0500
3104,583971,609.01,263,1,0.0500
3105,584242,606.73,271,1,0.0500
3106,584503,606.73,261,1,0.0500
3107,584663,-35.94,160,0,0.0500
3108,584841,-32.49,178,0,0.0500
3109,585116,608.38,275,1,0.0500
3110,585295,-34.25,179,0,0.0500
3111,585549,606.16,254,1,0.0500
3112,585805,608.68,256,1,0.0500
3113,586049,606.26,244,1,0.0500
3114,586208,-33.63,159,0,0.0500
3115,586381,-30.61,173,0,0.0500
3116,586639,606.97,258,1,0.0500
3117,586738,-61.92,99,0,0.0500
3118,586986,606.05,248,1,0.0500
3119,587241,607.92,255,1,0.0500
3120,587348,-60.16,107,0,0.0500
3121,587441,-61.95,93,0,0.0500
3122,587539,-61.27,98,0,0.0500
3123,587648,-56.26,109,0,0.0500
3124,587761,-55.49,113,0,0.0500
3125,588003,606.61,242,1,0.0500
3126,588190,-32.23,187,0,0.0500
3127,588417,605.92,227,1,0.0500
3128,588598,-33.85,181,0,0.0500
3129,588774,-20.68,176,0,0.0500
3130,589046,607.13,272,1,0.0500
3131,589141,-64.22,95,0,0.0500
3132,589406,608.16,265,1,0.0500
3133,589605,-31.82,199,0,0.0500
3134,589703,-61.60,98,0,0.0500
3135,589807,-61.86,104,0,0.0500
3136,589861,-79.67,54,0,0.0500
3137,590077,-27.26,216,0,0.0500
3138,590158,-63.83,81,0,0.0500
3139,590343,-21.13,185,0,0.0500
3140,590525,-20.20,182,0,0.0500
3141,590628,-54.52,103,0,0.0500
3142,590786,-34.88,158,0,0.0500
3143,591041,606.37,255,1,0.0500
3144,591307,608.45,266,1,0.0500
3145,591455,-33.33,148,0,0.0500
3146,591559,-61.18,104,0,0.0500
3147,591599,-85.19,40,0,0.0500
3148,591778,-21.11,179,0,0.0500
3149,592025,609.50,247,1,0.0500
3150,592267,607.87,242,1,0.0500
3151,592520,607.02,253,1,0.0500
3152,592772,607.15,252,1,0.0500
3153,592852,-60.26,80,0,0.0500
3154,593117,607.92,265,1,0.0500
3155,593222,-62.10,105,0,0.0500
3156,593465,607.44,243,1,0.0500
3157,593729,607.41,264,1,0.0500
3158,593969,606.74,240,1,0.0500
3159,594239,607.47,270,1,0.0500
3160,594419,-20.72,180,0,0.0500
3161,594672,607.96,253,1,0.0500
3162,594850,-33.72,178,0,0.0500
3163,595100,608.10,250,1,0.0500
3164,595376,608.27,276,1,0.0500
3165,595654,607.69,278,1,0.0500
3166,595925,606.92,271,1,0.0500
3167,596207,608.03,282,1,0.0500
3168,596466,609.60,259,1,0.0500
3169,596725,607.40,259,1,0.0500
3170,596985,606.74,260,1,0.0500
3171,597165,-33.84,180,0,0.0500
3172,597246,-62.57,81,0,0.0500
3173,597502,606.35,256,1,0.0500
3174,597754,606.30,252,1,0.0500
3175,597866,-59.68,112,0,0.0500
3176,598040,-20.88,174,0,0.0500
3177,598091,-79.56,51,0,0.0500
3178,598346,608.68,255,1,0.0500
3179,598524,-20.47,178,0,0.0500
3180,598669,-32.97,145,0,0.0500
3181,598752,-59.96,83,0,0.0500
3182,599029,607.70,277,1,0.0500
3183,599275,606.75,246,1,0.0500
3184,599527,607.21,252,1,0.0500
3185,599773,606.45,246,1,0.0500
3186,600042,606.77,269,1,0.0500
3187,600291,608.22,249,1,0.0500
3188,600555,608.72,264,1,0.0500
3189,600644,-60.85,89,0,0.0500
3190,600667,-91.60,23,0,0.0500
3191,600722,-79.72,55,0,0.0500
3192,600903,-20.25,181,0,0.0500
3193,601055,-32.60,152,0,0.0500
3194,601096,-84.85,41,0,0.0500
3195,601347,606.62,251,1,0.0500
3196,601595,606.23,248,1,0.0500
3197,601687,-61.49,92,0,0.0500
3198,601936,607.48,249,1,0.0500
3199,602083,-33.89,147,0,0.0500
3200,602345,606.09,262,1,0.0500
3201,602456,-60.77,111,0,0.0500
3202,602553,-61.69,97,0,0.0500
3203,602800,608.03,247,1,0.0500
3204,603086,609.86,286,1,0.0500
3205,603312,605.93,226,1,0.0500
3206,603465,-32.31,153,0,0.0500
3207,603502,-85.24,37,0,0.0500
3208,603611,-60.88,109,0,0.0500
3209,603862,607.34,251,1,0.0500
3210,604043,-20.84,181,0,0.0500
3211,604265,605.55,222,1,0.0500
3212,604543,608.11,278,1,0.0500
3213,604628,-60.79,85,0,0.0500
3214,604849,605.26,221,1,0.0500
3215,604898,-79.75,49,0,0.0500
3216,604938,-84.85,40,0,0.0500
3217,604961,-91.60,23,0,0.0500
3218,605064,-61.54,103,0,0.0500
3219,605209,-32.94,145,0,0.0500
3220,605471,608.40,262,1,0.0500
3221,605571,-61.29,100,0,0.0500
3222,605827,608.24,256,1,0.0500
3223,606096,607.91,269,1,0.0500
3224,606342,607.22,246,1,0.0500
3225,606393,-79.35,51,0,0.0500
3226,606666,609.42,273,1,0.0500
3227,606926,608.02,260,1,0.0500
3228,607176,606.85,250,1,0.0500
3229,607258,-60.07,82,0,0.0500
3230,607432,-20.88,174,0,0.0500
3231,607538,-61.26,106,0,0.0500
3232,607713,-20.86,175,0,0.0500
3233,607752,-85.44,39,0,0.0500
3234,607840,-58.87,88,0,0.0500
3235,608092,605.23,252,1,0.0500
3236,608276,-21.66,184,0,0.0500
3237,608317,-85.25,41,0,0.0500
3238,608412,-60.97,95,0,0.0500
3239,608656,610.37,244,1,0.0500
3240,608914,607.81,258,1,0.0500
3241,609093,-21.01,179,0,0.0500
3242,609274,-20.40,181,0,0.0500
3243,609382,-55.83,108,0,0.0500
3244,609523,-36.50,141,0,0.0500
3245,609784,607.15,261,1,0.0500
3246,610060,608.05,276,1,0.0500
3247,610305,606.91,245,1,0.0500
3248,610579,607.12,274,1,0.0500
3249,610764,-31.57,185,0,0.0500
3250,611018,605.96,254,1,0.0500
3251,611249,606.52,231,1,0.0500
3252,611484,606.99,235,1,0.0500
3253,611734,606.96,250,1,0.0500
3254,611977,605.11,243,1,0.0500
3255,612067,-60.15,90,0,0.0500
3256,612324,606.98,257,1,0.0500
3257,612419,-63.65,95,0,0.0500
3258,612696,607.62,277,1,0.0500
3259,612798,-61.84,102,0,0.0500
3260,613092,610.69,294,1,0.0500
3261,613333,607.46,241,1,0.0500
3262,613518,-21.55,185,0,0.0500
3263,613560,-84.86,42,0,0.0500
3264,613744,-32.27,184,0,0.0500
3265,613992,607.05,248,1,0.0500
3266,614231,606.64,239,1,0.0500
3267,614466,607.52,235,1,0.0500
3268,614503,-85.24,37,0,0.0500
3269,614775,610.52,272,1,0.0500
3270,615013,607.29,238,1,0.0500
3271,615052,-85.25,39,0,0.0500
3272,615309,607.27,257,1,0.0500
3273,615359,-79.55,50,0,0.0500
3274,615448,-59.98,89,0,0.0500
3275,615685,607.50,237,1,0.0500
3276,615949,608.27,264,1,0.0500
3277,616183,605.64,234,1,0.0500
3278,616413,606.52,230,1,0.0500
3279,616690,608.04,277,1,0.0500
3280,616780,-58.37,90,0,0.0500
3281,616893,-59.98,113,0,0.0500
3282,617151,608.01,258,1,0.0500
3283,617386,606.26,235,1,0.0500
3284,617644,607.72,258,1,0.0500
3285,617743,-60.71,99,0,0.0500
3286,617853,-57.83,110,0,0.0500
3287,617958,-53.70,105,0,0.0500
3288,618063,-61.26,105,0,0.0500
3289,618329,608.99,266,1,0.0500
3290,618378,-79.54,49,0,0.0500
3291,618627,607.72,249,1,0.0500
3292,618879,608.29,252,1,0.0500
3293,619126,606.56,247,1,0.0500
3294,619305,-20.27,179,0,0.0500
3295,619559,607.22,254,1,0.0500
3296,619648,-60.55,89,0,0.0500
3297,619728,-59.84,80,0,0.0500
3298,619987,607.36,259,1,0.0500
3299,620253,608.36,266,1,0.0500
3300,620433,-20.27,180,0,0.0500
3301,620604,-31.43,171,0,0.0500
3302,620695,-60.58,91,0,0.0500
3303,620959,607.33,264,1,0.0500
3304,621212,606.28,253,1,0.0500
3305,621304,-59.53,92,0,0.0500
3306,621353,-78.70,49,0,0.0500
3307,621614,607.13,261,1,0.0500
3308,621870,607.20,256,1,0.0500
3309,622124,608.05,254,1,0.0500
3310,622389,606.99,265,1,0.0500
3311,622536,-32.76,147,0,0.0500
3312,622786,607.60,250,1,0.0500
3313,623048,607.65,262,1,0.0500
3314,623276,606.12,228,1,0.0500
3315,623374,-61.60,98,0,0.0500
3316,623463,-60.98,89,0,0.0500
3317,623574,-60.06,111,0,0.0500
3318,623614,-84.85,40,0,0.0500
3319,623869,606.69,255,1,0.0500
3320,623971,-61.22,102,0,0.0500
3321,624158,-19.70,187,0,0.0500
3322,624337,-20.81,179,0,0.0500
3323,624599,605.37,262,1,0.0500
3324,624752,-31.89,153,0,0.0500
3325,624862,-55.85,110,0,0.0500
3326,625110,606.11,248,1,0.0500
3327,625281,-30.41,171,0,0.0500
3328,625537,607.62,256,1,0.0500
3329,625826,611.02,289,1,0.0500
3330,625926,-54.91,100,0,0.0500
3331,626156,605.69,230,1,0.0500
3332,626206,-79.55,50,0,0.0500
3333,626400,-18.64,194,0,0.0500
3334,626645,606.38,245,1,0.0500
3335,626902,606.99,257,1,0.0500
3336,627178,609.73,276,1,0.0500
3337,627425,606.02,247,1,0.0500
3338,627474,-78.90,49,0,0.0500
3339,627742,607.08,268,1,0.0500
3340,628007,607.82,265,1,0.0500
3341,628271,607.75,264,1,0.0500
3342,628366,-61.15,95,0,0.0500
3343,628451,-59.68,85,0,0.0500
3344,628695,605.67,244,1,0.0500
3345,628781,-60.94,86,0,0.0500
3346,629010,605.17,229,1,0.0500
3347,629103,-60.16,93,0,0.0500
3348,629367,608.45,264,1,0.0500
3349,629512,-32.88,145,0,0.0500
3350,629762,610.73,250,1,0.0500
3351,629943,-20.71,181,0,0.0500
3352,630192,605.37,249,1,0.0500
3353,630426,607.33,234,1,0.0500
3354,630609,-20.73,183,0,0.0500
3355,630756,-32.76,147,0,0.0500
3356,630998,605.56,242,1,0.0500
3357,631252,606.37,254,1,0.0500
3358,631494,606.82,242,1,0.0500
3359,631641,-32.57,147,0,0.0500
3360,631753,-56.80,112,0,0.0500
3361,631864,-60.66,111,0,0.0500
3362,631945,-61.47,81,0,0.0500
3363,632034,-61.40,89,0,0.0500
3364,632122,-61.18,88,0,0.0500
3365,632369,608.97,247,1,0.0500
3366,632612,605.32,243,1,0.0500
3367,632836,606.37,224,1,0.0500
3368,633010,-30.63,174,0,0.0500
3369,633195,-21.71,185,0,0.0500
3370,633448,607.62,253,1,0.0500
3371,633689,606.12,241,1,0.0500
3372,633930,607.04,241,1,0.0500
3373,634193,607.86,263,1,0.0500
3374,634443,605.49,250,1,0.0500
3375,634537,-61.29,94,0,0.0500
3376,634785,606.23,248,1,0.0500
3377,634826,-84.86,41,0,0.0500
3378,635080,608.19,254,1,0.0500
3379,635369,610.12,289,1,0.0500
3380,635454,-59.46,85,0,0.0500
3381,635729,607.74,275,1,0.0500
3382,635976,606.96,247,1,0.0500
3383,636084,-60.45,108,0,0.0500
3384,636133,-79.12,49,0,0.0500
3385,636184,-78.30,51,0,0.0500
3386,636368,-20.26,184,0,0.0500
3387,636547,-20.68,179,0,0.0500
3388,636822,608.15,275,1,0.0500
3389,637104,608.05,282,1,0.0500
3390,637212,-57.93,108,0,0.0500
3391,637464,605.75,252,1,0.0500
3392,637573,-60.88,109,0,0.0500
3393,637680,-58.54,107,0,0.0500
3394,637936,607.41,256,1,0.0500
3395,638196,607.25,260,1,0.0500
3396,638378,-20.62,182,0,0.0500
3397,638612,606.38,234,1,0.0500
3398,638854,607.79,242,1,0.0500
3399,639125,609.68,271,1,0.0500
3400,639372,607.94,247,1,0.0500
3401,639636,608.79,264,1,0.0500
3402,639710,-63.22,74,0,0.0500
3403,639990,607.47,280,1,0.0500
3404,640251,606.30,261,1,0.0500
3405,640505,608.90,254,1,0.0500
3406,640781,608.35,276,1,0.0500
3407,640927,-32.95,146,0,0.0500
3408,641158,606.72,231,1,0.0500
3409,641396,606.23,238,1,0.0500
3410,641447,-77.88,51,0,0.0500
3411,641553,-60.72,106,0,0.0500
3412,641797,606.90,244,1,0.0500
3413,642035,608.85,238,1,0.0500
3414,642214,-20.69,179,0,0.0500
3415,642465,607.35,251,1,0.0500
3416,642729,606.28,264,1,0.0500
3417,642955,605.72,226,1,0.0500
3418,643209,605.57,254,1,0.0500
3419,643321,-61.92,112,0,0.0500
3420,643563,607.24,242,1,0.0500
3421,643812,608.85,249,1,0.0500
3422,643990,-19.86,178,0,0.0500
3423,644085,-60.26,95,0,0.0500
3424,644181,-62.00,96,0,0.0500
3425,644439,606.24,258,1,0.0500
3426,644537,-61.66,98,0,0.0500
3427,644787,607.39,250,1,0.0500
3428,644878,-61.05,91,0,0.0500
3429,645156,607.36,278,1,0.0500
3430,645296,-32.50,140,0,0.0500
3431,645555,606.54,259,1,0.0500
3432,645660,-61.20,105,0,0.0500
3433,645746,-61.24,86,0,0.0500
3434,645932,-21.20,186,0,0.0500
3435,646175,607.24,243,1,0.0500
3436,646354,-21.15,179,0,0.0500
3437,646403,-78.49,49,0,0.0500
3438,646494,-60.21,91,0,0.0500
3439,646671,-20.49,177,0,0.0500
3440,646858,-21.51,187,0,0.0500
3441,647108,606.43,250,1,0.0500
3442,647159,-79.03,51,0,0.0500
3443,647266,-60.98,107,0,0.0500
3444,647491,606.88,225,1,0.0500
3445,647740,608.02,249,1,0.0500
3446,647988,606.72,248,1,0.0500
3447,648129,-36.48,141,0,0.0500
3448,648221,-59.74,92,0,0.0500
3449,648323,-61.35,102,0,0.0500
3450,648407,-61.34,84,0,0.0500
3451,648492,-60.94,85,0,0.0500
3452,648588,-60.78,96,0,0.0500
3453,648670,-61.11,82,0,0.0500
3454,648763,-61.70,93,0,0.0500
3455,648812,-78.28,49,0,0.0500
3456,648921,-56.26,109,0,0.0500
3457,648972,-79.35,51,0,0.0500
3458,649012,-84.85,40,0,0.0500
3459,649276,607.31,264,1,0.0500
3460,649460,-21.16,184,0,0.0500
3461,649721,606.52,261,1,0.0500
3462,649962,608.01,241,1,0.0500
3463,650049,-61.05,87,0,0.0500
3464,650285,607.93,236,1,0.0500
3465,650547,607.65,262,1,0.0500
3466,650661,-56.67,114,0,0.0500
3467,650751,-61.04,90,0,0.0500
3468,650934,-21.21,183,0,0.0500
3469,651017,-61.39,83,0,0.0500
3470,651267,606.81,250,1,0.0500
3471,651521,606.32,254,1,0.0500
3472,651777,607.41,256,1,0.0500
3473,651853,-60.75,76,0,0.0500
3474,651944,-61.09,91,0,0.0500
3475,652031,-60.75,87,0,0.0500
3476,652125,-61.11,94,0,0.0500
3477,652206,-61.47,81,0,0.0500
3478,652457,606.62,251,1,0.0500
3479,652705,607.16,248,1,0.0500
3480,652813,-60.03,108,0,0.0500
3481,652862,-78.59,49,0,0.0500
3482,652959,-61.69,97,0,0.0500
3483,653234,606.80,275,1,0.0500
3484,653467,607.01,233,1,0.0500
3485,653552,-61.36,85,0,0.0500
3486,653814,609.23,262,1,0.0500
3487,654066,606.13,252,1,0.0500
3488,654154,-60.60,88,0,0.0500
3489,654230,-60.84,76,0,0.0500
3490,654392,-32.73,162,0,0.0500
3491,654475,-59.90,83,0,0.0500
3492,654751,607.79,276,1,0.0500
3493,654926,-20.86,175,0,0.0500
3494,655002,-60.64,76,0,0.0500
3495,655095,-61.70,93,0,0.0500
3496,655358,609.44,263,1,0.0500
3497,655440,-60.69,82,0,0.0500
3498,655665,605.39,225,1,0.0500
3499,655747,-60.07,82,0,0.0500
3500,655925,-20.89,178,0,0.0500
3501,656018,-61.29,93,0,0.0500
3502,656130,-59.55,112,0,0.0500
3503,656371,606.63,241,1,0.0500
3504,656418,-79.00,47,0,0.0500
3505,656509,-60.68,91,0,0.0500
3506,656597,-61.18,88,0,0.0500
3507,656673,-60.64,76,0,0.0500
3508,656758,-61.14,85,0,0.0500
3509,656846,-61.24,88,0,0.0500
3510,656932,-61.15,86,0,0.0500
3511,657037,-58.20,105,0,0.0500
3512,657124,-59.49,87,0,0.0500
3513,657200,-60.75,76,0,0.0500
3514,657484,611.54,284,1,0.0500
3515,657565,-60.90,81,0,0.0500
3516,657656,-59.74,91,0,0.0500
3517,657914,606.65,258,1,0.0500
3518,658169,607.64,255,1,0.0500
3519,658353,-19.75,184,0,0.0500
3520,658597,605.94,244,1,0.0500
3521,658646,-78.70,49,0,0.0500
3522,658833,-21.39,187,0,0.0500
3523,658924,-61.00,91,0,0.0500
3524,659013,-61.03,89,0,0.0500
3525,659271,608.32,258,1,0.0500
3526,659348,-60.76,77,0,0.0500
3527,659432,-59.25,84,0,0.0500
3528,659677,604.74,245,1,0.0500
3529,659782,-59.87,105,0,0.0500
3530,660025,606.18,243,1,0.0500
3531,660180,-34.26,155,0,0.0500
3532,660440,608.62,260,1,0.0500
3533,660529,-60.23,89,0,0.0500
3534,660711,-21.89,182,0,0.0500
3535,660965,607.22,254,1,0.0500
3536,661165,-21.07,200,0,0.0500
3537,661426,607.39,261,1,0.0500
3538,661512,-60.53,86,0,0.0500
3539,661757,607.84,245,1,0.0500
3540,662033,607.89,276,1,0.0500
3541,662277,608.28,244,1,0.0500
3542,662326,-79.54,49,0,0.0500
3543,662408,-59.80,82,0,0.0500
3544,662496,-60.13,88,0,0.0500
3545,662536,-85.05,40,0,0.0500
3546,662646,-56.27,110,0,0.0500
3547,662735,-60.60,89,0,0.0500
3548,662824,-60.83,89,0,0.0500
3549,662873,-79.54,49,0,0.0500
3550,662922,-79.54,49,0,0.0500
3551,663108,-21.82,186,0,0.0500
3552,663323,-22.63,215,0,0.0500
3553,663579,608.25,256,1,0.0500
3554,663821,605.78,242,1,0.0500
3555,663926,-60.84,105,0,0.0500
3556,664032,-61.69,106,0,0.0500
3557,664079,-79.00,47,0,0.0500
3558,664336,606.88,257,1,0.0500
3559,664483,-33.17,147,0,0.0500
3560,664580,-61.21,97,0,0.0500
3561,664840,606.94,260,1,0.0500
3562,664928,-60.61,88,0,0.0500
3563,665041,-56.30,113,0,0.0500
3564,665300,608.34,259,1,0.0500
3565,665325,-92.01,25,0,0.0500
3566,665575,607.19,250,1,0.0500
3567,665673,-63.28,98,0,0.0500
3568,665763,-61.03,90,0,0.0500
3569,665816,-80.31,53,0,0.0500
3570,665972,-33.84,156,0,0.0500
3571,666056,-61.29,84,0,0.0500
3572,666153,-60.21,97,0,0.0500
3573,666403,606.02,250,1,0.0500
3574,666513,-60.33,110,0,0.0500
3575,666594,-61.20,81,0,0.0500
3576,666686,-61.27,92,0,0.0500
3577,666947,606.96,261,1,0.0500
3578,667033,-60.89,86,0,0.0500
3579,667117,-61.19,84,0,0.0500
3580,667378,608.01,261,1,0.0500
3581,667454,-60.64,76,0,0.0500
3582,667729,607.83,275,1,0.0500
3583,667818,-60.14,89,0,0.0500
3584,667902,-60.09,84,0,0.0500
3585,668188,609.44,286,1,0.0500
3586,668297,-62.09,109,0,0.0500
3587,668386,-60.14,89,0,0.0500
3588,668489,-60.54,103,0,0.0500
3589,668584,-61.19,95,0,0.0500
3590,668678,-60.60,94,0,0.0500
3591,668757,-60.78,79,0,0.0500
3592,668915,-32.23,158,0,0.0500
3593,669002,-61.01,87,0,0.0500
3594,669182,-20.21,180,0,0.0500
3595,669268,-60.38,86,0,0.0500
3596,669361,-61.59,93,0,0.0500
3597,669634,607.06,273,1,0.0500
3598,669897,607.97,263,1,0.0500
3599,670081,-21.19,184,0,0.0500
3600,670332,606.40,251,1,0.0500
3601,670581,607.24,249,1,0.0500
3602,670780,-22.36,199,0,0.0500
3603,670957,-19.74,177,0,0.0500
3604,671211,606.05,254,1,0.0500
3605,671293,-60.17,82,0,0.0500
3606,671379,-61.25,86,0,0.0500
3607,671620,607.88,241,1,0.0500
3608,671727,-61.70,107,0,0.0500
3609,671816,-61.03,89,0,0.0500
3610,672057,605.97,241,1,0.0500
3611,672147,-60.84,90,0,0.0500
3612,672388,606.12,241,1,0.0500
3613,672475,-61.01,87,0,0.0500
3614,672724,605.97,249,1,0.0500
3615,672803,-60.56,79,0,0.0500
3616,673071,608.01,268,1,0.0500
3617,673309,606.23,238,1,0.0500
3618,673406,-60.49,97,0,0.0500
3619,673654,607.16,248,1,0.0500
3620,673756,-61.84,102,0,0.0500
3621,673843,-61.23,87,0,0.0500
3622,674093,606.83,250,1,0.0500
3623,674180,-61.47,87,0,0.0500
3624,674221,-84.85,41,0,0.0500
3625,674315,-60.96,94,0,0.0500
3626,674414,-61.24,99,0,0.0500
3627,674497,-60.97,83,0,0.0500
3628,674778,609.80,281,1,0.0500
3629,675052,607.11,274,1,0.0500
3630,675302,605.95,250,1,0.0500
3631,675388,-60.20,86,0,0.0500
3632,675477,-61.45,89,0,0.0500
3633,675529,-78.94,52,0,0.0500
3634,675622,-61.79,93,0,0.0500
3635,675661,-85.04,39,0,0.0500
3636,675961,612.95,300,1,0.0500
3637,676049,-61.48,88,0,0.0500
3638,676163,-60.59,114,0,0.0500
3639,676246,-60.07,83,0,0.0500
3640,676493,605.93,247,1,0.0500
3641,676738,608.69,245,1,0.0500
3642,676974,606.04,236,1,0.0500
3643,677234,606.95,260,1,0.0500
3644,677460,606.98,226,1,0.0500
3645,677734,609.98,274,1,0.0500
3646,677759,-91.61,25,0,0.0500
3647,677908,-33.23,149,0,0.0500
3648,677985,-60.76,77,0,0.0500
3649,678232,607.28,247,1,0.0500
3650,678272,-84.85,40,0,0.0500
3651,678515,606.88,243,1,0.0500
3652,678750,607.01,235,1,0.0500
3653,678899,-33.47,149,0,0.0500
3654,679100,-17.46,201,0,0.0500
3655,679347,607.16,247,1,0.0500
3656,679451,-61.86,104,0,0.0500
3657,679556,-62.10,105,0,0.0500
3658,679828,607.09,272,1,0.0500
3659,680012,-21.48,184,0,0.0500
3660,680274,606.72,262,1,0.0500
3661,680295,-92.00,21,0,0.0500
3662,680580,608.58,285,1,0.0500
3663,680826,605.83,246,1,0.0500
3664,681061,607.41,235,1,0.0500
3665,681316,606.16,255,1,0.0500
3666,681562,606.03,246,1,0.0500
3667,681821,606.22,259,1,0.0500
3668,681913,-61.10,92,0,0.0500
3669,682167,606.60,254,1,0.0500
3670,682262,-61.61,95,0,0.0500
3671,682426,-33.98,164,0,0.0500
3672,682611,-21.26,185,0,0.0500
3673,682701,-60.14,90,0,0.0500
3674,682982,607.88,281,1,0.0500
3675,683234,606.43,252,1,0.0500
3676,683476,605.33,242,1,0.0500
3677,683565,-59.86,89,0,0.0500
3678,683824,607.61,259,1,0.0500
3679,683909,-59.58,85,0,0.0500
3680,684016,-62.49,107,0,0.0500
3681,684176,-31.63,160,0,0.0500
3682,684281,-61.37,105,0,0.0500
3683,684370,-60.61,89,0,0.0500
3684,684625,608.68,255,1,0.0500
3685,684802,-20.15,177,0,0.0500
3686,684915,-55.88,113,0,0.0500
3687,685012,-61.90,97,0,0.0500
3688,685098,-61.03,86,0,0.0500
3689,685186,-61.48,88,0,0.0500
3690,685370,-22.32,184,0,0.0500
3691,685627,608.34,257,1,0.0500
3692,685652,-92.16,25,0,0.0500
3693,685906,606.01,254,1,0.0500
3694,686175,607.70,269,1,0.0500
3695,686284,-61.72,109,0,0.0500
3696,686560,607.21,276,1,0.0500
3697,686672,-60.32,112,0,0.0500
3698,686757,-60.84,85,0,0.0500
3699,686912,-33.50,155,0,0.0500
3700,687094,-21.63,182,0,0.0500
3701,687177,-61.33,83,0,0.0500
3702,687442,611.01,265,1,0.0500
3703,687594,-31.75,152,0,0.0500
3704,687841,605.50,247,1,0.0500
3705,687889,-79.11,48,0,0.0500
3706,688145,608.15,256,1,0.0500
3707,688404,606.55,259,1,0.0500
3708,688590,-21.66,186,0,0.0500
3709,688699,-61.75,109,0,0.0500
3710,688933,606.81,234,1,0.0500
3711,689033,-57.09,100,0,0.0500
3712,689274,605.89,241,1,0.0500
3713,689465,-21.77,191,0,0.0500
3714,689618,-33.99,153,0,0.0500
3715,689856,606.65,238,1,0.0500
3716,689942,-60.95,86,0,0.0500
3717,690209,607.94,267,1,0.0500
3718,690480,609.99,271,1,0.0500
3719,690741,608.59,261,1,0.0500
3720,691004,607.34,263,1,0.0500
3721,691187,-20.52,183,0,0.0500
3722,691391,-22.31,204,0,0.0500
3723,691637,606.23,246,1,0.0500
3724,691819,-20.95,182,0,0.0500
3725,692101,611.79,282,1,0.0500
3726,692264,-31.78,163,0,0.0500
3727,692424,-32.37,160,0,0.0500
3728,692528,-61.87,104,0,0.0500
3729,692795,608.13,267,1,0.0500
3730,693040,605.72,245,1,0.0500
3731,693307,609.70,267,1,0.0500
3732,693507,-22.28,200,0,0.0500
3733,693528,-91.80,21,0,0.0500
3734,693581,-78.74,53,0,0.0500
3735,693844,608.11,263,1,0.0500
3736,693956,-55.03,112,0,0.0500
3737,694044,-60.97,88,0,0.0500
3738,694154,-54.25,110,0,0.0500
3739,694262,-61.71,108,0,0.0500
3740,694319,-80.76,57,0,0.0500
3741,694565,607.00,246,1,0.0500
3742,694616,-79.76,51,0,0.0500
3743,694894,609.40,278,1,0.0500
3744,694994,-54.91,100,0,0.0500
3745,695095,-61.72,101,0,0.0500
3746,695207,-61.51,112,0,0.0500
3747,695456,607.39,249,1,0.0500
3748,695646,-21.54,190,0,0.0500
3749,695735,-60.34,89,0,0.0500
3750,695979,607.76,244,1,0.0500
3751,696084,-62.48,105,0,0.0500
3752,696233,-32.78,149,0,0.0500
3753,696412,-20.40,179,0,0.0500
3754,696522,-58.88,110,0,0.0500
3755,696776,605.85,254,1,0.0500
3756,696824,-79.21,48,0,0.0500
3757,696936,-61.83,112,0,0.0500
3758,697042,-62.11,106,0,0.0500
3759,697301,607.36,259,1,0.0500
3760,697412,-61.70,111,0,0.0500
3761,697499,-61.01,87,0,0.0500
3762,697651,-33.56,152,0,0.0500
3763,697802,-32.91,151,0,0.0500
3764,697889,-60.96,87,0,0.0500
3765,698145,607.17,256,1,0.0500
3766,698235,-60.83,90,0,0.0500
3767,698341,-62.53,106,0,0.0500
3768,698429,-59.49,88,0,0.0500
3769,698611,-21.14,182,0,0.0500
3770,698773,-32.28,162,0,0.0500
3771,699003,606.10,230,1,0.0500
3772,699275,609.70,272,1,0.0500
3773,699526,606.32,251,1,0.0500
3774,699771,605.74,245,1,0.0500
3775,699876,-62.62,105,0,0.0500
3776,700159,608.08,283,1,0.0500
3777,700424,607.90,265,1,0.0500
3778,700475,-80.39,51,0,0.0500
3779,700754,607.48,279,1,0.0500
3780,700987,606.49,233,1,0.0500
3781,701039,-80.09,52,0,0.0500
3782,701309,608.96,270,1,0.0500
3783,701596,607.93,287,1,0.0500
3784,701891,612.60,295,1,0.0500
3785,701932,-85.05,41,0,0.0500
3786,702175,604.91,243,1,0.0500
3787,702359,-19.17,184,0,0.0500
3788,702465,-62.70,106,0,0.0500
3789,702705,605.68,240,1,0.0500
3790,702938,607.01,233,1,0.0500
3791,703181,607.95,243,1,0.0500
3792,703285,-61.85,104,0,0.0500
3793,703340,-80.02,55,0,0.0500
3794,703486,-32.95,146,0,0.0500
3795,703758,609.69,272,1,0.0500
3796,704035,607.26,277,1,0.0500
3797,704101,-79.44,66,0,0.0500
3798,704383,608.59,282,1,0.0500
3799,704489,-62.53,106,0,0.0500
3800,704580,-59.72,91,0,0.0500
3801,704732,-32.29,152,0,0.0500
3802,704991,607.40,259,1,0.0500
3803,705101,-61.31,110,0,0.0500
3804,705374,610.72,273,1,0.0500
3805,705462,-61.17,88,0,0.0500
3806,705617,-33.00,155,0,0.0500
3807,705814,-21.62,197,0,0.0500
3808,706058,605.84,244,1,0.0500
3809,706325,606.97,267,1,0.0500
3810,706568,607.14,243,1,0.0500
3811,706796,606.22,228,1,0.0500
3812,706904,-61.71,108,0,0.0500
3813,707013,-61.19,109,0,0.0500
3814,707301,609.27,288,1,0.0500
3815,707408,-60.68,107,0,0.0500
3816,707606,-19.11,198,0,0.0500
3817,707647,-85.34,41,0,0.0500
3818,707853,-23.67,206,0,0.0500
3819,708102,606.57,249,1,0.0500
3820,708391,608.64,289,1,0.0500
3821,708645,605.86,254,1,0.0500
3822,708752,-62.00,107,0,0.0500
3823,708862,-61.87,110,0,0.0500
3824,709047,-21.50,185,0,0.0500
3825,709071,-91.94,24,0,0.0500
3826,709151,-60.15,80,0,0.0500
3827,709434,607.37,283,1,0.0500
3828,709727,612.80,293,1,0.0500
3829,709959,605.76,232,1,0.0500
3830,710227,607.17,268,1,0.0500
3831,710506,607.06,279,1,0.0500
3832,710603,-61.90,97,0,0.0500
3833,710871,606.77,268,1,0.0500
3834,711085,-17.37,214,0,0.0500
3835,711342,606.78,257,1,0.0500
3836,711394,-80.09,52,0,0.0500
3837,711605,-21.55,211,0,0.0500
3838,711703,-59.90,98,0,0.0500
3839,711962,607.56,259,1,0.0500
3840,712224,609.45,262,1,0.0500
3841,712291,-64.10,67,0,0.0500
3842,712468,-20.66,177,0,0.0500
3843,712714,606.51,246,1,0.0500
3844,712821,-60.94,107,0,0.0500
3845,713063,608.71,242,1,0.0500
3846,713310,606.23,247,1,0.0500
3847,713362,-79.57,52,0,0.0500
3848,713527,-32.53,165,0,0.0500
3849,713782,608.15,255,1,0.0500
3850,713852,-64.14,70,0,0.0500
3851,714120,608.25,268,1,0.0500
3852,714145,-91.41,25,0,0.0500
3853,714250,-61.68,105,0,0.0500
3854,714506,606.15,256,1,0.0500
3855,714790,609.32,284,1,0.0500
3856,714984,-31.61,194,0,0.0500
3857,715074,-60.34,90,0,0.0500
3858,715322,607.07,248,1,0.0500
3859,715613,611.68,291,1,0.0500
3860,715853,607.69,240,1,0.0500
3861,716014,-32.39,161,0,0.0500
3862,716121,-58.78,107,0,0.0500
3863,716383,606.71,262,1,0.0500
3864,716567,-20.43,184,0,0.0500
3865,716821,607.33,254,1,0.0500
3866,717092,609.06,271,1,0.0500
3867,717201,-60.74,109,0,0.0500
3868,717351,-33.28,150,0,0.0500
3869,717505,-32.73,154,0,0.0500
3870,717788,610.57,283,1,0.0500
3871,718051,607.54,263,1,0.0500
3872,718300,606.64,249,1,0.0500
3873,718350,-78.91,50,0,0.0500
3874,718498,-33.81,148,0,0.0500
3875,718646,-33.22,148,0,0.0500
3876,718733,-61.05,87,0,0.0500
3877,718882,-32.48,149,0,0.0500
3878,718993,-61.10,111,0,0.0500
3879,719246,606.48,253,1,0.0500
3880,719332,-60.85,86,0,0.0500
3881,719484,-33.97,152,0,0.0500
3882,719745,606.52,261,1,0.0500
3883,719976,609.13,231,1,0.0500
3884,720226,606.53,250,1,0.0500
3885,720277,-79.35,51,0,0.0500
3886,720436,-34.47,159,0,0.0500
3887,720589,-34.40,153,0,0.0500
3888,720769,-20.40,180,0,0.0500
3889,720871,-61.37,102,0,0.0500
3890,721149,607.28,278,1,0.0500
3891,721262,-55.04,113,0,0.0500
3892,721372,-60.33,110,0,0.0500
3893,721536,-31.10,164,0,0.0500
3894,721785,608.10,249,1,0.0500
3895,721949,-33.49,164,0,0.0500
3896,722101,-35.29,152,0,0.0500
3897,722266,-34.11,165,0,0.0500
3898,722421,-34.85,155,0,0.0500
3899,722604,-21.57,183,0,0.0500
3900,722837,606.59,233,1,0.0500
3901,723004,-31.83,167,0,0.0500
3902,723095,-61.24,91,0,0.0500
3903,723262,-36.23,167,0,0.0500
3904,723525,607.94,263,1,0.0500
3905,723787,610.82,262,1,0.0500
3906,723936,-32.56,149,0,0.0500
3907,724082,-32.78,146,0,0.0500
3908,724361,608.14,279,1,0.0500
3909,724513,-32.11,152,0,0.0500
3910,724603,-60.98,90,0,0.0500
3911,724850,606.24,247,1,0.0500
3912,725093,605.77,243,1,0.0500
3913,725144,-79.34,51,0,0.0500
3914,725334,-21.47,190,0,0.0500
3915,725577,605.98,243,1,0.0500
3916,725755,-20.58,178,0,0.0500
3917,725995,605.26,240,1,0.0500
3918,726085,-60.14,90,0,0.0500
3919,726236,-33.60,151,0,0.0500
3920,726284,-79.95,48,0,0.0500
3921,726463,-20.81,179,0,0.0500
3922,726606,-34.31,143,0,0.0500
3923,726655,-79.96,49,0,0.0500
3924,726916,609.46,261,1,0.0500
3925,727061,-35.68,145,0,0.0500
3926,727150,-61.13,89,0,0.0500
3927,727406,605.75,256,1,0.0500
3928,727483,-60.74,77,0,0.0500
3929,727537,-78.78,54,0,0.0500
3930,727559,-91.80,22,0,0.0500
3931,727672,-55.46,113,0,0.0500
3932,727920,605.74,248,1,0.0500
3933,728163,605.86,243,1,0.0500
3934,728212,-79.12,49,0,0.0500
3935,728387,-21.08,175,0,0.0500
3936,728642,605.96,255,1,0.0500
3937,728860,606.74,218,1,0.0500
3938,729105,606.14,245,1,0.0500
3939,729191,-60.85,86,0,0.0500
3940,729278,-60.64,87,0,0.0500
3941,729426,-32.68,148,0,0.0500
3942,729694,606.47,268,1,0.0500
3943,729878,-20.84,184,0,0.0500
3944,730146,608.34,268,1,0.0500
3945,730379,606.70,233,1,0.0500
3946,730638,606.85,259,1,0.0500
3947,730884,606.46,246,1,0.0500
3948,731045,-32.31,161,0,0.0500
3949,731136,-61.09,91,0,0.0500
3950,731320,-20.32,184,0,0.0500
3951,731360,-84.85,40,0,0.0500
3952,731510,-32.36,150,0,0.0500
3953,731598,-61.23,88,0,0.0500
3954,731745,-32.88,147,0,0.0500
3955,732029,608.51,284,1,0.0500
3956,732322,612.34,293,1,0.0500
3957,732480,-34.93,158,0,0.0500
3958,732731,606.50,251,1,0.0500
3959,732989,606.54,258,1,0.0500
3960,733229,605.45,240,1,0.0500
3961,733459,606.10,230,1,0.0500
3962,733637,-20.58,178,0,0.0500
3963,733825,-19.27,188,0,0.0500
3964,734008,-20.51,183,0,0.0500
3965,734261,607.35,253,1,0.0500
3966,734409,-32.52,148,0,0.0500
3967,734672,609.46,263,1,0.0500
3968,734918,607.51,246,1,0.0500
3969,735197,610.30,279,1,0.0500
3970,735301,-60.71,104,0,0.0500
3971,735552,607.68,251,1,0.0500
3972,735735,-19.88,183,0,0.0500
3973,735977,605.61,242,1,0.0500
3974,736066,-59.18,89,0,0.0500
3975,736253,-21.63,187,0,0.0500
3976,736304,-79.34,51,0,0.0500
3977,736570,609.33,266,1,0.0500
3978,736819,606.52,249,1,0.0500
3979,737076,608.45,257,1,0.0500
3980,737323,607.10,247,1,0.0500
3981,737498,-20.86,175,0,0.0500
3982,737744,605.62,246,1,0.0500
3983,737834,-61.46,90,0,0.0500
3984,738015,-20.73,181,0,0.0500
3985,738122,-59.66,107,0,0.0500
3986,738357,608.15,235,1,0.0500
3987,738533,-20.87,176,0,0.0500
3988,738792,607.17,259,1,0.0500
3989,738882,-60.45,90,0,0.0500
3990,739057,-21.06,175,0,0.0500
3991,739310,607.44,253,1,0.0500
3992,739647,619.29,337,1,0.0500
3993,739891,606.40,244,1,0.0500
3994,740137,608.34,246,1,0.0500
3995,740381,607.11,244,1,0.0500
3996,740634,607.86,253,1,0.0500
3997,740820,-21.30,186,0,0.0500
3998,740986,-33.06,166,0,0.0500
3999,741276,609.39,290,1,0.0500
4000,741545,611.18,269,1,0.0500
4001,741723,-20.59,178,0,0.0500
4002,741969,606.24,246,1,0.0500
4003,742197,606.43,228,1,0.0500
4004,742302,-62.23,105,0,0.0500
4005,742353,-79.14,51,0,0.0500
4006,742542,-21.12,189,0,0.0500
4007,742793,607.78,251,1,0.0500
4008,743050,607.93,257,1,0.0500
4009,743288,607.17,238,1,0.0500
4010,743535,606.56,247,1,0.0500
4011,743770,609.00,235,1,0.0500
4012,743856,-60.85,86,0,0.0500
4013,744002,-33.17,146,0,0.0500
4014,744267,607.63,265,1,0.0500
4015,744527,607.39,260,1,0.0500
4016,744708,-20.20,181,0,0.0500
4017,744777,-63.72,69,0,0.0500
4018,744824,-78.89,47,0,0.0500
4019,745003,-20.27,179,0,0.0500
4020,745245,605.45,242,1,0.0500
4021,745406,-32.09,161,0,0.0500
4022,745510,-60.52,104,0,0.0500
4023,745600,-60.20,90,0,0.0500
4024,745751,-32.71,151,0,0.0500
4025,745800,-79.12,49,0,0.0500
4026,745983,-19.88,183,0,0.0500
4027,746130,-32.76,147,0,0.0500
4028,746407,613.61,277,1,0.0500
4029,746610,-22.19,203,0,0.0500
4030,746868,607.41,258,1,0.0500
4031,747111,605.98,243,1,0.0500
4032,747190,-60.36,79,0,0.0500
4033,747446,607.77,256,1,0.0500
4034,747737,610.00,291,1,0.0500
4035,747985,606.98,248,1,0.0500
4036,748167,-20.62,182,0,0.0500
4037,748445,609.08,278,1,0.0500
4038,748669,606.68,224,1,0.0500
4039,748910,606.92,241,1,0.0500
4040,749153,607.65,243,1,0.0500
4041,749334,-18.52,181,0,0.0500
4042,749521,-20.28,187,0,0.0500
4043,749765,605.93,244,1,0.0500
4044,749816,-79.14,51,0,0.0500
4045,750087,609.48,271,1,0.0500
4046,750176,-60.02,89,0,0.0500
4047,750279,-58.92,103,0,0.0500
4048,750433,-32.11,154,0,0.0500
4049,750712,606.23,279,1,0.0500
4050,750907,-21.17,195,0,0.0500
4051,751112,-23.17,205,0,0.0500
4052,751268,-33.15,156,0,0.0500
4053,751545,608.79,277,1,0.0500
4054,751819,611.01,274,1,0.0500
4055,751998,-20.40,179,0,0.0500
4056,752178,-20.70,180,0,0.0500
4057,752417,605.38,239,1,0.0500
4058,752695,606.76,278,1,0.0500
4059,752951,609.09,256,1,0.0500
4060,753041,-61.03,90,0,0.0500
4061,753303,606.93,262,1,0.0500
4062,753482,-20.40,179,0,0.0500
4063,753656,-21.19,174,0,0.0500
4064,753736,-60.15,80,0,0.0500
4065,753916,-21.23,180,0,0.0500
4066,754021,-55.38,105,0,0.0500
4067,754286,607.42,265,1,0.0500
4068,754462,-20.87,176,0,0.0500
4069,754549,-60.64,87,0,0.0500
4070,754601,-78.73,52,0,0.0500
4071,754689,-60.23,88,0,0.0500
4072,754930,605.58,241,1,0.0500
4073,755105,-20.86,175,0,0.0500
4074,755157,-78.93,52,0,0.0500
4075,755389,607.13,232,1,0.0500
4076,755635,606.57,246,1,0.0500
4077,755873,608.33,238,1,0.0500
4078,756121,610.12,248,1,0.0500
4079,756299,-20.59,178,0,0.0500
4080,756540,605.22,241,1,0.0500
4081,756634,-61.80,94,0,0.0500
4082,756867,606.14,233,1,0.0500
4083,756949,-59.29,82,0,0.0500
4084,757034,-60.84,85,0,0.0500
4085,757192,-33.29,158,0,0.0500
4086,757323,-55.78,131,0,0.0500
4087,757502,-20.38,179,0,0.0500
4088,757593,-59.94,91,0,0.0500
4089,757844,607.78,251,1,0.0500
4090,757931,-60.65,87,0,0.0500
4091,758192,606.50,261,1,0.0500
4092,758444,606.19,252,1,0.0500
4093,758708,606.69,264,1,0.0500
4094,758889,-20.70,181,0,0.0500
4095,759146,608.68,257,1,0.0500
4096,759197,-79.24,51,0,0.0500
4097,759440,606.59,243,1,0.0500
4098,759625,-18.98,185,0,0.0500
4099,759808,-20.46,183,0,0.0500
4100,759990,-20.62,182,0,0.0500
4101,760255,608.06,265,1,0.0500
4102,760535,608.09,280,1,0.0500
4103,760684,-32.17,149,0,0.0500
4104,760775,-60.04,91,0,0.0500
4105,761019,607.73,244,1,0.0500
4106,761160,-35.22,141,0,0.0500
4107,761425,607.85,265,1,0.0500
4108,761572,-32.76,147,0,0.0500
4109,761656,-61.14,84,0,0.0500
4110,761750,-54.52,94,0,0.0500
4111,761935,-20.88,185,0,0.0500
4112,762007,-63.45,72,0,0.0500
4113,762243,606.25,236,1,0.0500
4114,762494,605.77,251,1,0.0500
4115,762750,606.98,256,1,0.0500
4116,762933,-19.70,183,0,0.0500
4117,763113,-20.82,180,0,0.0500
4118,763294,-20.82,181,0,0.0500
4119,763398,-60.10,104,0,0.0500
4120,763489,-61.18,91,0,0.0500
4121,763674,-21.91,185,0,0.0500
4122,763923,606.04,249,1,0.0500
4123,764098,-20.88,175,0,0.0500
4124,764356,607.01,258,1,0.0500
4125,764563,-16.88,207,0,0.0500
4126,764614,-79.34,51,0,0.0500
4127,764762,-32.97,148,0,0.0500
4128,765014,606.17,252,1,0.0500
4129,765263,606.63,249,1,0.0500
4130,765312,-78.07,49,0,0.0500
4131,765450,-34.49,138,0,0.0500
4132,765528,-60.35,78,0,0.0500
4133,765714,-20.27,186,0,0.0500
4134,765763,-78.28,49,0,0.0500
4135,766018,606.94,255,1,0.0500
4136,766068,-79.91,50,0,0.0500
4137,766312,605.72,244,1,0.0500
4138,766571,606.95,259,1,0.0500
4139,766731,-33.42,160,0,0.0500
4140,766803,-64.49,72,0,0.0500
4141,767043,609.28,240,1,0.0500
4142,767129,-58.43,86,0,0.0500
4143,767308,-20.81,179,0,0.0500
4144,767592,608.69,284,1,0.0500
4145,767837,606.46,245,1,0.0500
4146,768084,608.34,247,1,0.0500
4147,768251,-32.50,167,0,0.0500
4148,768433,-20.41,182,0,0.0500
4149,768611,-20.39,178,0,0.0500
4150,768799,-19.84,188,0,0.0500
4151,768976,-20.49,177,0,0.0500
4152,769066,-60.86,90,0,0.0500
4153,769153,-61.01,87,0,0.0500
4154,769238,-60.84,85,0,0.0500
4155,769498,607.16,260,1,0.0500
4156,769604,-60.16,106,0,0.0500
4157,769761,-34.96,157,0,0.0500
4158,769915,-34.20,154,0,0.0500
4159,770178,607.13,263,1,0.0500
4160,770360,-20.62,182,0,0.0500
4161,770611,606.62,251,1,0.0500
4162,770860,607.25,249,1,0.0500
4163,770911,-77.66,51,0,0.0500
4164,771104,-20.52,193,0,0.0500
4165,771287,-21.27,183,0,0.0500
4166,771547,607.99,260,1,0.0500
4167,771730,-21.05,183,0,0.0500
4168,771808,-60.24,78,0,0.0500
4169,771857,-79.54,49,0,0.0500
4170,772083,605.51,226,1,0.0500
4171,772161,-60.35,78,0,0.0500
4172,772356,-23.12,195,0,0.0500
4173,772405,-79.12,49,0,0.0500
4174,772552,-32.48,147,0,0.0500
4175,772736,-21.48,184,0,0.0500
4176,772925,-21.63,189,0,0.0500
4177,773149,606.89,224,1,0.0500
4178,773324,-20.77,175,0,0.0500
4179,773566,605.86,242,1,0.0500
4180,773659,-60.39,93,0,0.0500
4181,773874,-21.30,215,0,0.0500
4182,773924,-79.55,50,0,0.0500
4183,774200,607.72,276,1,0.0500
4184,774288,-60.55,88,0,0.0500
4185,774373,-60.84,85,0,0.0500
4186,774458,-60.84,85,0,0.0500
4187,774501,-79.27,43,0,0.0500
4188,774748,606.04,247,1,0.0500
4189,774839,-60.41,91,0,0.0500
4190,775085,606.79,246,1,0.0500
4191,775336,606.62,251,1,0.0500
4192,775441,-62.10,105,0,0.0500
4193,775492,-79.03,51,0,0.0500
4194,775751,606.84,259,1,0.0500
4195,775839,-60.75,88,0,0.0500
4196,775987,-32.49,148,0,0.0500
4197,776091,-60.27,104,0,0.0500
4198,776244,-32.31,153,0,0.0500
4199,776498,606.79,254,1,0.0500
4200,776742,607.83,244,1,0.0500
4201,776985,606.26,243,1,0.0500
4202,777036,-79.45,51,0,0.0500
4203,777220,-19.81,184,0,0.0500
4204,777404,-21.07,184,0,0.0500
4205,777495,-59.84,91,0,0.0500
4206,777757,607.80,262,1,0.0500
4207,778024,608.25,267,1,0.0500
4208,778124,-60.89,100,0,0.0500
4209,778211,-61.43,87,0,0.0500
4210,778297,-62.53,86,0,0.0500
4211,778479,-20.41,182,0,0.0500
4212,778737,606.37,258,1,0.0500
4213,778912,-21.08,175,0,0.0500
4214,778998,-60.43,86,0,0.0500
4215,779101,-61.53,103,0,0.0500
4216,779336,605.84,235,1,0.0500
4217,779519,-21.59,183,0,0.0500
4218,779774,605.95,255,1,0.0500
4219,779957,-20.54,183,0,0.0500
4220,780184,606.13,227,1,0.0500
4221,780367,-21.80,183,0,0.0500
4222,780472,-62.07,105,0,0.0500
4223,780746,606.81,274,1,0.0500
4224,780798,-77.67,52,0,0.0500
4225,781023,605.73,225,1,0.0500
4226,781199,-21.07,176,0,0.0500
4227,781251,-77.25,52,0,0.0500
4228,781272,-92.00,21,0,0.0500
4229,781369,-60.94,97,0,0.0500
4230,781461,-60.78,92,0,0.0500
4231,781646,-21.91,185,0,0.0500
4232,781697,-79.14,51,0,0.0500
4233,781956,606.98,259,1,0.0500
4234,782145,-20.15,189,0,0.0500
4235,782329,-21.48,184,0,0.0500
4236,782582,606.40,253,1,0.0500
4237,782634,-78.93,52,0,0.0500
4238,782880,606.07,246,1,0.0500
4239,782952,-63.45,72,0,0.0500
4240,783137,-21.38,185,0,0.0500
4241,783385,606.65,248,1,0.0500
4242,783634,605.22,249,1,0.0500
4243,783726,-61.27,92,0,0.0500
4244,783977,606.89,251,1,0.0500
4245,784215,607.91,238,1,0.0500
4246,784363,-32.47,148,0,0.0500
4247,784450,-61.31,87,0,0.0500
4248,784693,605.98,243,1,0.0500
4249,784944,607.25,251,1,0.0500
4250,785188,606.36,244,1,0.0500
4251,785443,606.37,255,1,0.0500
4252,785531,-60.28,88,0,0.0500
4253,785638,-55.82,107,0,0.0500
4254,785891,607.86,253,1,0.0500
4255,786155,608.98,264,1,0.0500
4256,786267,-60.10,112,0,0.0500
4257,786417,-32.49,150,0,0.0500
4258,786521,-60.69,104,0,0.0500
4259,786765,605.63,244,1,0.0500
4260,787005,605.25,240,1,0.0500
4261,787256,607.34,251,1,0.0500
4262,787514,606.34,258,1,0.0500
4263,787614,-60.40,100,0,0.0500
4264,787685,-64.37,71,0,0.0500
4265,787991,612.37,306,1,0.0500
4266,788078,-60.64,87,0,0.0500
4267,788260,-20.62,182,0,0.0500
4268,788526,606.46,266,1,0.0500
4269,788714,-19.43,188,0,0.0500
4270,788957,605.84,243,1,0.0500
4271,789108,-32.71,151,0,0.0500
4272,789363,609.10,255,1,0.0500
4273,789511,-32.99,148,0,0.0500
4274,789596,-60.84,85,0,0.0500
4275,789696,-60.82,100,0,0.0500
4276,789801,-62.22,105,0,0.0500
4277,789955,-33.48,154,0,0.0500
4278,790190,607.85,235,1,0.0500
4279,790266,-60.64,76,0,0.0500
4280,790504,605.69,238,1,0.0500
4281,790594,-60.97,90,0,0.0500
4282,790838,606.18,244,1,0.0500
4283,791081,606.28,243,1,0.0500
4284,791261,-19.99,180,0,0.0500
4285,791355,-60.97,94,0,0.0500
4286,791581,606.04,226,1,0.0500
4287,791757,-20.68,176,0,0.0500
4288,791861,-62.19,104,0,0.0500
4289,792109,606.46,248,1,0.0500
4290,792259,-32.37,150,0,0.0500
4291,792485,606.66,226,1,0.0500
4292,792572,-60.96,87,0,0.0500
4293,792828,607.10,256,1,0.0500
4294,792916,-61.11,88,0,0.0500
4295,792999,-60.13,83,0,0.0500
4296,793257,608.24,258,1,0.0500
4297,793502,606.18,245,1,0.0500
4298,793680,-20.67,178,0,0.0500
4299,793701,-92.00,21,0,0.0500
4300,793752,-79.14,51,0,0.0500
4301,794004,607.44,252,1,0.0500
4302,794082,-60.35,78,0,0.0500
4303,794327,606.06,245,1,0.0500
4304,794421,-60.98,94,0,0.0500
4305,794660,605.48,239,1,0.0500
4306,794918,606.58,258,1,0.0500
4307,795174,607.01,256,1,0.0500
4308,795260,-60.43,86,0,0.0500
4309,795355,-61.60,95,0,0.0500
4310,795464,-55.42,109,0,0.0500
4311,795722,608.12,258,1,0.0500
4312,795809,-59.27,87,0,0.0500
4313,795988,-20.39,179,0,0.0500
4314,796075,-61.23,87,0,0.0500
4315,796127,-79.15,52,0,0.0500
4316,796384,606.97,257,1,0.0500
4317,796559,-20.86,175,0,0.0500
4318,796581,-91.80,22,0,0.0500
4319,796764,-21.36,183,0,0.0500
4320,797044,608.21,280,1,0.0500
4321,797284,605.18,240,1,0.0500
4322,797323,-83.40,39,0,0.0500
4323,797411,-60.45,88,0,0.0500
4324,797669,606.55,258,1,0.0500
4325,797923,607.98,254,1,0.0500
4326,797975,-79.15,52,0,0.0500
4327,798047,-63.63,72,0,0.0500
4328,798116,-64.66,69,0,0.0500
4329,798374,607.81,258,1,0.0500
4330,798463,-61.55,89,0,0.0500
4331,798550,-60.44,87,0,0.0500
4332,798695,-32.97,145,0,0.0500
4333,798813,-55.97,118,0,0.0500
4334,798959,-32.75,146,0,0.0500
4335,799042,-62.30,83,0,0.0500
4336,799305,607.44,263,1,0.0500
4337,799451,-32.75,146,0,0.0500
4338,799698,607.44,247,1,0.0500
4339,799883,-21.91,185,0,0.0500
4340,800134,605.60,251,1,0.0500
4341,800374,605.79,240,1,0.0500
4342,800425,-79.14,51,0,0.0500
4343,800653,606.35,228,1,0.0500
4344,800881,606.64,228,1,0.0500
4345,801155,606.93,274,1,0.0500
4346,801426,606.93,271,1,0.0500
4347,801511,-60.84,85,0,0.0500
4348,801763,606.93,252,1,0.0500
4349,801856,-61.22,93,0,0.0500
4350,802101,606.98,245,1,0.0500
4351,802345,606.09,244,1,0.0500
4352,802607,608.75,262,1,0.0500
4353,802701,-61.40,94,0,0.0500
4354,802947,606.58,246,1,0.0500
4355,803204,606.36,257,1,0.0500
4356,803464,609.05,260,1,0.0500
4357,803723,607.60,259,1,0.0500
4358,803813,-60.15,90,0,0.0500
4359,803917,-61.89,104,0,0.0500
4360,804004,-60.65,87,0,0.0500
4361,804251,606.04,247,1,0.0500
4362,804361,-61.57,110,0,0.0500
4363,804467,-61.21,106,0,0.0500
4364,804719,608.32,252,1,0.0500
4365,804968,606.64,249,1,0.0500
4366,805213,606.58,245,1,0.0500
4367,805298,-62.72,85,0,0.0500
4368,805384,-60.43,86,0,0.0500
4369,805618,605.64,234,1,0.0500
4370,805859,605.50,241,1,0.0500
4371,805900,-85.05,41,0,0.0500
4372,806157,605.94,257,1,0.0500
4373,806208,-79.14,51,0,0.0500
4374,806355,-32.76,147,0,0.0500
4375,806621,607.30,266,1,0.0500
4376,806875,607.14,254,1,0.0500
4377,807132,605.93,257,1,0.0500
4378,807154,-91.81,22,0,0.0500
4379,807405,606.77,251,1,0.0500
4380,807492,-60.44,87,0,0.0500
4381,807681,-21.11,189,0,0.0500
4382,807833,-32.68,152,0,0.0500
4383,808084,607.15,251,1,0.0500
4384,808331,607.70,247,1,0.0500
4385,808418,-60.54,87,0,0.0500
4386,808690,608.29,272,1,0.0500
4387,808933,605.86,243,1,0.0500
4388,809191,606.97,258,1,0.0500
4389,809290,-55.10,99,0,0.0500
4390,809533,606.26,243,1,0.0500
4391,809618,-60.84,85,0,0.0500
4392,809640,-91.81,22,0,0.0500
4393,809691,-79.14,51,0,0.0500
4394,809947,606.45,256,1,0.0500
4395,810191,606.59,244,1,0.0500
4396,810299,-61.71,108,0,0.0500
4397,810553,607.42,254,1,0.0500
4398,810797,606.69,244,1,0.0500
4399,810849,-77.25,52,0,0.0500
4400,810939,-60.30,90,0,0.0500
4401,811028,-61.22,89,0,0.0500
4402,811269,605.24,241,1,0.0500
4403,811318,-79.75,49,0,0.0500
4404,811577,607.29,259,1,0.0500
4405,811831,609.93,254,1,0.0500
4406,811938,-62.12,107,0,0.0500
4407,812185,606.24,247,1,0.0500
4408,812300,-56.86,115,0,0.0500
4409,812550,606.00,250,1,0.0500
4410,812627,-60.95,77,0,0.0500
4411,812715,-61.23,88,0,0.0500
4412,812958,606.06,243,1,0.0500
4413,813009,-80.18,51,0,0.0500
4414,813252,605.98,243,1,0.0500
4415,813434,-22.04,182,0,0.0500
4416,813551,-57.43,117,0,0.0500
4417,813794,606.18,243,1,0.0500
4418,814036,605.42,242,1,0.0500
4419,814279,605.76,243,1,0.0500
4420,814538,606.74,259,1,0.0500
4421,814725,-20.75,187,0,0.0500
4422,814832,-60.86,107,0,0.0500
4423,814854,-91.81,22,0,0.0500
4424,814905,-79.03,51,0,0.0500
4425,814994,-60.35,89,0,0.0500
4426,815267,606.28,273,1,0.0500
4427,815362,-60.30,95,0,0.0500
4428,815412,-79.55,50,0,0.0500
4429,815501,-60.93,89,0,0.0500
4430,815601,-60.91,100,0,0.0500
4431,815836,606.90,235,1,0.0500
4432,816087,607.03,251,1,0.0500
4433,816264,-20.66,177,0,0.0500
4434,816550,608.13,286,1,0.0500
4435,816627,-60.54,77,0,0.0500
4436,816700,-63.86,73,0,0.0500
4437,816785,-60.84,85,0,0.0500
4438,817048,606.50,263,1,0.0500
4439,817284,607.20,236,1,0.0500
4440,817529,607.31,245,1,0.0500
4441,817708,-21.01,179,0,0.0500
4442,817987,607.51,279,1,0.0500
4443,818247,606.98,260,1,0.0500
4444,818508,607.57,261,1,0.0500
4445,818744,605.83,236,1,0.0500
4446,818992,606.74,248,1,0.0500
4447,819043,-79.24,51,0,0.0500
4448,819219,-20.87,176,0,0.0500
4449,819446,605.72,227,1,0.0500
4450,819468,-91.81,22,0,0.0500
4451,819643,-20.86,175,0,0.0500
4452,819906,607.34,263,1,0.0500
4453,820132,605.93,226,1,0.0500
4454,820380,606.41,248,1,0.0500
4455,820467,-60.54,87,0,0.0500
4456,820723,607.64,256,1,0.0500
4457,820967,605.84,244,1,0.0500
4458,820988,-91.80,21,0,0.0500
4459,821182,-22.00,194,0,0.0500
4460,821359,-21.04,177,0,0.0500
4461,821450,-60.63,91,0,0.0500
4462,821500,-79.55,50,0,0.0500
4463,821584,-60.83,84,0,0.0500
4464,821829,606.36,245,1,0.0500
4465,822057,608.23,228,1,0.0500
4466,822147,-59.73,90,0,0.0500
4467,822332,-21.13,185,0,0.0500
4468,822591,606.84,259,1,0.0500
4469,822740,-32.36,149,0,0.0500
4470,823017,607.31,277,1,0.0500
4471,823106,-60.04,89,0,0.0500
4472,823380,609.33,274,1,0.0500
4473,823628,606.65,248,1,0.0500
4474,823679,-79.14,51,0,0.0500
4475,823916,605.30,237,1,0.0500
4476,824172,607.61,256,1,0.0500
4477,824448,606.39,276,1,0.0500
4478,824718,608.17,270,1,0.0500
4479,824940,605.63,222,1,0.0500
4480,825027,-60.11,87,0,0.0500
4481,825262,606.15,235,1,0.0500
4482,825506,605.85,244,1,0.0500
4483,825557,-79.34,51,0,0.0500
4484,825668,-60.35,111,0,0.0500
4485,825932,609.23,264,1,0.0500
4486,825971,-83.82,39,0,0.0500
4487,826236,608.90,265,1,0.0500
4488,826476,606.21,240,1,0.0500
4489,826528,-78.93,52,0,0.0500
4490,826580,-79.35,52,0,0.0500
4491,826829,607.04,249,1,0.0500
4492,826920,-58.68,91,0,0.0500
4493,827169,606.64,249,1,0.0500
4494,827408,605.78,239,1,0.0500
4495,827513,-62.58,105,0,0.0500
4496,827756,605.77,243,1,0.0500
4497,827998,605.30,242,1,0.0500
4498,828234,605.43,236,1,0.0500
4499,828413,-20.81,179,0,0.0500
4500,828665,605.82,252,1,0.0500
4501,828921,605.96,256,1,0.0500
4502,829000,-60.36,79,0,0.0500
4503,829248,606.89,248,1,0.0500
4504,829500,607.24,252,1,0.0500
4505,829650,-32.69,150,0,0.0500
4506,829902,607.35,252,1,0.0500
4507,830146,606.18,244,1,0.0500
4508,830254,-54.99,108,0,0.0500
4509,830505,607.76,251,1,0.0500
4510,830682,-20.68,177,0,0.0500
4511,830703,-91.80,21,0,0.0500
4512,830937,606.16,234,1,0.0500
4513,830976,-83.82,39,0,0.0500
4514,831126,-32.57,150,0,0.0500
4515,831306,-20.40,180,0,0.0500
4516,831552,605.95,246,1,0.0500
4517,831593,-85.06,41,0,0.0500
4518,831698,-61.91,105,0,0.0500
4519,831849,-33.12,151,0,0.0500
4520,832115,607.31,266,1,0.0500
4521,832353,606.87,238,1,0.0500
4522,832613,606.03,260,1,0.0500
4523,832762,-32.53,149,0,0.0500
4524,833028,606.88,266,1,0.0500
4525,833315,607.20,287,1,0.0500
4526,833461,-33.36,146,0,0.0500
4527,833710,606.32,249,1,0.0500
4528,833965,606.56,255,1,0.0500
4529,834126,-32.39,161,0,0.0500
4530,834212,-59.69,86,0,0.0500
4531,834318,-62.55,106,0,0.0500
4532,834564,605.61,246,1,0.0500
4533,834822,606.34,258,1,0.0500
4534,835067,606.56,245,1,0.0500
4535,835119,-79.15,52,0,0.0500
4536,835372,607.38,253,1,0.0500
4537,835605,607.45,233,1,0.0500
4538,835865,608.22,260,1,0.0500
4539,836039,-21.18,174,0,0.0500
4540,836144,-62.61,105,0,0.0500
4541,836231,-60.38,87,0,0.0500
4542,836482,610.31,251,1,0.0500
4543,836634,-33.37,152,0,0.0500
4544,836889,606.03,255,1,0.0500
4545,837146,609.30,257,1,0.0500
4546,837388,606.63,242,1,0.0500
4547,837497,-60.88,109,0,0.0500
4548,837755,606.95,258,1,0.0500
4549,838024,608.97,269,1,0.0500
4550,838117,-59.34,93,0,0.0500
4551,838372,606.93,255,1,0.0500
4552,838619,607.40,247,1,0.0500
4553,838854,605.42,235,1,0.0500
4554,838906,-79.71,52,0,0.0500
4555,839177,607.29,271,1,0.0500
4556,839229,-79.14,52,0,0.0500
4557,839470,605.64,241,1,0.0500
4558,839722,608.95,252,1,0.0500
4559,839954,606.51,232,1,0.0500
4560,840193,608.43,239,1,0.0500
4561,840442,606.96,249,1,0.0500
4562,840540,-62.22,98,0,0.0500
4563,840773,607.96,233,1,0.0500
4564,840995,605.97,222,1,0.0500
4565,841238,605.85,243,1,0.0500
4566,841484,606.85,246,1,0.0500
4567,841659,-20.88,175,0,0.0500
4568,841810,-33.12,151,0,0.0500
4569,841898,-60.75,88,0,0.0500
4570,842160,607.76,262,1,0.0500
4571,842399,606.22,239,1,0.0500
4572,842648,606.45,249,1,0.0500
4573,842670,-91.81,22,0,0.0500
4574,842921,608.20,251,1,0.0500
4575,843165,605.85,244,1,0.0500
4576,843256,-60.16,91,0,0.0500
4577,843501,607.10,245,1,0.0500
4578,843746,606.66,245,1,0.0500
4579,843851,-60.42,105,0,0.0500
4580,843956,-60.29,105,0,0.0500
4581,844042,-59.89,86,0,0.0500
4582,844310,606.96,268,1,0.0500
4583,844548,605.81,238,1,0.0500
4584,844751,-20.04,203,0,0.0500
4585,845024,607.40,273,1,0.0500
4586,845269,605.72,245,1,0.0500
4587,845522,606.51,253,1,0.0500
4588,845698,-20.89,176,0,0.0500
4589,845796,-62.08,98,0,0.0500
4590,845847,-79.14,51,0,0.0500
4591,845937,-59.51,90,0,0.0500
4592,846194,606.88,257,1,0.0500
4593,846435,605.45,241,1,0.0500
4594,846488,-78.74,53,0,0.0500
4595,846748,607.37,260,1,0.0500
4596,847006,607.12,258,1,0.0500
4597,847241,606.57,235,1,0.0500
4598,847486,607.10,245,1,0.0500
4599,847733,606.24,247,1,0.0500
4600,847820,-59.70,87,0,0.0500
4601,848075,607.39,255,1,0.0500
4602,848345,605.91,270,1,0.0500
4603,848403,-79.80,58,0,0.0500
4604,848656,607.35,253,1,0.0500
4605,848909,606.78,253,1,0.0500
4606,849152,606.06,243,1,0.0500
4607,849173,-91.80,21,0,0.0500
4608,849451,608.07,278,1,0.0500
4609,849707,608.88,256,1,0.0500
4610,849729,-91.81,22,0,0.0500
4611,849996,606.84,267,1,0.0500
4612,850083,-63.72,87,0,0.0500
4613,850179,-60.20,96,0,0.0500
4614,850422,606.32,243,1,0.0500
4615,850684,605.76,262,1,0.0500
4616,850773,-61.45,89,0,0.0500
4617,851043,606.67,270,1,0.0500
4618,851301,606.99,258,1,0.0500
4619,851323,-91.80,22,0,0.0500
4620,851500,-20.66,177,0,0.0500
4621,851552,-79.15,52,0,0.0500
4622,851634,-61.06,82,0,0.0500
4623,851722,-61.47,88,0,0.0500
4624,851812,-60.15,90,0,0.0500
4625,851903,-61.47,91,0,0.0500
4626,851924,-91.80,21,0,0.0500
4627,852028,-61.45,104,0,0.0500
4628,852289,606.84,261,1,0.0500
4629,852311,-91.81,22,0,0.0500
4630,852405,-60.96,94,0,0.0500
4631,852552,-33.30,147,0,0.0500
4632,852573,-91.80,21,0,0.0500
4633,852819,605.83,246,1,0.0500
4634,852840,-91.80,21,0,0.0500
4635,852864,-91.61,24,0,0.0500
4636,852886,-91.81,22,0,0.0500
4637,852908,-91.81,22,0,0.0500
4638,853160,608.07,252,1,0.0500
4639,853407,607.18,247,1,0.0500
4640,853669,606.33,262,1,0.0500
4641,853914,606.75,245,1,0.0500
4642,854162,606.63,248,1,0.0500
4643,854211,-78.28,49,0,0.0500
4644,854456,606.66,245,1,0.0500
4645,854699,605.63,243,1,0.0500
4646,854963,606.22,264,1,0.0500
4647,855217,607.24,254,1,0.0500
4648,855474,609.50,257,1,0.0500
4649,855740,608.37,266,1,0.0500
4650,855846,-62.10,106,0,0.0500
4651,855938,-61.22,92,0,0.0500
4652,856198,607.17,260,1,0.0500
4653,856447,607.24,249,1,0.0500
4654,856540,-59.17,93,0,0.0500
4655,856804,607.09,264,1,0.0500
4656,857048,606.29,244,1,0.0500
4657,857295,605.38,247,1,0.0500
4658,857559,607.99,264,1,0.0500
4659,857711,-33.60,152,0,0.0500
4660,857732,-91.80,21,0,0.0500
4661,857834,-61.48,102,0,0.0500
4662,858081,608.52,247,1,0.0500
4663,858330,606.86,249,1,0.0500
4664,858352,-91.81,22,0,0.0500
4665,858597,606.66,245,1,0.0500
4666,858619,-91.81,22,0,0.0500
4667,858871,606.93,252,1,0.0500
4668,858921,-79.03,50,0,0.0500
4669,859171,606.03,250,1,0.0500
4670,859428,607.62,257,1,0.0500
4671,859685,605.84,257,1,0.0500
4672,859772,-59.28,87,0,0.0500
4673,860031,608.94,259,1,0.0500
4674,860291,607.81,260,1,0.0500
4675,860567,607.23,276,1,0.0500
4676,860820,607.41,253,1,0.0500
4677,861004,-22.21,184,0,0.0500
4678,861025,-92.00,21,0,0.0500
4679,861284,608.63,259,1,0.0500
4680,861335,-79.14,51,0,0.0500
4681,861597,608.82,262,1,0.0500
4682,861843,606.85,246,1,0.0500
4683,861944,-62.10,101,0,0.0500
4684,862209,607.11,265,1,0.0500
4685,862452,605.96,243,1,0.0500
4686,862542,-60.83,90,0,0.0500
4687,862704,-31.98,162,0,0.0500
4688,862997,609.86,293,1,0.0500
4689,863255,606.64,258,1,0.0500
4690,863327,-64.07,72,0,0.0500
4691,863444,-56.09,117,0,0.0500
4692,863694,606.95,250,1,0.0500
4693,863940,606.03,246,1,0.0500
4694,864182,605.61,242,1,0.0500
4695,864424,605.75,242,1,0.0500
4696,864522,-59.81,98,0,0.0500
4697,864608,-59.69,86,0,0.0500
4698,864751,-33.37,143,0,0.0500
4699,864841,-60.97,90,0,0.0500
4700,865081,606.07,240,1,0.0500
4701,865319,606.23,238,1,0.0500
4702,865576,606.13,257,1,0.0500
4703,865682,-61.47,106,0,0.0500
4704,865919,605.62,237,1,0.0500
4705,866173,607.84,254,1,0.0500
4706,866194,-91.80,21,0,0.0500
4707,866348,-31.77,154,0,0.0500
4708,866454,-61.56,106,0,0.0500
4709,866631,-21.21,177,0,0.0500
4710,866881,606.86,250,1,0.0500
4711,867122,606.61,241,1,0.0500
4712,867365,606.81,243,1,0.0500
4713,867591,605.93,226,1,0.0500
4714,867679,-61.44,88,0,0.0500
4715,867767,-59.91,88,0,0.0500
4716,867857,-60.03,90,0,0.0500
4717,868001,-33.77,144,0,0.0500
4718,868258,606.14,257,1,0.0500
4719,868438,-21.01,180,0,0.0500
4720,868708,609.15,270,1,0.0500
4721,868951,605.22,243,1,0.0500
4722,869058,-62.12,107,0,0.0500
4723,869326,608.44,268,1,0.0500
4724,869585,606.12,259,1,0.0500
4725,869732,-32.75,147,0,0.0500
4726,869772,-89.47,40,0,0.0500
4727,870049,607.31,277,1,0.0500
4728,870136,-60.54,87,0,0.0500
4729,870405,608.33,269,1,0.0500
4730,870640,605.30,235,1,0.0500
4731,870879,605.80,239,1,0.0500
4732,870985,-62.53,106,0,0.0500
4733,871235,605.46,250,1,0.0500
4734,871478,605.97,243,1,0.0500
4735,871724,608.05,246,1,0.0500
4736,871870,-31.85,146,0,0.0500
4737,871910,-85.05,40,0,0.0500
4738,872161,608.18,251,1,0.0500
4739,872250,-60.04,89,0,0.0500
4740,872340,-59.30,90,0,0.0500
4741,872488,-32.55,148,0,0.0500
4742,872710,606.40,222,1,0.0500
4743,872817,-62.79,107,0,0.0500
4744,873064,606.66,247,1,0.0500
4745,873301,605.95,237,1,0.0500
4746,873322,-91.80,21,0,0.0500
4747,873580,606.77,258,1,0.0500
4748,873666,-60.85,86,0,0.0500
4749,873807,-34.79,141,0,0.0500
4750,874053,605.50,246,1,0.0500
4751,874157,-61.31,104,0,0.0500
4752,874385,606.22,228,1,0.0500
4753,874471,-60.11,86,0,0.0500
4754,874727,606.36,256,1,0.0500
4755,874971,606.45,244,1,0.0500
4756,875221,608.31,250,1,0.0500
4757,875243,-91.81,22,0,0.0500
4758,875489,607.56,246,1,0.0500
4759,875765,607.72,276,1,0.0500
4760,876023,606.56,258,1,0.0500
4761,876062,-83.40,39,0,0.0500
4762,876299,605.20,237,1,0.0500
4763,876553,607.58,254,1,0.0500
4764,876574,-91.80,21,0,0.0500
4765,876596,-91.81,22,0,0.0500
4766,876851,607.21,255,1,0.0500
4767,876946,-59.36,95,0,0.0500
4768,877196,605.99,250,1,0.0500
4769,877305,-59.96,109,0,0.0500
4770,877533,608.02,228,1,0.0500
4771,877711,-20.47,178,0,0.0500
4772,877817,-61.50,106,0,0.0500
4773,877917,-61.46,100,0,0.0500
4774,878185,606.97,268,1,0.0500
4775,878339,-31.39,154,0,0.0500
4776,878573,606.91,234,1,0.0500
4777,878803,607.36,230,1,0.0500
4778,878947,-33.35,144,0,0.0500
4779,879186,607.06,239,1,0.0500
4780,879371,-21.89,185,0,0.0500
4781,879525,-32.56,154,0,0.0500
4782,879804,606.87,279,1,0.0500
4783,879888,-60.35,84,0,0.0500
4784,879998,-60.98,110,0,0.0500
4785,880274,607.85,276,1,0.0500
4786,880541,608.35,267,1,0.0500
4787,880687,-32.75,146,0,0.0500
4788,880788,-61.04,101,0,0.0500
4789,880840,-80.12,52,0,0.0500
4790,880935,-61.02,95,0,0.0500
4791,881021,-60.95,86,0,0.0500
4792,881271,605.55,250,1,0.0500
4793,881546,607.46,275,1,0.0500
4794,881804,605.79,258,1,0.0500
4795,882062,608.95,258,1,0.0500
4796,882149,-60.54,87,0,0.0500
4797,882297,-32.47,148,0,0.0500
4798,882548,607.07,251,1,0.0500
4799,882801,606.36,253,1,0.0500
4800,882841,-85.40,40,0,0.0500
4801,883082,605.42,241,1,0.0500
4802,883167,-60.62,85,0,0.0500
4803,883438,606.10,271,1,0.0500
4804,883711,609.32,273,1,0.0500
4805,883964,606.38,253,1,0.0500
4806,884211,606.57,247,1,0.0500
4807,884298,-59.70,87,0,0.0500
4808,884544,606.04,246,1,0.0500
4809,884690,-32.78,146,0,0.0500
4810,884833,-34.18,143,0,0.0500
4811,885095,606.93,262,1,0.0500
4812,885360,607.54,265,1,0.0500
4813,885606,606.04,246,1,0.0500
4814,885751,-32.77,145,0,0.0500
4815,886003,607.33,252,1,0.0500
4816,886181,-20.58,178,0,0.0500
4817,886437,607.29,256,1,0.0500
4818,886685,606.34,248,1,0.0500
4819,886737,-79.36,52,0,0.0500
4820,886830,-60.53,93,0,0.0500
4821,886852,-91.95,22,0,0.0500
4822,886943,-61.53,91,0,0.0500
4823,887040,-60.79,97,0,0.0500
4824,887062,-91.81,22,0,0.0500
4825,887318,607.59,256,1,0.0500
4826,887568,606.74,250,1,0.0500
4827,887713,-33.36,145,0,0.0500
4828,887789,-60.64,76,0,0.0500
4829,888039,605.69,250,1,0.0500
4830,888120,-62.58,81,0,0.0500
4831,888368,605.29,248,1,0.0500
4832,888461,-59.96,93,0,0.0500
4833,888711,607.44,250,1,0.0500
4834,888931,605.15,220,1,0.0500
4835,889189,605.05,258,1,0.0500
4836,889271,-59.29,82,0,0.0500
4837,889361,-60.34,90,0,0.0500
4838,889630,607.49,269,1,0.0500
4839,889856,605.72,226,1,0.0500
4840,890105,607.18,249,1,0.0500
4841,890379,605.65,274,1,0.0500
4842,890635,607.32,256,1,0.0500
4843,890776,-35.22,141,0,0.0500
4844,891024,606.24,248,1,0.0500
4845,891291,607.09,267,1,0.0500
4846,891313,-91.81,22,0,0.0500
4847,891408,-61.02,95,0,0.0500
4848,891461,-78.74,53,0,0.0500
4849,891722,606.94,261,1,0.0500
4850,891804,-63.00,82,0,0.0500
4851,892059,606.93,255,1,0.0500
4852,892080,-91.80,21,0,0.0500
4853,892350,607.79,270,1,0.0500
4854,892607,607.61,257,1,0.0500
4855,892852,606.35,245,1,0.0500
4856,892998,-32.75,146,0,0.0500
4857,893019,-91.80,21,0,0.0500
4858,893271,607.75,252,1,0.0500
4859,893293,-91.81,22,0,0.0500
4860,893378,-60.84,85,0,0.0500
4861,893519,-36.17,141,0,0.0500
4862,893611,-61.00,92,0,0.0500
4863,893866,606.38,255,1,0.0500
4864,894123,607.21,257,1,0.0500
4865,894231,-61.83,108,0,0.0500
4866,894483,606.81,252,1,0.0500
4867,894658,-20.98,175,0,0.0500
4868,894811,-34.52,153,0,0.0500
4869,894890,-63.50,79,0,0.0500
4870,894941,-79.14,51,0,0.0500
4871,895187,607.41,246,1,0.0500
4872,895468,608.92,281,1,0.0500
4873,895720,607.93,252,1,0.0500
4874,895868,-32.77,148,0,0.0500
4875,896107,605.92,239,1,0.0500
4876,896351,606.18,244,1,0.0500
4877,896436,-60.84,85,0,0.0500
4878,896517,-60.16,81,0,0.0500
4879,896538,-91.80,21,0,0.0500
4880,896587,-78.28,49,0,0.0500
4881,896628,-84.86,41,0,0.0500
4882,896726,-54.47,98,0,0.0500
4883,896998,607.99,272,1,0.0500
4884,897257,607.58,259,1,0.0500
4885,897346,-59.93,89,0,0.0500
4886,897585,605.24,239,1,0.0500
4887,897829,605.84,244,1,0.0500
4888,897930,-59.89,101,0,0.0500
4889,898180,606.64,250,1,0.0500
4890,898436,607.73,256,1,0.0500
4891,898693,606.68,257,1,0.0500
4892,898838,-33.58,145,0,0.0500
4893,898924,-59.69,86,0,0.0500
4894,899189,605.74,265,1,0.0500
4895,899440,607.17,251,1,0.0500
4896,899542,-60.86,102,0,0.0500
4897,899717,-32.82,175,0,0.0500
4898,899989,607.71,272,1,0.0500
4899,900228,605.18,239,1,0.0500
4900,900372,-33.49,144,0,0.0500
4901,900481,-59.70,109,0,0.0500
4902,900732,607.70,251,1,0.0500
4903,900912,-20.40,180,0,0.0500
4904,900933,-91.80,21,0,0.0500
4905,901187,605.74,254,1,0.0500
4906,901429,605.35,242,1,0.0500
4907,901674,606.38,245,1,0.0500
4908,901818,-34.21,144,0,0.0500
4909,901904,-60.11,86,0,0.0500
4910,902083,-20.54,179,0,0.0500
4911,902329,606.35,246,1,0.0500
4912,902431,-60.79,102,0,0.0500
4913,902705,604.91,274,1,0.0500
4914,902970,607.85,265,1,0.0500
4915,903200,606.31,230,1,0.0500
4916,903445,605.74,245,1,0.0500
4917,903682,607.80,237,1,0.0500
4918,903842,-33.31,160,0,0.0500
4919,903917,-63.46,75,0,0.0500
4920,904069,-33.23,152,0,0.0500
4921,904320,607.86,251,1,0.0500
4922,904576,605.83,256,1,0.0500
4923,904665,-60.14,89,0,0.0500
4924,904914,607.79,249,1,0.0500
4925,904955,-85.05,41,0,0.0500
4926,905201,606.15,246,1,0.0500
4927,905464,608.60,263,1,0.0500
4928,905720,606.57,256,1,0.0500
4929,905874,-33.39,154,0,0.0500
4930,905989,-56.59,115,0,0.0500
4931,906087,-62.00,98,0,0.0500
4932,906331,607.02,244,1,0.0500
4933,906586,606.17,255,1,0.0500
4934,906837,606.39,251,1,0.0500
4935,906923,-60.43,86,0,0.0500
4936,907176,605.79,253,1,0.0500
4937,907259,-60.92,83,0,0.0500
4938,907345,-60.89,86,0,0.0500
4939,907443,-54.67,98,0,0.0500
4940,907536,-60.80,93,0,0.0500
4941,907562,-91.37,26,0,0.0500
4942,907821,607.79,259,1,0.0500
4943,908075,607.01,254,1,0.0500
4944,908162,-60.74,87,0,0.0500
4945,908433,609.46,271,1,0.0500
4946,908677,605.77,244,1,0.0500
4947,908933,608.04,256,1,0.0500
4948,909080,-32.96,147,0,0.0500
4949,909330,606.54,250,1,0.0500
4950,909556,607.09,226,1,0.0500
4951,909829,606.63,273,1,0.0500
4952,909936,-60.86,107,0,0.0500
4953,910164,606.33,228,1,0.0500
4954,910412,607.41,248,1,0.0500
4955,910673,607.25,261,1,0.0500
4956,910695,-91.81,22,0,0.0500
4957,910937,605.66,242,1,0.0500
4958,911201,608.41,264,1,0.0500
4959,911287,-60.11,86,0,0.0500
4960,911309,-91.81,22,0,0.0500
4961,911455,-32.95,146,0,0.0500
4962,911699,606.05,244,1,0.0500
4963,911783,-61.07,84,0,0.0500
4964,911876,-58.50,93,0,0.0500
4965,912128,607.85,252,1,0.0500
4966,912277,-32.53,149,0,0.0500
4967,912525,606.64,248,1,0.0500
4968,912777,606.08,252,1,0.0500
4969,913036,606.16,259,1,0.0500
4970,913124,-60.97,88,0,0.0500
4971,913370,606.06,246,1,0.0500
4972,913457,-61.01,87,0,0.0500
4973,913546,-60.92,89,0,0.0500
4974,913699,-32.51,153,0,0.0500
4975,913724,-91.62,25,0,0.0500
4976,913874,-32.19,150,0,0.0500
4977,914120,606.46,246,1,0.0500
4978,914366,606.25,246,1,0.0500
4979,914514,-32.47,148,0,0.0500
4980,914805,612.04,291,1,0.0500
4981,914896,-59.56,91,0,0.0500
4982,914983,-61.21,87,0,0.0500
4983,915070,-60.44,87,0,0.0500
4984,915168,-62.00,98,0,0.0500
4985,915402,605.43,234,1,0.0500
4986,915543,-35.36,141,0,0.0500
4987,915631,-60.13,88,0,0.0500
4988,915720,-61.13,89,0,0.0500
4989,915813,-60.65,93,0,0.0500
4990,916070,606.98,257,1,0.0500
4991,916092,-91.81,22,0,0.0500
4992,916335,606.17,243,1,0.0500
4993,916358,-91.81,23,0,0.0500
4994,916614,607.19,256,1,0.0500
4995,916848,604.90,234,1,0.0500
4996,917101,606.38,253,1,0.0500
4997,917349,606.14,248,1,0.0500
4998,917372,-91.60,23,0,0.0500
4999,917609,607.50,237,1,0.0500
5000,917630,-91.80,21,0,0.0500
5001,917917,609.49,287,1,0.0500
5002,918136,-21.13,219,0,0.0500
5003,918322,-19.93,186,0,0.0500
5004,918473,-32.08,151,0,0.0500
5005,918657,-21.79,184,0,0.0500
5006,918811,-34.11,154,0,0.0500
5007,919065,606.08,254,1,0.0500
5008,919152,-59.69,87,0,0.0500
5009,919256,-61.02,104,0,0.0500
5010,919507,606.95,251,1,0.0500
5011,919766,607.59,259,1,0.0500
5012,919949,-21.21,183,0,0.0500
5013,920200,606.11,251,1,0.0500
5014,920283,-63.94,83,0,0.0500
5015,920364,-59.90,81,0,0.0500
5016,920512,-32.55,148,0,0.0500
5017,920751,605.70,239,1,0.0500
5018,921040,612.76,289,1,0.0500
5019,921323,608.63,283,1,0.0500
5020,921415,-59.95,92,0,0.0500
5021,921519,-58.40,104,0,0.0500
5022,921671,-31.97,152,0,0.0500
5023,921816,-32.97,145,0,0.0500
5024,921904,-61.44,88,0,0.0500
5025,922166,607.14,262,1,0.0500
5026,922409,606.39,243,1,0.0500
5027,922569,-32.05,160,0,0.0500
5028,922808,606.22,239,1,0.0500
5029,923064,607.43,256,1,0.0500
5030,923260,-30.00,196,0,0.0500
5031,923516,605.64,256,1,0.0500
5032,923777,607.79,261,1,0.0500
5033,924040,607.57,263,1,0.0500
5034,924061,-91.80,21,0,0.0500
5035,924259,-22.05,198,0,0.0500
5036,924355,-61.20,96,0,0.0500
5037,924499,-34.85,144,0,0.0500
5038,924609,-60.95,110,0,0.0500
5039,924630,-91.80,21,0,0.0500
5040,924894,607.65,264,1,0.0500
5041,925133,605.72,239,1,0.0500
5042,925221,-60.55,88,0,0.0500
5043,925324,-62.32,103,0,0.0500
5044,925509,-20.65,185,0,0.0500
5045,925750,606.73,241,1,0.0500
5046,925838,-59.71,88,0,0.0500
5047,925859,-91.80,21,0,0.0500
5048,926200,621.68,341,1,0.0500
5049,926306,-62.29,106,0,0.0500
5050,926409,-60.79,103,0,0.0500
5051,926506,-59.53,97,0,0.0500
5052,926653,-32.76,147,0,0.0500
5053,926743,-60.99,90,0,0.0500
5054,926764,-91.80,21,0,0.0500
5055,926911,-32.76,147,0,0.0500
5056,927059,-32.76,148,0,0.0500
5057,927243,-20.90,184,0,0.0500
5058,927499,607.20,256,1,0.0500
5059,927743,606.06,244,1,0.0500
5060,927764,-91.80,21,0,0.0500
5061,928025,606.30,261,1,0.0500
5062,928264,605.28,239,1,0.0500
5063,928352,-60.55,88,0,0.0500
5064,928605,607.44,253,1,0.0500
5065,928626,-91.80,21,0,0.0500
5066,928714,-60.65,88,0,0.0500
5067,928818,-60.64,104,0,0.0500
5068,929040,605.55,222,1,0.0500
5069,929300,607.58,260,1,0.0500
5070,929321,-91.80,21,0,0.0500
5071,929466,-32.97,145,0,0.0500
5072,929555,-61.03,89,0,0.0500
5073,929802,607.50,247,1,0.0500
5074,929943,-35.22,141,0,0.0500
5075,929964,-91.80,21,0,0.0500
5076,930016,-78.73,52,0,0.0500
5077,930249,605.24,233,1,0.0500
5078,930271,-91.81,22,0,0.0500
5079,930292,-91.80,21,0,0.0500
5080,930335,-79.27,43,0,0.0500
5081,930560,605.73,225,1,0.0500
5082,930710,-32.96,150,0,0.0500
5083,930886,-21.07,176,0,0.0500
5084,931133,606.65,247,1,0.0500
5085,931154,-91.80,21,0,0.0500
5086,931308,-32.97,154,0,0.0500
5087,931556,606.98,248,1,0.0500
5088,931577,-91.80,21,0,0.0500
5089,931630,-80.37,53,0,0.0500
5090,931886,606.24,256,1,0.0500
5091,931907,-91.80,21,0,0.0500
5092,931928,-91.80,21,0,0.0500
5093,932027,-60.57,99,0,0.0500
5094,932281,607.33,254,1,0.0500
5095,932564,607.22,283,1,0.0500
5096,932814,606.22,250,1,0.0500
5097,933083,608.86,269,1,0.0500
5098,933316,607.12,233,1,0.0500
5099,933581,607.50,265,1,0.0500
5100,933858,605.52,277,1,0.0500
5101,934120,607.76,262,1,0.0500
5102,934208,-60.55,88,0,0.0500
5103,934463,606.07,255,1,0.0500
5104,934637,-20.88,174,0,0.0500
5105,934778,-35.76,141,0,0.0500
5106,934869,-60.78,91,0,0.0500
5107,934967,-62.03,98,0,0.0500
5108,935217,608.75,250,1,0.0500
5109,935461,606.05,244,1,0.0500
5110,935482,-91.80,21,0,0.0500
5111,935709,605.72,227,1,0.0500
5112,935932,605.85,223,1,0.0500
5113,936110,-20.28,178,0,0.0500
5114,936198,-60.55,88,0,0.0500
5115,936219,-91.80,21,0,0.0500
5116,936462,605.86,243,1,0.0500
5117,936483,-91.80,21,0,0.0500
5118,936746,607.22,263,1,0.0500
5119,936999,607.77,253,1,0.0500
5120,937148,-33.08,149,0,0.0500
5121,937397,606.04,249,1,0.0500
5122,937636,605.38,239,1,0.0500
5123,937918,607.56,282,1,0.0500
5124,938093,-20.86,175,0,0.0500
5125,938336,605.74,243,1,0.0500
5126,938438,-60.77,102,0,0.0500
5127,938537,-61.60,99,0,0.0500
5128,938595,-79.61,58,0,0.0500
5129,938849,605.75,254,1,0.0500
5130,939130,608.44,281,1,0.0500
5131,939309,-20.81,179,0,0.0500
5132,939386,-62.66,77,0,0.0500
5133,939650,607.55,264,1,0.0500
5134,939896,606.79,246,1,0.0500
5135,939989,-63.56,93,0,0.0500
5136,940107,-56.68,118,0,0.0500
5137,940365,606.55,258,1,0.0500
5138,940516,-32.97,151,0,0.0500
5139,940754,606.86,238,1,0.0500
5140,941015,605.68,261,1,0.0500
5141,941178,-32.19,163,0,0.0500
5142,941267,-60.56,89,0,0.0500
5143,941355,-60.55,88,0,0.0500
5144,941628,605.77,273,1,0.0500
5145,941873,606.03,245,1,0.0500
5146,941963,-59.31,90,0,0.0500
5147,942210,607.68,247,1,0.0500
5148,942231,-91.80,21,0,0.0500
5149,942322,-61.06,91,0,0.0500
5150,942343,-91.80,21,0,0.0500
5151,942364,-91.80,21,0,0.0500
5152,942452,-59.28,88,0,0.0500
5153,942695,606.18,243,1,0.0500
5154,942716,-91.80,21,0,0.0500
5155,942961,607.63,245,1,0.0500
5156,943047,-60.53,86,0,0.0500
5157,943291,605.85,244,1,0.0500
5158,943532,606.93,241,1,0.0500
5159,943784,607.03,252,1,0.0500
5160,943887,-61.41,103,0,0.0500
5161,944159,607.87,272,1,0.0500
5162,944180,-91.80,21,0,0.0500
5163,944405,605.60,225,1,0.0500
5164,944663,606.55,258,1,0.0500
5165,944923,607.27,260,1,0.0500
5166,945021,-62.03,98,0,0.0500
5167,945110,-60.46,89,0,0.0500
5168,945195,-61.36,85,0,0.0500
5169,945464,607.04,269,1,0.0500
5170,945701,605.62,237,1,0.0500
5171,945774,-63.88,73,0,0.0500
5172,946016,606.82,242,1,0.0500
5173,946068,-79.15,52,0,0.0500
5174,946316,606.25,248,1,0.0500
5175,946401,-60.84,85,0,0.0500
5176,946505,-61.27,104,0,0.0500
5177,946737,607.55,232,1,0.0500
5178,946838,-61.55,101,0,0.0500
5179,946927,-60.61,89,0,0.0500
5180,947018,-61.00,91,0,0.0500
5181,947254,608.14,236,1,0.0500
5182,947488,606.79,234,1,0.0500
5183,947593,-61.76,105,0,0.0500
5184,947835,606.94,242,1,0.0500
5185,948085,607.38,250,1,0.0500
5186,948186,-60.86,101,0,0.0500
5187,948278,-61.21,92,0,0.0500
5188,948547,609.26,269,1,0.0500
5189,948646,-62.08,99,0,0.0500
5190,948748,-60.69,102,0,0.0500
5191,948998,607.45,250,1,0.0500
5192,949283,611.01,285,1,0.0500
5193,949508,605.63,225,1,0.0500
5194,949595,-60.12,87,0,0.0500
5195,949842,606.33,247,1,0.0500
5196,950113,606.71,271,1,0.0500
5197,950364,607.78,251,1,0.0500
5198,950462,-61.88,98,0,0.0500
5199,950719,605.82,257,1,0.0500
5200,950808,-61.55,89,0,0.0500
5201,951083,607.72,275,1,0.0500
5202,951168,-61.36,85,0,0.0500
5203,951269,-61.20,101,0,0.0500
5204,951354,-61.20,85,0,0.0500
5205,951609,608.48,255,1,0.0500
5206,951874,607.11,265,1,0.0500
5207,951895,-91.80,21,0,0.0500
5208,952144,607.06,249,1,0.0500
5209,952430,609.33,286,1,0.0500
5210,952518,-60.75,88,0,0.0500
5211,952756,606.55,238,1,0.0500
5212,952841,-60.94,85,0,0.0500
5213,953078,607.61,237,1,0.0500
5214,953331,606.00,253,1,0.0500
5215,953352,-91.80,21,0,0.0500
5216,953447,-60.97,95,0,0.0500
5217,953546,-61.06,99,0,0.0500
5218,953632,-60.43,86,0,0.0500
5219,953870,606.86,238,1,0.0500
5220,954056,-20.69,186,0,0.0500
5221,954238,-19.90,182,0,0.0500
5222,954341,-61.27,103,0,0.0500
5223,954614,606.81,273,1,0.0500
5224,954715,-60.04,101,0,0.0500
5225,954811,-60.74,96,0,0.0500
5226,954996,-20.68,185,0,0.0500
5227,955250,606.49,254,1,0.0500
5228,955355,-62.22,105,0,0.0500
5229,955623,605.81,268,1,0.0500
5230,955879,606.78,256,1,0.0500
5231,956120,605.64,241,1,0.0500
5232,956233,-55.46,113,0,0.0500
5233,956465,606.39,232,1,0.0500
5234,956566,-61.26,101,0,0.0500
5235,956667,-61.13,101,0,0.0500
5236,956813,-32.75,146,0,0.0500
5237,956957,-33.32,144,0,0.0500
5238,957205,605.14,248,1,0.0500
5239,957291,-60.31,86,0,0.0500
5240,957389,-63.29,98,0,0.0500
5241,957646,608.24,257,1,0.0500
5242,957752,-62.75,106,0,0.0500
5243,957898,-33.71,146,0,0.0500
5244,957995,-61.14,97,0,0.0500
5245,958252,606.88,257,1,0.0500
5246,958507,606.04,255,1,0.0500
5247,958741,604.91,234,1,0.0500
5248,958996,605.74,255,1,0.0500
5249,959240,606.25,244,1,0.0500
5250,959329,-60.60,89,0,0.0500
5251,959587,606.87,258,1,0.0500
5252,959689,-60.31,102,0,0.0500
5253,959960,605.90,271,1,0.0500
5254,960058,-63.48,98,0,0.0500
5255,960244,-20.01,186,0,0.0500
5256,960508,606.71,264,1,0.0500
5257,960608,-61.28,100,0,0.0500
5258,960630,-91.81,22,0,0.0500
5259,960820,-21.55,190,0,0.0500
5260,961075,607.42,255,1,0.0500
5261,961309,606.91,234,1,0.0500
5262,961555,606.66,246,1,0.0500
5263,961813,607.50,258,1,0.0500
5264,961917,-60.49,104,0,0.0500
5265,962015,-62.00,98,0,0.0500
5266,962114,-61.43,99,0,0.0500
5267,962368,607.22,254,1,0.0500
5268,962639,606.74,271,1,0.0500
5269,962900,606.94,261,1,0.0500
5270,963168,608.13,268,1,0.0500
5271,963265,-61.90,97,0,0.0500
5272,963540,607.13,275,1,0.0500
5273,963695,-33.17,155,0,0.0500
5274,963793,-62.00,98,0,0.0500
5275,964043,607.99,250,1,0.0500
5276,964299,605.96,256,1,0.0500
5277,964569,607.71,270,1,0.0500
5278,964820,607.78,251,1,0.0500
5279,965094,606.81,274,1,0.0500
5280,965189,-61.03,95,0,0.0500
5281,965278,-61.03,89,0,0.0500
5282,965537,607.90,259,1,0.0500
5283,965683,-33.75,146,0,0.0500
5284,965945,606.61,262,1,0.0500
5285,966049,-61.78,104,0,0.0500
5286,966296,606.98,247,1,0.0500
5287,966396,-61.89,100,0,0.0500
5288,966492,-61.62,96,0,0.0500
5289,966746,607.85,254,1,0.0500
5290,966849,-61.60,103,0,0.0500
5291,967111,605.35,262,1,0.0500
5292,967364,607.35,253,1,0.0500
5293,967621,606.25,257,1,0.0500
5294,967721,-62.38,100,0,0.0500
5295,967971,606.19,250,1,0.0500
5296,968153,-20.75,182,0,0.0500
5297,968409,606.79,256,1,0.0500
5298,968499,-60.76,90,0,0.0500
5299,968644,-33.59,145,0,0.0500
5300,968733,-60.34,89,0,0.0500
5301,968990,607.30,257,1,0.0500
5302,969092,-61.15,102,0,0.0500
5303,969196,-61.01,104,0,0.0500
5304,969428,605.87,232,1,0.0500
5305,969527,-60.69,99,0,0.0500
5306,969800,607.46,273,1,0.0500
5307,969821,-92.00,21,0,0.0500
5308,969920,-61.53,99,0,0.0500
5309,970153,606.17,233,1,0.0500
5310,970403,605.79,250,1,0.0500
5311,970507,-61.86,104,0,0.0500
5312,970607,-61.26,100,0,0.0500
5313,970862,607.95,255,1,0.0500
5314,971114,608.43,252,1,0.0500
5315,971374,607.30,260,1,0.0500
5316,971477,-61.00,103,0,0.0500
5317,971732,606.24,255,1,0.0500
5318,971834,-60.83,102,0,0.0500
5319,972015,-21.93,181,0,0.0500
5320,972280,608.37,265,1,0.0500
5321,972528,606.13,248,1,0.0500
5322,972626,-60.71,98,0,0.0500
5323,972708,-64.27,82,0,0.0500
5324,972974,605.84,266,1,0.0500
5325,973216,606.61,242,1,0.0500
5326,973399,-20.62,183,0,0.0500
5327,973489,-60.99,90,0,0.0500
5328,973595,-61.13,106,0,0.0500
5329,973693,-61.64,98,0,0.0500
5330,973966,606.09,273,1,0.0500
5331,974246,607.83,280,1,0.0500
5332,974509,606.50,263,1,0.0500
5333,974601,-54.61,92,0,0.0500
5334,974685,-61.97,84,0,0.0500
5335,974833,-33.63,148,0,0.0500
5336,975073,607.89,240,1,0.0500
5337,975161,-60.97,88,0,0.0500
5338,975437,607.23,276,1,0.0500
5339,975686,606.57,249,1,0.0500
5340,975782,-61.89,96,0,0.0500
5341,975853,-64.15,71,0,0.0500
5342,976097,606.51,244,1,0.0500
5343,976273,-21.28,176,0,0.0500
5344,976543,607.48,270,1,0.0500
5345,976810,609.42,267,1,0.0500
5346,977052,605.85,242,1,0.0500
5347,977105,-79.72,53,0,0.0500
5348,977194,-60.40,89,0,0.0500
5349,977295,-61.07,101,0,0.0500
5350,977381,-60.11,86,0,0.0500
5351,977480,-60.48,99,0,0.0500
5352,977737,606.38,257,1,0.0500
5353,977839,-61.41,102,0,0.0500
5354,977939,-61.54,100,0,0.0500
5355,978218,607.71,279,1,0.0500
5356,978311,-61.28,93,0,0.0500
5357,978579,606.15,268,1,0.0500
5358,978663,-63.75,84,0,0.0500
5359,978945,605.84,282,1,0.0500
5360,979192,606.86,247,1,0.0500
5361,979289,-61.51,97,0,0.0500
5362,979553,607.84,264,1,0.0500
5363,979814,608.62,261,1,0.0500
5364,979913,-61.46,99,0,0.0500
5365,980160,606.22,247,1,0.0500
5366,980251,-63.87,91,0,0.0500
5367,980347,-61.89,96,0,0.0500
5368,980447,-61.26,100,0,0.0500
5369,980715,607.91,268,1,0.0500
5370,980802,-60.95,87,0,0.0500
5371,980901,-61.53,99,0,0.0500
5372,981160,606.53,259,1,0.0500
5373,981417,607.82,257,1,0.0500
5374,981667,606.30,250,1,0.0500
5375,981765,-62.08,98,0,0.0500
5376,981870,-61.26,105,0,0.0500
5377,982107,606.66,237,1,0.0500
5378,982355,608.21,248,1,0.0500
5379,982459,-60.67,104,0,0.0500
5380,982563,-61.78,104,0,0.0500
5381,982668,-61.98,105,0,0.0500
5382,982719,-79.14,51,0,0.0500
5383,982969,606.72,250,1,0.0500
5384,983073,-62.28,104,0,0.0500
5385,983302,605.69,229,1,0.0500
5386,983553,606.62,251,1,0.0500
5387,983791,605.06,238,1,0.0500
5388,983812,-92.00,21,0,0.0500
5389,984091,607.83,279,1,0.0500
5390,984366,608.32,275,1,0.0500
5391,984457,-59.94,91,0,0.0500
5392,984712,608.71,255,1,0.0500
5393,984962,607.29,250,1,0.0500
5394,985061,-61.55,99,0,0.0500
5395,985308,605.94,247,1,0.0500
5396,985540,606.29,232,1,0.0500
5397,985749,-22.34,209,0,0.0500
5398,985837,-60.97,88,0,0.0500
5399,986122,607.44,285,1,0.0500
5400,986314,-22.41,192,0,0.0500
5401,986411,-61.48,97,0,0.0500
5402,986514,-60.93,103,0,0.0500
5403,986763,607.19,249,1,0.0500
5404,986871,-60.96,108,0,0.0500
5405,987067,-23.29,196,0,0.0500
5406,987180,-56.30,113,0,0.0500
5407,987269,-60.97,89,0,0.0500
5408,987502,607.12,233,1,0.0500
5409,987743,607.67,241,1,0.0500
5410,987840,-61.98,97,0,0.0500
5411,987988,-33.45,148,0,0.0500
5412,988069,-62.90,81,0,0.0500
5413,988166,-62.10,97,0,0.0500
5414,988278,-62.63,112,0,0.0500
5415,988518,606.85,240,1,0.0500
5416,988778,608.86,260,1,0.0500
5417,989037,608.12,259,1,0.0500
5418,989142,-60.80,105,0,0.0500
5419,989387,606.02,245,1,0.0500
5420,989636,606.76,249,1,0.0500
5421,989733,-62.35,97,0,0.0500
5422,989977,606.05,244,1,0.0500
5423,990075,-62.08,98,0,0.0500
5424,990329,608.01,254,1,0.0500
5425,990577,606.85,248,1,0.0500
5426,990835,606.45,258,1,0.0500
5427,991093,607.71,258,1,0.0500
5428,991191,-62.08,98,0,0.0500
5429,991465,605.85,274,1,0.0500
5430,991709,605.97,244,1,0.0500
5431,991990,608.72,281,1,0.0500
5432,992258,606.03,268,1,0.0500
5433,992505,606.99,247,1,0.0500
5434,992778,606.82,273,1,0.0500
5435,992976,-20.37,198,0,0.0500
5436,993081,-61.79,105,0,0.0500
5437,993189,-60.87,108,0,0.0500
5438,993297,-61.29,108,0,0.0500
5439,993399,-61.34,102,0,0.0500
5440,993654,604.60,255,1,0.0500
5441,993771,-56.02,117,0,0.0500
5442,994032,609.15,261,1,0.0500
5443,994311,607.28,279,1,0.0500
5444,994333,-91.80,22,0,0.0500
5445,994607,607.67,274,1,0.0500
5446,994878,608.01,271,1,0.0500
5447,994910,-84.45,32,0,0.0500
5448,995180,606.86,270,1,0.0500
5449,995281,-62.10,101,0,0.0500
5450,995521,607.90,240,1,0.0500
5451,995805,608.59,284,1,0.0500
5452,996077,605.79,272,1,0.0500
5453,996182,-61.88,105,0,0.0500
5454,996279,-61.11,97,0,0.0500
5455,996538,607.17,259,1,0.0500
5456,996637,-62.52,99,0,0.0500
5457,996780,-33.70,143,0,0.0500
5458,997054,607.23,274,1,0.0500
5459,997143,-59.38,89,0,0.0500
5460,997242,-53.94,99,0,0.0500
5461,997346,-62.63,104,0,0.0500
5462,997621,607.51,275,1,0.0500
5463,997710,-59.49,89,0,0.0500
5464,997961,606.83,251,1,0.0500
5465,998232,606.40,271,1,0.0500
5466,998505,606.19,273,1,0.0500
5467,998778,606.95,273,1,0.0500
5468,999017,607.27,239,1,0.0500
5469,999115,-62.21,98,0,0.0500
5470,999373,606.12,258,1,0.0500
5471,999478,-61.88,105,0,0.0500
5472,999576,-61.27,98,0,0.0500
5473,999846,606.65,270,1,0.0500
5474,1000115,608.52,269,1,0.0500
5475,1000364,606.42,249,1,0.0500
5476,1000451,-59.70,87,0,0.0500
5477,1000473,-91.80,22,0,0.0500
5478,1000578,-60.56,105,0,0.0500
5479,1000737,-32.04,159,0,0.0500
5480,1000987,606.29,250,1,0.0500
5481,1001089,-62.60,102,0,0.0500
5482,1001338,606.64,249,1,0.0500
5483,1001441,-60.48,103,0,0.0500
5484,1001705,606.39,264,1,0.0500
5485,1001980,609.85,275,1,0.0500
5486,1002251,606.98,271,1,0.0500
5487,1002510,607.80,259,1,0.0500
5488,1002756,606.99,246,1,0.0500
5489,1003003,607.41,247,1,0.0500
5490,1003250,606.03,247,1,0.0500
5491,1003357,-60.44,107,0,0.0500
5492,1003614,608.38,257,1,0.0500
5493,1003715,-61.33,101,0,0.0500
5494,1003948,606.70,233,1,0.0500
5495,1004187,605.81,239,1,0.0500
5496,1004294,-61.70,107,0,0.0500
5497,1004540,607.42,246,1,0.0500
5498,1004816,607.93,276,1,0.0500
5499,1005067,605.89,251,1,0.0500
5500,1005218,-33.45,151,0,0.0500
5501,1005453,607.00,235,1,0.0500
5502,1005706,607.04,253,1,0.0500
5503,1005794,-60.27,88,0,0.0500
5504,1006041,608.66,247,1,0.0500
5505,1006306,608.47,265,1,0.0500
5506,1006555,606.52,249,1,0.0500
5507,1006652,-62.30,97,0,0.0500
5508,1006900,606.53,248,1,0.0500
5509,1007147,606.46,247,1,0.0500
5510,1007249,-60.30,102,0,0.0500
5511,1007492,605.86,243,1,0.0500
5512,1007594,-61.79,102,0,0.0500
5513,1007838,606.17,244,1,0.0500
5514,1007982,-33.99,144,0,0.0500
5515,1008095,-55.46,113,0,0.0500
5516,1008193,-61.08,98,0,0.0500
5517,1008294,-61.45,101,0,0.0500
5518,1008529,606.37,235,1,0.0500
5519,1008554,-91.56,25,0,0.0500
5520,1008626,-63.96,72,0,0.0500
5521,1008877,606.62,251,1,0.0500
5522,1008952,-63.68,75,0,0.0500
5523,1009039,-60.54,87,0,0.0500
5524,1009158,-55.99,119,0,0.0500
5525,1009435,608.98,277,1,0.0500
5526,1009622,-20.89,187,0,0.0500
5527,1009644,-91.81,22,0,0.0500
5528,1009912,609.29,268,1,0.0500
5529,1010150,606.23,238,1,0.0500
5530,1010391,605.47,241,1,0.0500
5531,1010499,-61.71,108,0,0.0500
5532,1010589,-60.15,90,0,0.0500
5533,1010845,606.81,256,1,0.0500
5534,1010866,-91.80,21,0,0.0500
5535,1010887,-92.00,21,0,0.0500
5536,1010909,-91.81,22,0,0.0500
5537,1011010,-60.49,101,0,0.0500
5538,1011102,-54.61,92,0,0.0500
5539,1011280,-20.81,178,0,0.0500
5540,1011556,608.68,276,1,0.0500
5541,1011649,-54.72,93,0,0.0500
5542,1011928,608.73,279,1,0.0500
5543,1012198,606.93,270,1,0.0500
5544,1012299,-61.13,101,0,0.0500
5545,1012557,607.51,258,1,0.0500
5546,1012830,606.53,273,1,0.0500
5547,1013109,607.85,279,1,0.0500
5548,1013366,608.78,257,1,0.0500
5549,1013624,608.67,258,1,0.0500
5550,1013887,609.47,263,1,0.0500
5551,1014141,607.21,254,1,0.0500
5552,1014317,-20.79,176,0,0.0500
5553,1014409,-58.99,92,0,0.0500
5554,1014647,604.86,238,1,0.0500
5555,1014892,605.63,245,1,0.0500
5556,1015130,605.81,238,1,0.0500
5557,1015371,605.04,241,1,0.0500
5558,1015605,606.27,234,1,0.0500
5559,1015888,606.18,283,1,0.0500
5560,1015995,-61.28,107,0,0.0500
5561,1016088,-54.82,93,0,0.0500
5562,1016347,606.94,259,1,0.0500
5563,1016398,-79.14,51,0,0.0500
5564,1016680,609.56,282,1,0.0500
5565,1016927,606.53,247,1,0.0500
5566,1017040,-55.88,113,0,0.0500
5567,1017143,-61.19,103,0,0.0500
5568,1017194,-79.98,51,0,0.0500
5569,1017301,-62.12,107,0,0.0500
5570,1017575,608.74,274,1,0.0500
5571,1017677,-60.43,102,0,0.0500
5572,1017958,607.26,281,1,0.0500
5573,1018071,-54.62,113,0,0.0500
5574,1018327,605.84,256,1,0.0500
5575,1018583,606.75,256,1,0.0500
5576,1018838,607.53,255,1,0.0500
5577,1018948,-61.40,110,0,0.0500
5578,1019028,-63.19,80,0,0.0500
5579,1019179,-32.74,151,0,0.0500
5580,1019228,-79.54,49,0,0.0500
5581,1019492,605.86,264,1,0.0500
5582,1019715,605.54,223,1,0.0500
5583,1019969,606.89,254,1,0.0500
5584,1020065,-61.62,96,0,0.0500
5585,1020106,-85.26,41,0,0.0500
5586,1020366,606.11,260,1,0.0500
5587,1020387,-91.80,21,0,0.0500
5588,1020630,606.90,243,1,0.0500
5589,1020879,606.01,249,1,0.0500
5590,1020983,-61.55,104,0,0.0500
5591,1021005,-91.81,22,0,0.0500
5592,1021272,608.24,267,1,0.0500
5593,1021531,606.93,259,1,0.0500
5594,1021780,608.00,249,1,0.0500
5595,1021817,-85.24,37,0,0.0500
5596,1021921,-55.79,104,0,0.0500
5597,1022176,607.31,255,1,0.0500
5598,1022417,608.72,241,1,0.0500
5599,1022686,606.31,269,1,0.0500
5600,1022916,606.53,230,1,0.0500
5601,1023192,607.23,276,1,0.0500
5602,1023462,607.37,270,1,0.0500
5603,1023705,608.70,243,1,0.0500
5604,1023947,605.85,242,1,0.0500
5605,1024204,607.37,257,1,0.0500
5606,1024314,-58.30,110,0,0.0500
5607,1024417,-62.41,103,0,0.0500
5608,1024677,606.95,260,1,0.0500
5609,1024775,-61.63,98,0,0.0500
5610,1025025,607.26,250,1,0.0500
5611,1025046,-91.80,21,0,0.0500
5612,1025145,-55.31,99,0,0.0500
5613,1025414,605.47,269,1,0.0500
5614,1025693,607.19,279,1,0.0500
5615,1025968,607.52,275,1,0.0500
5616,1026166,-20.58,198,0,0.0500
5617,1026260,-55.05,94,0,0.0500
5618,1026513,607.02,253,1,0.0500
5619,1026760,605.82,247,1,0.0500
5620,1026867,-62.54,107,0,0.0500
5621,1027046,-20.40,179,0,0.0500
5622,1027322,606.97,276,1,0.0500
5623,1027418,-61.20,96,0,0.0500
5624,1027564,-33.31,146,0,0.0500
5625,1027663,-61.89,99,0,0.0500
5626,1027761,-61.79,98,0,0.0500
5627,1027998,606.97,237,1,0.0500
5628,1028255,606.37,257,1,0.0500
5629,1028367,-55.45,112,0,0.0500
5630,1028462,-60.62,95,0,0.0500
5631,1028566,-61.36,104,0,0.0500
5632,1028830,608.70,264,1,0.0500
5633,1028931,-62.68,101,0,0.0500
5634,1029043,-60.18,112,0,0.0500
5635,1029287,606.18,244,1,0.0500
5636,1029377,-61.03,90,0,0.0500
5637,1029481,-61.95,104,0,0.0500
5638,1029568,-60.90,87,0,0.0500
5639,1029675,-60.07,107,0,0.0500
5640,1029780,-62.28,105,0,0.0500
5641,1029878,-54.56,98,0,0.0500
5642,1029971,-60.89,93,0,0.0500
5643,1030065,-54.84,94,0,0.0500
5644,1030330,608.90,265,1,0.0500
5645,1030479,-33.02,149,0,0.0500
5646,1030585,-61.95,106,0,0.0500
5647,1030831,606.24,246,1,0.0500
5648,1031007,-21.00,176,0,0.0500
5649,1031256,606.30,249,1,0.0500
5650,1031518,608.31,262,1,0.0500
5651,1031704,-19.62,186,0,0.0500
5652,1031977,607.66,273,1,0.0500
5653,1032082,-62.10,105,0,0.0500
5654,1032341,606.15,259,1,0.0500
5655,1032449,-61.89,108,0,0.0500
5656,1032640,-22.40,191,0,0.0500
5657,1032843,-21.30,203,0,0.0500
5658,1032953,-61.82,110,0,0.0500
5659,1033107,-33.06,154,0,0.0500
5660,1033360,607.86,253,1,0.0500
5661,1033631,608.13,271,1,0.0500
5662,1033723,-54.82,92,0,0.0500
5663,1033821,-61.22,98,0,0.0500
5664,1034072,605.66,251,1,0.0500
5665,1034177,-61.91,105,0,0.0500
5666,1034269,-54.82,92,0,0.0500
5667,1034362,-64.10,93,0,0.0500
5668,1034457,-61.40,95,0,0.0500
5669,1034735,608.40,278,1,0.0500
5670,1034984,606.64,249,1,0.0500
5671,1035234,607.80,250,1,0.0500
5672,1035483,606.43,249,1,0.0500
5673,1035727,606.26,244,1,0.0500
5674,1035749,-91.80,22,0,0.0500
5675,1035978,607.05,229,1,0.0500
5676,1036226,605.27,248,1,0.0500
5677,1036275,-79.96,49,0,0.0500
5678,1036516,607.25,241,1,0.0500
5679,1036700,-21.92,184,0,0.0500
5680,1036947,606.45,247,1,0.0500
5681,1037210,607.66,263,1,0.0500
5682,1037294,-60.51,84,0,0.0500
5683,1037562,606.33,268,1,0.0500
5684,1037825,608.60,263,1,0.0500
5685,1038088,606.92,263,1,0.0500
5686,1038338,608.42,250,1,0.0500
5687,1038423,-60.94,85,0,0.0500
5688,1038708,607.98,285,1,0.0500
5689,1038957,606.43,249,1,0.0500
5690,1039062,-62.48,105,0,0.0500
5691,1039337,607.56,275,1,0.0500
5692,1039595,607.57,258,1,0.0500
5693,1039845,606.51,250,1,0.0500
5694,1040130,609.98,285,1,0.0500
5695,1040385,605.65,255,1,0.0500
5696,1040655,606.94,270,1,0.0500
5697,1040890,605.22,235,1,0.0500
5698,1041155,607.32,265,1,0.0500
5699,1041399,605.67,244,1,0.0500
5700,1041668,606.95,269,1,0.0500
5701,1041912,605.75,244,1,0.0500
5702,1042017,-62.29,105,0,0.0500
5703,1042164,-32.81,147,0,0.0500
5704,1042257,-60.89,93,0,0.0500
5705,1042508,606.42,251,1,0.0500
5706,1042597,-59.30,89,0,0.0500
5707,1042870,606.70,273,1,0.0500
5708,1043154,606.79,284,1,0.0500
5709,1043384,606.52,230,1,0.0500
5710,1043537,-31.55,153,0,0.0500
5711,1043623,-60.53,86,0,0.0500
5712,1043723,-61.96,100,0,0.0500
5713,1043974,607.46,251,1,0.0500
5714,1044224,606.81,250,1,0.0500
5715,1044481,608.34,257,1,0.0500
5716,1044630,-33.33,149,0,0.0500
5717,1044734,-61.95,104,0,0.0500
5718,1044988,606.48,254,1,0.0500
5719,1045228,605.23,240,1,0.0500
5720,1045299,-63.52,71,0,0.0500
5721,1045320,-91.80,21,0,0.0500
5722,1045596,609.19,276,1,0.0500
5723,1045749,-34.40,153,0,0.0500
5724,1045999,607.44,250,1,0.0500
5725,1046270,607.04,271,1,0.0500
5726,1046424,-31.91,154,0,0.0500
5727,1046701,607.31,277,1,0.0500
5728,1046962,607.14,261,1,0.0500
5729,1047110,-32.76,148,0,0.0500
5730,1047310,-22.18,200,0,0.0500
5731,1047564,607.21,254,1,0.0500
5732,1047705,-35.75,141,0,0.0500
5733,1047857,-32.63,152,0,0.0500
5734,1047939,-59.97,82,0,0.0500
5735,1048165,606.87,226,1,0.0500
5736,1048343,-20.80,178,0,0.0500
5737,1048587,606.06,244,1,0.0500
5738,1048830,605.66,243,1,0.0500
5739,1049100,607.41,270,1,0.0500
5740,1049362,606.27,262,1,0.0500
5741,1049611,606.71,249,1,0.0500
5742,1049720,-62.44,109,0,0.0500
5743,1049868,-32.89,148,0,0.0500
5744,1050017,-32.39,149,0,0.0500
5745,1050267,607.47,250,1,0.0500
5746,1050505,605.93,238,1,0.0500
5747,1050592,-59.16,87,0,0.0500
5748,1050696,-61.85,104,0,0.0500
5749,1050967,607.14,271,1,0.0500
5750,1051205,608.33,238,1,0.0500
5751,1051435,606.52,230,1,0.0500
5752,1051682,606.03,247,1,0.0500
5753,1051860,-32.65,178,0,0.0500
5754,1052137,607.92,277,1,0.0500
5755,1052242,-61.53,105,0,0.0500
5756,1052347,-61.95,105,0,0.0500
5757,1052568,605.56,221,1,0.0500
5758,1052824,606.15,256,1,0.0500
5759,1053077,608.27,253,1,0.0500
5760,1053320,605.98,243,1,0.0500
5761,1053461,-35.64,141,0,0.0500
5762,1053728,606.28,267,1,0.0500
5763,1053817,-59.98,89,0,0.0500
5764,1054065,607.37,248,1,0.0500
5765,1054340,605.76,275,1,0.0500
5766,1054446,-61.54,106,0,0.0500
5767,1054690,606.36,244,1,0.0500
5768,1054795,-61.68,105,0,0.0500
5769,1054902,-61.23,107,0,0.0500
5770,1055171,607.57,269,1,0.0500
5771,1055276,-61.14,105,0,0.0500
5772,1055377,-62.17,101,0,0.0500
5773,1055645,606.56,268,1,0.0500
5774,1055823,-20.88,178,0,0.0500
5775,1056002,-20.60,179,0,0.0500
5776,1056234,607.14,232,1,0.0500
5777,1056490,606.99,256,1,0.0500
5778,1056599,-62.14,109,0,0.0500
5779,1056669,-63.30,70,0,0.0500
5780,1056760,-61.42,91,0,0.0500
5781,1056848,-60.55,88,0,0.0500
5782,1057125,607.22,277,1,0.0500
5783,1057396,608.44,271,1,0.0500
5784,1057673,607.51,277,1,0.0500
5785,1057916,605.62,243,1,0.0500
5786,1058187,607.29,271,1,0.0500
5787,1058375,-21.84,188,0,0.0500
5788,1058621,606.66,246,1,0.0500
5789,1058723,-61.73,102,0,0.0500
5790,1058968,606.58,245,1,0.0500
5791,1059231,606.48,263,1,0.0500
5792,1059379,-32.38,148,0,0.0500
5793,1059490,-60.66,111,0,0.0500
5794,1059746,606.73,256,1,0.0500
5795,1060047,610.21,301,1,0.0500
5796,1060321,606.68,274,1,0.0500
5797,1060564,606.37,243,1,0.0500
5798,1060810,605.73,246,1,0.0500
5799,1060985,-21.39,175,0,0.0500
5800,1061132,-32.76,147,0,0.0500
5801,1061238,-60.85,106,0,0.0500
5802,1061511,606.55,273,1,0.0500
5803,1061657,-32.78,146,0,0.0500
5804,1061933,607.29,276,1,0.0500
5805,1062085,-31.78,152,0,0.0500
5806,1062187,-62.82,102,0,0.0500
5807,1062466,607.30,279,1,0.0500
5808,1062541,-62.52,75,0,0.0500
5809,1062801,607.13,260,1,0.0500
5810,1063032,605.46,231,1,0.0500
5811,1063120,-60.34,88,0,0.0500
5812,1063362,605.78,242,1,0.0500
5813,1063587,605.32,225,1,0.0500
5814,1063674,-60.74,87,0,0.0500
5815,1063781,-61.69,107,0,0.0500
5816,1064027,606.55,246,1,0.0500
5817,1064129,-60.50,102,0,0.0500
5818,1064382,606.61,253,1,0.0500
5819,1064557,-33.04,175,0,0.0500
5820,1064719,-31.98,162,0,0.0500
5821,1064961,605.66,242,1,0.0500
5822,1065047,-59.69,86,0,0.0500
5823,1065319,606.07,272,1,0.0500
5824,1065588,607.78,269,1,0.0500
5825,1065831,607.35,243,1,0.0500
5826,1065978,-33.24,147,0,0.0500
5827,1066234,606.33,256,1,0.0500
5828,1066496,606.91,262,1,0.0500
5829,1066748,607.25,252,1,0.0500
5830,1066925,-20.70,177,0,0.0500
5831,1067100,-21.00,175,0,0.0500
5832,1067342,605.66,242,1,0.0500
5833,1067593,606.82,251,1,0.0500
5834,1067738,-33.36,145,0,0.0500
5835,1067848,-62.03,110,0,0.0500
5836,1068101,607.05,253,1,0.0500
5837,1068373,606.52,272,1,0.0500
5838,1068462,-60.97,89,0,0.0500
5839,1068722,607.19,260,1,0.0500
5840,1068967,608.71,245,1,0.0500
5841,1069057,-61.55,90,0,0.0500
5842,1069323,606.89,266,1,0.0500
5843,1069582,607.38,259,1,0.0500
5844,1069840,607.72,258,1,0.0500
5845,1069861,-91.80,21,0,0.0500
5846,1070125,607.20,264,1,0.0500
5847,1070146,-91.80,21,0,0.0500
5848,1070240,-54.42,94,0,0.0500
5849,1070345,-62.10,105,0,0.0500
5850,1070597,606.73,252,1,0.0500
5851,1070848,606.59,251,1,0.0500
5852,1070941,-54.72,93,0,0.0500
5853,1071046,-62.22,105,0,0.0500
5854,1071266,605.05,220,1,0.0500
5855,1071495,606.33,229,1,0.0500
5856,1071773,607.27,278,1,0.0500
5857,1071862,-60.34,89,0,0.0500
5858,1072104,605.78,242,1,0.0500
5859,1072209,-62.83,105,0,0.0500
5860,1072442,608.60,233,1,0.0500
5861,1072690,608.99,248,1,0.0500
5862,1072831,-35.64,141,0,0.0500
5863,1073073,608.29,242,1,0.0500
5864,1073181,-60.97,108,0,0.0500
5865,1073202,-91.80,21,0,0.0500
5866,1073467,607.62,265,1,0.0500
5867,1073738,608.42,271,1,0.0500
5868,1073991,606.81,253,1,0.0500
5869,1074225,606.69,234,1,0.0500
5870,1074372,-32.76,147,0,0.0500
5871,1074460,-60.59,88,0,0.0500
5872,1074566,-60.70,106,0,0.0500
5873,1074674,-61.01,108,0,0.0500
5874,1074914,605.26,240,1,0.0500
5875,1075097,-21.21,183,0,0.0500
5876,1075184,-60.54,87,0,0.0500
5877,1075274,-59.93,90,0,0.0500
5878,1075355,-60.05,81,0,0.0500
5879,1075502,-32.57,147,0,0.0500
5880,1075737,607.11,235,1,0.0500
5881,1075978,607.35,241,1,0.0500
5882,1076126,-32.99,148,0,0.0500
5883,1076374,605.27,248,1,0.0500
5884,1076607,607.65,233,1,0.0500
5885,1076791,-21.43,184,0,0.0500
5886,1076932,-35.22,141,0,0.0500
5887,1077207,607.46,275,1,0.0500
5888,1077462,606.16,255,1,0.0500
5889,1077708,606.99,246,1,0.0500
5890,1077966,606.87,258,1,0.0500
5891,1078107,-35.64,141,0,0.0500
5892,1078253,-33.29,146,0,0.0500
5893,1078394,-35.64,141,0,0.0500
5894,1078507,-56.30,113,0,0.0500
5895,1078655,-32.69,148,0,0.0500
5896,1078754,-61.89,99,0,0.0500
5897,1078998,607.22,244,1,0.0500
5898,1079278,607.92,280,1,0.0500
5899,1079317,-85.44,39,0,0.0500
5900,1079596,606.22,279,1,0.0500
5901,1079830,607.42,234,1,0.0500
5902,1080115,608.68,285,1,0.0500
5903,1080342,605.50,227,1,0.0500
5904,1080396,-79.17,54,0,0.0500
5905,1080677,608.52,281,1,0.0500
5906,1080942,606.95,265,1,0.0500
5907,1081189,607.08,247,1,0.0500
5908,1081304,-56.75,115,0,0.0500
5909,1081458,-31.77,154,0,0.0500
5910,1081712,606.06,254,1,0.0500
5911,1081803,-59.74,91,0,0.0500
5912,1082076,607.24,273,1,0.0500
5913,1082166,-61.75,90,0,0.0500
5914,1082410,605.94,244,1,0.0500
5915,1082517,-60.08,107,0,0.0500
5916,1082714,-22.04,197,0,0.0500
5917,1082971,607.10,257,1,0.0500
5918,1083223,606.19,252,1,0.0500
5919,1083326,-61.50,103,0,0.0500
5920,1083582,607.59,256,1,0.0500
5921,1083774,-20.31,192,0,0.0500
5922,1084022,606.64,248,1,0.0500
5923,1084264,605.54,242,1,0.0500
5924,1084358,-61.71,94,0,0.0500
5925,1084379,-91.80,21,0,0.0500
5926,1084481,-59.69,102,0,0.0500
5927,1084661,-20.27,180,0,0.0500
5928,1084748,-60.74,87,0,0.0500
5929,1084846,-62.14,98,0,0.0500
5930,1085082,606.04,236,1,0.0500
5931,1085291,-18.38,209,0,0.0500
5932,1085534,607.44,243,1,0.0500
5933,1085778,605.52,244,1,0.0500
5934,1086020,605.63,242,1,0.0500
5935,1086211,-18.61,191,0,0.0500
5936,1086466,608.56,255,1,0.0500
5937,1086612,-32.96,146,0,0.0500
5938,1086664,-79.84,52,0,0.0500
5939,1086805,-35.64,141,0,0.0500
5940,1086902,-62.86,97,0,0.0500
5941,1086923,-92.00,21,0,0.0500
5942,1087014,-61.12,91,0,0.0500
5943,1087286,606.70,272,1,0.0500
5944,1087520,608.79,234,1,0.0500
5945,1087793,606.60,273,1,0.0500
5946,1088041,606.23,248,1,0.0500
5947,1088289,606.06,248,1,0.0500
5948,1088519,607.04,230,1,0.0500
5949,1088666,-32.76,147,0,0.0500
5950,1088909,605.15,243,1,0.0500
5951,1089159,606.21,250,1,0.0500
5952,1089435,608.46,276,1,0.0500
5953,1089689,606.37,254,1,0.0500
5954,1089791,-61.98,102,0,0.0500
5955,1089886,-62.08,95,0,0.0500
5956,1090144,607.15,258,1,0.0500
5957,1090403,606.94,259,1,0.0500
5958,1090550,-32.37,147,0,0.0500
5959,1090618,-64.67,68,0,0.0500
5960,1090702,-61.35,84,0,0.0500
5961,1090972,607.37,270,1,0.0500
5962,1091062,-58.89,90,0,0.0500
5963,1091313,605.87,251,1,0.0500
5964,1091419,-60.91,106,0,0.0500
5965,1091532,-56.30,113,0,0.0500
5966,1091679,-33.52,147,0,0.0500
5967,1091779,-62.43,100,0,0.0500
5968,1092041,606.40,262,1,0.0500
5969,1092289,606.97,248,1,0.0500
5970,1092435,-33.17,146,0,0.0500
5971,1092539,-60.95,104,0,0.0500
5972,1092639,-61.20,100,0,0.0500
5973,1092697,-80.00,58,0,0.0500
5974,1092970,607.12,273,1,0.0500
5975,1093111,-35.64,141,0,0.0500
5976,1093296,-22.01,185,0,0.0500
5977,1093535,606.95,239,1,0.0500
5978,1093775,605.15,240,1,0.0500
5979,1094053,608.05,278,1,0.0500
5980,1094171,-54.38,118,0,0.0500
5981,1094255,-63.45,84,0,0.0500
5982,1094542,608.66,287,1,0.0500
5983,1094631,-60.14,89,0,0.0500
5984,1094737,-61.87,106,0,0.0500
5985,1094878,-35.64,141,0,0.0500
5986,1094991,-56.30,113,0,0.0500
5987,1095243,605.56,252,1,0.0500
5988,1095333,-60.98,90,0,0.0500
5989,1095614,608.30,281,1,0.0500
5990,1095871,608.55,257,1,0.0500
5991,1095971,-61.13,100,0,0.0500
5992,1096057,-60.95,86,0,0.0500
5993,1096336,608.20,279,1,0.0500
5994,1096420,-60.77,84,0,0.0500
5995,1096620,-22.79,200,0,0.0500
5996,1096641,-91.80,21,0,0.0500
5997,1096881,605.29,240,1,0.0500
5998,1097030,-34.16,149,0,0.0500
5999,1097135,-60.59,105,0,0.0500
6000,1097380,607.00,245,1,0.0500
6001,1097471,-59.74,91,0,0.0500
6002,1097728,606.34,257,1,0.0500
6003,1097966,605.51,238,1,0.0500
6004,1098220,608.06,254,1,0.0500
6005,1098470,607.89,250,1,0.0500
6006,1098750,608.43,280,1,0.0500
6007,1098852,-61.52,102,0,0.0500
6008,1099114,607.95,262,1,0.0500
6009,1099135,-91.80,21,0,0.0500
6010,1099385,606.32,250,1,0.0500
6011,1099562,-21.63,177,0,0.0500
6012,1099842,608.94,280,1,0.0500
6013,1100090,607.07,248,1,0.0500
6014,1100352,607.15,262,1,0.0500
6015,1100626,607.77,274,1,0.0500
6016,1100881,606.88,255,1,0.0500
6017,1101131,608.31,250,1,0.0500
6018,1101385,607.97,254,1,0.0500
6019,1101636,607.33,251,1,0.0500
6020,1101726,-60.99,90,0,0.0500
6021,1101748,-91.81,22,0,0.0500
6022,1101842,-54.52,94,0,0.0500
6023,1101930,-60.13,88,0,0.0500
6024,1102205,607.32,275,1,0.0500
6025,1102446,606.72,241,1,0.0500
6026,1102587,-35.64,141,0,0.0500
6027,1102687,-60.87,100,0,0.0500
6028,1102875,-21.53,188,0,0.0500
6029,1103151,607.43,276,1,0.0500
6030,1103391,606.64,240,1,0.0500
6031,1103634,606.88,243,1,0.0500
6032,1103822,-20.69,188,0,0.0500
6033,1103967,-33.27,145,0,0.0500
6034,1104216,605.47,249,1,0.0500
6035,1104491,607.64,275,1,0.0500
6036,1104744,607.15,253,1,0.0500
6037,1104832,-60.13,88,0,0.0500
6038,1105087,607.43,255,1,0.0500
6039,1105323,606.56,236,1,0.0500
6040,1105420,-62.62,97,0,0.0500
6041,1105571,-32.71,151,0,0.0500
6042,1105826,606.79,255,1,0.0500
6043,1106079,608.28,253,1,0.0500
6044,1106348,610.19,269,1,0.0500
6045,1106434,-59.69,86,0,0.0500
6046,1106633,-20.16,199,0,0.0500
6047,1106880,607.06,247,1,0.0500
6048,1107021,-35.66,141,0,0.0500
6049,1107265,606.15,244,1,0.0500
6050,1107534,606.86,269,1,0.0500
6051,1107738,-21.17,204,0,0.0500
6052,1108006,606.12,268,1,0.0500
6053,1108046,-84.85,40,0,0.0500
6054,1108320,606.81,274,1,0.0500
6055,1108469,-32.59,149,0,0.0500
6056,1108718,607.80,249,1,0.0500
6057,1108956,605.60,238,1,0.0500
6058,1109145,-21.54,189,0,0.0500
6059,1109248,-60.93,103,0,0.0500
6060,1109355,-61.86,107,0,0.0500
6061,1109454,-61.06,99,0,0.0500
6062,1109704,608.73,250,1,0.0500
6063,1109790,-60.85,86,0,0.0500
6064,1110049,606.76,259,1,0.0500
6065,1110137,-60.75,88,0,0.0500
6066,1110250,-56.72,113,0,0.0500
6067,1110340,-60.92,90,0,0.0500
6068,1110440,-62.05,100,0,0.0500
6069,1110461,-91.80,21,0,0.0500
6070,1110560,-62.36,99,0,0.0500
6071,1110736,-20.89,176,0,0.0500
6072,1110837,-61.13,101,0,0.0500
6073,1110991,-33.49,154,0,0.0500
6074,1111251,606.31,260,1,0.0500
6075,1111334,-60.75,83,0,0.0500
6076,1111606,607.81,272,1,0.0500
6077,1111883,607.71,277,1,0.0500
6078,1111981,-61.48,98,0,0.0500
6079,1112229,606.73,248,1,0.0500
6080,1112330,-61.51,101,0,0.0500
6081,1112580,607.45,250,1,0.0500
6082,1112851,606.29,271,1,0.0500
6083,1113097,606.65,246,1,0.0500
6084,1113344,606.12,247,1,0.0500
6085,1113440,-64.12,96,0,0.0500
6086,1113461,-91.80,21,0,0.0500
6087,1113553,-61.78,92,0,0.0500
6088,1113655,-60.92,102,0,0.0500
6089,1113749,-54.94,94,0,0.0500
6090,1113848,-61.53,99,0,0.0500
6091,1114108,606.31,260,1,0.0500
6092,1114208,-61.81,100,0,0.0500
6093,1114314,-61.54,106,0,0.0500
6094,1114577,607.96,263,1,0.0500
6095,1114824,605.69,247,1,0.0500
6096,1115056,605.68,232,1,0.0500
6097,1115308,605.56,252,1,0.0500
6098,1115396,-60.13,88,0,0.0500
6099,1115495,-61.81,99,0,0.0500
6100,1115641,-33.09,146,0,0.0500
6101,1115894,605.76,253,1,0.0500
6102,1115993,-61.53,99,0,0.0500
6103,1116190,-23.08,197,0,0.0500
6104,1116418,605.70,228,1,0.0500
6105,1116509,-61.14,91,0,0.0500
6106,1116753,606.25,244,1,0.0500
6107,1116844,-61.15,91,0,0.0500
6108,1116945,-61.21,101,0,0.0500
6109,1116995,-79.44,50,0,0.0500
6110,1117098,-60.82,103,0,0.0500
6111,1117342,608.27,244,1,0.0500
6112,1117594,606.51,252,1,0.0500
6113,1117844,606.86,250,1,0.0500
6114,1117948,-60.93,104,0,0.0500
6115,1118036,-60.55,88,0,0.0500
6116,1118308,608.73,272,1,0.0500
6117,1118557,607.06,249,1,0.0500
6118,1118811,606.47,254,1,0.0500
6119,1118958,-33.30,147,0,0.0500
6120,1119195,608.13,237,1,0.0500
6121,1119280,-60.94,85,0,0.0500
6122,1119530,607.13,250,1,0.0500
6123,1119628,-62.35,98,0,0.0500
6124,1119649,-91.80,21,0,0.0500
6125,1119906,606.53,257,1,0.0500
6126,1120167,606.72,261,1,0.0500
6127,1120275,-56.25,108,0,0.0500
6128,1120379,-59.49,104,0,0.0500
6129,1120475,-61.89,96,0,0.0500
6130,1120584,-56.26,109,0,0.0500
6131,1120681,-54.34,97,0,0.0500
6132,1120777,-61.89,96,0,0.0500
6133,1120866,-61.40,89,0,0.0500
6134,1120980,-56.67,114,0,0.0500
6135,1121080,-54.16,100,0,0.0500
6136,1121340,607.37,260,1,0.0500
6137,1121430,-60.03,90,0,0.0500
6138,1121707,608.46,277,1,0.0500
6139,1121799,-54.61,92,0,0.0500
6140,1122056,605.93,257,1,0.0500
6141,1122278,605.87,222,1,0.0500
6142,1122549,606.27,271,1,0.0500
6143,1122695,-32.89,146,0,0.0500
6144,1122786,-63.25,91,0,0.0500
6145,1122971,-20.35,185,0,0.0500
6146,1123226,607.79,255,1,0.0500
6147,1123472,606.58,246,1,0.0500
6148,1123569,-61.41,97,0,0.0500
6149,1123659,-60.98,90,0,0.0500
6150,1123757,-62.21,98,0,0.0500
6151,1124008,605.54,251,1,0.0500
6152,1124253,606.08,245,1,0.0500
6153,1124356,-61.10,103,0,0.0500
6154,1124510,-32.84,154,0,0.0500
6155,1124656,-32.89,146,0,0.0500
6156,1124804,-32.57,148,0,0.0500
6157,1125059,606.70,255,1,0.0500
6158,1125337,608.14,278,1,0.0500
6159,1125596,607.28,259,1,0.0500
6160,1125685,-59.50,89,0,0.0500
6161,1125962,607.92,277,1,0.0500
6162,1126108,-32.89,146,0,0.0500
6163,1126204,-60.41,96,0,0.0500
6164,1126314,-55.85,110,0,0.0500
6165,1126552,607.92,238,1,0.0500
6166,1126799,606.44,247,1,0.0500
6167,1126894,-61.88,95,0,0.0500
6168,1126934,-84.85,40,0,0.0500
6169,1127219,609.10,285,1,0.0500
6170,1127459,605.44,240,1,0.0500
6171,1127718,606.74,259,1,0.0500
6172,1127987,605.70,269,1,0.0500
6173,1128260,606.70,273,1,0.0500
6174,1128372,-59.81,112,0,0.0500
6175,1128458,-61.27,86,0,0.0500
6176,1128732,606.61,274,1,0.0500
6177,1128974,605.85,242,1,0.0500
6178,1129246,606.81,272,1,0.0500
6179,1129493,606.44,247,1,0.0500
6180,1129745,606.82,252,1,0.0500
6181,1130023,608.69,278,1,0.0500
6182,1130222,-22.03,199,0,0.0500
6183,1130479,606.25,257,1,0.0500
6184,1130629,-32.48,150,0,0.0500
6185,1130879,607.45,250,1,0.0500
6186,1130965,-61.27,86,0,0.0500
6187,1131231,609.20,266,1,0.0500
6188,1131374,-33.70,143,0,0.0500
6189,1131545,-32.16,171,0,0.0500
6190,1131658,-55.88,113,0,0.0500
6191,1131906,607.90,248,1,0.0500
6192,1132005,-62.01,99,0,0.0500
6193,1132181,-21.20,176,0,0.0500
6194,1132419,605.21,238,1,0.0500
6195,1132699,608.45,280,1,0.0500
6196,1132949,607.49,250,1,0.0500
6197,1133200,607.33,251,1,0.0500
6198,1133294,-54.42,94,0,0.0500
6199,1133443,-31.88,149,0,0.0500
6200,1133720,607.92,277,1,0.0500
6201,1133818,-61.82,98,0,0.0500
6202,1133906,-59.29,88,0,0.0500
6203,1134158,607.65,252,1,0.0500
6204,1134316,-33.20,158,0,0.0500
6205,1134461,-32.77,145,0,0.0500
6206,1134548,-60.54,87,0,0.0500
6207,1134815,607.19,267,1,0.0500
6208,1135045,607.57,230,1,0.0500
6209,1135189,-33.29,144,0,0.0500
6210,1135429,609.06,240,1,0.0500
6211,1135576,-32.28,147,0,0.0500
6212,1135725,-33.10,149,0,0.0500
6213,1135819,-60.55,94,0,0.0500
6214,1135908,-61.18,89,0,0.0500
6215,1136050,-34.07,142,0,0.0500
6216,1136072,-91.81,22,0,0.0500
6217,1136251,-20.69,179,0,0.0500
6218,1136347,-61.40,96,0,0.0500
6219,1136493,-32.75,146,0,0.0500
6220,1136757,605.41,264,1,0.0500
6221,1137009,608.91,252,1,0.0500
6222,1137255,606.13,246,1,0.0500
6223,1137345,-60.92,90,0,0.0500
6224,1137368,-91.60,23,0,0.0500
6225,1137553,-21.71,185,0,0.0500
6226,1137641,-60.33,88,0,0.0500
6227,1137918,608.38,277,1,0.0500
6228,1138064,-32.75,146,0,0.0500
6229,1138166,-62.07,102,0,0.0500
6230,1138422,606.99,256,1,0.0500
6231,1138509,-60.44,87,0,0.0500
6232,1138599,-60.30,90,0,0.0500
6233,1138685,-60.37,86,0,0.0500
6234,1138830,-33.08,145,0,0.0500
6235,1138934,-62.20,104,0,0.0500
6236,1139194,608.02,260,1,0.0500
6237,1139308,-56.90,114,0,0.0500
6238,1139457,-33.20,149,0,0.0500
6239,1139703,605.70,246,1,0.0500
6240,1139948,606.26,245,1,0.0500
6241,1140034,-60.89,86,0,0.0500
6242,1140216,-21.59,182,0,0.0500
6243,1140359,-33.17,143,0,0.0500
6244,1140445,-59.69,86,0,0.0500
6245,1140589,-33.25,144,0,0.0500
6246,1140822,607.76,233,1,0.0500
6247,1140875,-79.92,53,0,0.0500
6248,1140896,-91.80,21,0,0.0500
6249,1141049,-32.11,153,0,0.0500
6250,1141310,607.78,261,1,0.0500
6251,1141570,607.25,260,1,0.0500
6252,1141715,-33.51,145,0,0.0500
6253,1141801,-60.37,86,0,0.0500
6254,1141946,-33.08,145,0,0.0500
6255,1142092,-32.89,146,0,0.0500
6256,1142335,608.30,243,1,0.0500
6257,1142435,-61.96,100,0,0.0500
6258,1142456,-91.80,21,0,0.0500
6259,1142545,-60.66,89,0,0.0500
6260,1142691,-32.77,146,0,0.0500
6261,1142927,606.67,236,1,0.0500
6262,1143013,-60.95,86,0,0.0500
6263,1143035,-91.81,22,0,0.0500
6264,1143264,606.11,229,1,0.0500
6265,1143501,606.88,237,1,0.0500
6266,1143759,606.77,258,1,0.0500
6267,1143855,-63.27,96,0,0.0500
6268,1144100,605.63,245,1,0.0500
6269,1144334,607.12,234,1,0.0500
6270,1144568,607.26,234,1,0.0500
6271,1144712,-33.99,144,0,0.0500
6272,1144985,607.03,273,1,0.0500
6273,1145071,-60.11,86,0,0.0500
6274,1145317,606.25,246,1,0.0500
6275,1145582,606.66,265,1,0.0500
6276,1145729,-32.97,147,0,0.0500
6277,1145980,607.70,251,1,0.0500
6278,1146066,-60.95,86,0,0.0500
6279,1146305,607.45,239,1,0.0500
6280,1146409,-61.12,104,0,0.0500
6281,1146660,607.90,251,1,0.0500
6282,1146808,-32.65,148,0,0.0500
6283,1146896,-59.71,88,0,0.0500
6284,1147163,608.68,267,1,0.0500
6285,1147425,608.93,262,1,0.0500
6286,1147657,605.24,232,1,0.0500
6287,1147930,606.69,273,1,0.0500
6288,1148076,-32.89,146,0,0.0500
6289,1148331,606.04,255,1,0.0500
6290,1148580,606.94,249,1,0.0500
6291,1148728,-32.69,148,0,0.0500
6292,1148818,-59.93,90,0,0.0500
6293,1149061,605.86,243,1,0.0500
6294,1149237,-20.79,176,0,0.0500
6295,1149382,-32.88,145,0,0.0500
6296,1149465,-64.05,83,0,0.0500
6297,1149713,605.61,248,1,0.0500
6298,1149961,606.76,248,1,0.0500
6299,1150072,-59.83,111,0,0.0500
6300,1150327,606.06,255,1,0.0500
6301,1150472,-33.16,145,0,0.0500
6302,1150719,608.89,247,1,0.0500
6303,1150970,608.74,251,1,0.0500
6304,1151081,-59.66,111,0,0.0500
6305,1151329,606.65,248,1,0.0500
6306,1151473,-33.36,144,0,0.0500
6307,1151579,-61.23,106,0,0.0500
6308,1151679,-61.60,100,0,0.0500
6309,1151827,-32.49,148,0,0.0500
6310,1151982,-32.66,155,0,0.0500
6311,1152240,605.92,258,1,0.0500
6312,1152503,607.02,263,1,0.0500
6313,1152588,-60.36,85,0,0.0500
6314,1152628,-84.85,40,0,0.0500
6315,1152900,608.81,272,1,0.0500
6316,1153149,606.96,249,1,0.0500
6317,1153399,606.02,250,1,0.0500
6318,1153483,-61.35,84,0,0.0500
6319,1153744,606.52,261,1,0.0500
6320,1153994,605.08,250,1,0.0500
6321,1154253,607.69,259,1,0.0500
6322,1154500,607.38,247,1,0.0500
6323,1154775,606.80,275,1,0.0500
6324,1155017,605.63,242,1,0.0500
6325,1155258,607.04,241,1,0.0500
6326,1155521,607.56,263,1,0.0500
6327,1155759,606.44,238,1,0.0500
6328,1155861,-61.92,102,0,0.0500
6329,1155929,-64.67,68,0,0.0500
6330,1156174,608.36,245,1,0.0500
6331,1156438,609.43,264,1,0.0500
6332,1156524,-60.95,86,0,0.0500
6333,1156610,-60.11,86,0,0.0500
6334,1156723,-55.88,113,0,0.0500
6335,1156973,606.03,250,1,0.0500
6336,1157026,-78.74,53,0,0.0500
6337,1157277,606.08,251,1,0.0500
6338,1157363,-60.11,86,0,0.0500
6339,1157451,-59.70,88,0,0.0500
6340,1157622,-31.33,171,0,0.0500
6341,1157719,-61.89,97,0,0.0500
6342,1157805,-60.25,86,0,0.0500
6343,1158069,607.93,264,1,0.0500
6344,1158213,-33.57,144,0,0.0500
6345,1158470,606.51,257,1,0.0500
6346,1158730,606.83,260,1,0.0500
6347,1158817,-60.54,87,0,0.0500
6348,1159101,608.80,284,1,0.0500
6349,1159246,-32.88,145,0,0.0500
6350,1159515,608.52,269,1,0.0500
6351,1159701,-20.78,186,0,0.0500
6352,1159855,-31.21,154,0,0.0500
6353,1160095,607.05,240,1,0.0500
6354,1160186,-60.57,91,0,0.0500
6355,1160415,607.37,229,1,0.0500
6356,1160668,607.29,253,1,0.0500
6357,1160922,608.76,254,1,0.0500
6358,1161191,606.62,269,1,0.0500
6359,1161279,-59.29,88,0,0.0500
6360,1161366,-59.70,87,0,0.0500
6361,1161614,605.57,248,1,0.0500
6362,1161721,-54.44,107,0,0.0500
6363,1161865,-34.12,144,0,0.0500
6364,1162115,605.91,250,1,0.0500
6365,1162364,607.42,249,1,0.0500
6366,1162621,608.68,257,1,0.0500
6367,1162765,-33.15,144,0,0.0500
6368,1162854,-60.14,89,0,0.0500
6369,1163000,-33.31,146,0,0.0500
6370,1163145,-33.08,145,0,0.0500
6371,1163295,-32.58,150,0,0.0500
6372,1163442,-33.10,147,0,0.0500
6373,1163696,607.03,254,1,0.0500
6374,1163970,608.54,274,1,0.0500
6375,1164208,607.71,238,1,0.0500
6376,1164475,607.51,267,1,0.0500
6377,1164621,-32.78,146,0,0.0500
6378,1164706,-61.78,85,0,0.0500
6379,1164959,608.07,253,1,0.0500
6380,1165045,-59.69,86,0,0.0500
6381,1165302,608.02,257,1,0.0500
6382,1165538,605.84,236,1,0.0500
6383,1165624,-60.95,86,0,0.0500
6384,1165711,-60.54,87,0,0.0500
6385,1165799,-59.49,88,0,0.0500
6386,1166055,608.03,256,1,0.0500
6387,1166304,606.84,249,1,0.0500
6388,1166498,-20.72,194,0,0.0500
6389,1166773,607.72,275,1,0.0500
6390,1167017,606.12,244,1,0.0500
6391,1167293,607.41,276,1,0.0500
6392,1167520,605.93,227,1,0.0500
6393,1167623,-62.26,103,0,0.0500
6394,1167714,-60.23,91,0,0.0500
6395,1167820,-60.57,106,0,0.0500
6396,1167967,-32.69,147,0,0.0500
6397,1168235,609.48,268,1,0.0500
6398,1168341,-62.08,106,0,0.0500
6399,1168617,608.25,276,1,0.0500
6400,1168854,606.87,237,1,0.0500
6401,1168999,-33.84,145,0,0.0500
6402,1169263,607.30,264,1,0.0500
6403,1169343,-63.11,80,0,0.0500
6404,1169443,-62.78,100,0,0.0500
6405,1169702,608.10,259,1,0.0500
6406,1169788,-60.95,86,0,0.0500
6407,1170050,608.17,262,1,0.0500
6408,1170304,607.84,254,1,0.0500
6409,1170557,606.81,253,1,0.0500
6410,1170643,-60.11,86,0,0.0500
6411,1170713,-64.27,70,0,0.0500
6412,1170788,-62.93,75,0,0.0500
6413,1171032,606.03,244,1,0.0500
6414,1171290,606.77,258,1,0.0500
6415,1171399,-56.26,109,0,0.0500
6416,1171667,607.37,268,1,0.0500
6417,1171753,-61.15,86,0,0.0500
6418,1171846,-63.03,93,0,0.0500
6419,1172117,607.47,271,1,0.0500
6420,1172203,-59.69,86,0,0.0500
6421,1172453,608.62,250,1,0.0500
6422,1172703,606.34,250,1,0.0500
6423,1172979,607.88,276,1,0.0500
6424,1173221,605.75,242,1,0.0500
6425,1173474,607.23,253,1,0.0500
6426,1173575,-61.81,101,0,0.0500
6427,1173647,-63.96,72,0,0.0500
6428,1173732,-63.24,85,0,0.0500
6429,1173878,-32.89,146,0,0.0500
6430,1174024,-33.59,146,0,0.0500
6431,1174285,607.34,261,1,0.0500
6432,1174555,606.42,270,1,0.0500
6433,1174647,-54.82,92,0,0.0500
6434,1174893,606.64,246,1,0.0500
6435,1174963,-64.27,70,0,0.0500
6436,1175031,-64.67,68,0,0.0500
6437,1175278,606.56,247,1,0.0500
6438,1175528,607.04,250,1,0.0500
6439,1175777,606.66,249,1,0.0500
6440,1176037,606.85,260,1,0.0500
6441,1176283,606.45,246,1,0.0500
6442,1176377,-54.73,94,0,0.0500
6443,1176469,-54.61,92,0,0.0500
6444,1176727,606.75,258,1,0.0500
6445,1176971,605.65,244,1,0.0500
6446,1177249,609.17,278,1,0.0500
6447,1177338,-61.40,89,0,0.0500
6448,1177574,606.05,236,1,0.0500
6449,1177828,605.33,254,1,0.0500
6450,1177934,-62.30,106,0,0.0500
6451,1178005,-64.36,71,0,0.0500
6452,1178258,609.75,253,1,0.0500
6453,1178500,606.07,242,1,0.0500
6454,1178756,606.56,256,1,0.0500
6455,1179005,605.89,249,1,0.0500
6456,1179247,607.03,242,1,0.0500
6457,1179498,607.05,251,1,0.0500
6458,1179745,606.65,247,1,0.0500
6459,1179831,-59.69,86,0,0.0500
6460,1179852,-91.80,21,0,0.0500
6461,1180102,607.36,250,1,0.0500
6462,1180197,-62.30,95,0,0.0500
6463,1180452,607.30,255,1,0.0500
6464,1180718,606.89,266,1,0.0500
6465,1180962,605.84,244,1,0.0500
6466,1181050,-59.29,88,0,0.0500
6467,1181137,-60.54,87,0,0.0500
6468,1181390,606.90,253,1,0.0500
6469,1181531,-35.88,141,0,0.0500
6470,1181710,-20.81,179,0,0.0500
6471,1181967,607.19,257,1,0.0500
6472,1182210,605.85,243,1,0.0500
6473,1182471,607.78,261,1,0.0500
6474,1182615,-34.33,144,0,0.0500
6475,1182775,-31.33,160,0,0.0500
6476,1182920,-34.56,145,0,0.0500
6477,1183064,-36.02,144,0,0.0500
6478,1183168,-60.71,104,0,0.0500
6479,1183209,-85.45,41,0,0.0500
6480,1183323,-61.22,114,0,0.0500
6481,1183413,-59.09,90,0,0.0500
6482,1183502,-59.30,89,0,0.0500
6483,1183679,-20.49,177,0,0.0500
6484,1183932,606.92,253,1,0.0500
6485,1184018,-60.53,86,0,0.0500
6486,1184040,-91.80,22,0,0.0500
6487,1184272,608.91,232,1,0.0500
6488,1184294,-91.81,22,0,0.0500
6489,1184380,-60.95,86,0,0.0500
6490,1184634,608.39,254,1,0.0500
6491,1184880,605.51,246,1,0.0500
6492,1185137,608.24,257,1,0.0500
6493,1185227,-59.76,90,0,0.0500
6494,1185373,-32.95,146,0,0.0500
6495,1185622,609.06,249,1,0.0500
6496,1185765,-33.37,143,0,0.0500
6497,1186026,606.95,261,1,0.0500
6498,1186172,-32.75,146,0,0.0500
6499,1186258,-60.95,86,0,0.0500
6500,1186349,-61.67,91,0,0.0500
6501,1186444,-60.19,95,0,0.0500
6502,1186705,608.28,261,1,0.0500
6503,1186852,-32.76,147,0,0.0500
6504,1186938,-60.85,86,0,0.0500
6505,1187046,-60.65,108,0,0.0500
6506,1187298,606.94,252,1,0.0500
6507,1187354,-79.16,56,0,0.0500
6508,1187456,-61.29,102,0,0.0500
6509,1187716,607.16,260,1,0.0500
6510,1187966,607.37,250,1,0.0500
6511,1188217,605.87,251,1,0.0500
6512,1188477,606.89,260,1,0.0500
6513,1188569,-54.82,92,0,0.0500
6514,1188832,607.75,263,1,0.0500
6515,1189074,607.97,242,1,0.0500
6516,1189310,605.43,236,1,0.0500
6517,1189392,-64.27,82,0,0.0500
6518,1189464,-63.96,72,0,0.0500
6519,1189505,-85.05,41,0,0.0500
6520,1189766,607.67,261,1,0.0500
6521,1190007,605.99,241,1,0.0500
6522,1190257,606.63,250,1,0.0500
6523,1190503,609.00,246,1,0.0500
6524,1190588,-60.94,85,0,0.0500
6525,1190733,-33.16,145,0,0.0500
6526,1190998,608.34,265,1,0.0500
6527,1191258,607.17,260,1,0.0500
6528,1191506,607.96,248,1,0.0500
6529,1191657,-32.30,151,0,0.0500
6530,1191808,-32.19,151,0,0.0500
6531,1191955,-32.96,147,0,0.0500
6532,1192209,607.43,254,1,0.0500
6533,1192468,606.54,259,1,0.0500
6534,1192723,606.19,255,1,0.0500
6535,1192948,606.88,225,1,0.0500
6536,1193094,-32.96,146,0,0.0500
6537,1193178,-61.19,84,0,0.0500
6538,1193325,-33.32,147,0,0.0500
6539,1193405,-63.94,80,0,0.0500
6540,1193632,605.81,227,1,0.0500
6541,1193865,607.01,233,1,0.0500
6542,1193887,-91.80,22,0,0.0500
6543,1193981,-64.07,94,0,0.0500
6544,1194032,-80.32,51,0,0.0500
6545,1194291,607.08,259,1,0.0500
6546,1194375,-61.35,84,0,0.0500
6547,1194628,607.02,253,1,0.0500
6548,1194725,-62.35,97,0,0.0500
6549,1194977,607.45,252,1,0.0500
6550,1195247,606.85,270,1,0.0500
6551,1195357,-60.75,110,0,0.0500
6552,1195621,608.37,264,1,0.0500
6553,1195871,607.05,250,1,0.0500
6554,1195960,-63.84,89,0,0.0500
6555,1196220,607.12,260,1,0.0500
6556,1196472,605.87,252,1,0.0500
6557,1196733,606.51,261,1,0.0500
6558,1197006,608.08,273,1,0.0500
6559,1197264,607.18,258,1,0.0500
6560,1197532,607.72,268,1,0.0500
6561,1197790,607.17,258,1,0.0500
6562,1197874,-59.93,84,0,0.0500
6563,1198104,606.31,230,1,0.0500
6564,1198195,-60.57,91,0,0.0500
6565,1198347,-31.99,152,0,0.0500
6566,1198368,-91.80,21,0,0.0500
6567,1198543,-30.54,175,0,0.0500
6568,1198690,-32.76,147,0,0.0500
6569,1198777,-60.44,87,0,0.0500
6570,1198869,-54.81,92,0,0.0500
6571,1199131,606.69,262,1,0.0500
6572,1199377,606.97,246,1,0.0500
6573,1199471,-63.23,94,0,0.0500
6574,1199557,-60.53,86,0,0.0500
6575,1199645,-60.33,88,0,0.0500
6576,1199694,-79.54,49,0,0.0500
6577,1199972,608.55,278,1,0.0500
6578,1200059,-60.54,87,0,0.0500
6579,1200310,606.08,251,1,0.0500
6580,1200563,607.23,253,1,0.0500
6581,1200822,606.72,259,1,0.0500
6582,1200915,-54.62,93,0,0.0500
6583,1200965,-79.13,50,0,0.0500
6584,1201147,-20.22,182,0,0.0500
6585,1201416,607.60,269,1,0.0500
6586,1201437,-92.00,21,0,0.0500
6587,1201524,-60.96,87,0,0.0500
6588,1201766,605.78,242,1,0.0500
6589,1201947,-21.98,181,0,0.0500
6590,1202202,609.53,255,1,0.0500
6591,1202456,606.92,254,1,0.0500
6592,1202705,606.82,249,1,0.0500
6593,1202852,-32.57,147,0,0.0500
6594,1202943,-62.31,91,0,0.0500
6595,1203208,607.64,265,1,0.0500
6596,1203294,-59.27,86,0,0.0500
6597,1203334,-85.05,40,0,0.0500
6598,1203475,-36.06,141,0,0.0500
6599,1203730,607.02,255,1,0.0500
6600,1203982,606.79,252,1,0.0500
6601,1204228,605.93,246,1,0.0500
6602,1204468,606.22,240,1,0.0500
6603,1204730,607.83,262,1,0.0500
6604,1204985,608.04,255,1,0.0500
6605,1205239,606.80,254,1,0.0500
6606,1205489,608.00,250,1,0.0500
6607,1205729,606.21,240,1,0.0500
6608,1205964,606.68,235,1,0.0500
6609,1206113,-32.69,149,0,0.0500
6610,1206366,605.98,253,1,0.0500
6611,1206464,-61.81,98,0,0.0500
6612,1206704,607.05,240,1,0.0500
6613,1206790,-60.53,86,0,0.0500
6614,1206871,-63.83,81,0,0.0500
6615,1207131,607.58,260,1,0.0500
6616,1207386,608.88,255,1,0.0500
6617,1207661,607.86,275,1,0.0500
6618,1207922,607.24,261,1,0.0500
6619,1208175,607.44,253,1,0.0500
6620,1208415,605.49,240,1,0.0500
6621,1208562,-33.38,147,0,0.0500
6622,1208649,-60.54,87,0,0.0500
6623,1208911,608.19,262,1,0.0500
6624,1209183,609.65,272,1,0.0500
6625,1209205,-91.80,22,0,0.0500
6626,1209291,-60.11,86,0,0.0500
6627,1209397,-58.32,106,0,0.0500
6628,1209621,606.05,224,1,0.0500
6629,1209894,607.26,273,1,0.0500
6630,1210167,607.70,273,1,0.0500
6631,1210409,606.41,242,1,0.0500
6632,1210560,-32.92,151,0,0.0500
6633,1210789,606.54,229,1,0.0500
6634,1210878,-60.76,89,0,0.0500
6635,1210983,-61.55,105,0,0.0500
6636,1211227,606.43,244,1,0.0500
6637,1211313,-59.69,86,0,0.0500
6638,1211364,-78.08,51,0,0.0500
6639,1211605,607.36,241,1,0.0500
6640,1211751,-32.77,146,0,0.0500
6641,1212015,608.05,264,1,0.0500
6642,1212253,605.09,238,1,0.0500
6643,1212519,607.33,266,1,0.0500
6644,1212602,-63.64,83,0,0.0500
6645,1212862,607.36,260,1,0.0500
6646,1213040,-20.80,178,0,0.0500
6647,1213219,-21.01,179,0,0.0500
6648,1213306,-60.54,87,0,0.0500
6649,1213397,-60.57,91,0,0.0500
6650,1213500,-55.77,103,0,0.0500
6651,1213644,-32.45,144,0,0.0500
6652,1213892,606.69,248,1,0.0500
6653,1213980,-60.13,88,0,0.0500
6654,1214070,-64.40,90,0,0.0500
6655,1214160,-60.14,90,0,0.0500
6656,1214304,-33.15,144,0,0.0500
6657,1214488,-20.64,184,0,0.0500
6658,1214718,606.74,230,1,0.0500
6659,1214971,606.90,253,1,0.0500
6660,1215023,-78.51,52,0,0.0500
6661,1215283,606.29,260,1,0.0500
6662,1215305,-91.81,22,0,0.0500
6663,1215559,605.65,254,1,0.0500
6664,1215635,-60.64,76,0,0.0500
6665,1215779,-33.29,144,0,0.0500
6666,1215864,-63.45,85,0,0.0500
6667,1216017,-32.42,153,0,0.0500
6668,1216105,-59.49,88,0,0.0500
6669,1216197,-60.73,92,0,0.0500
6670,1216449,606.61,252,1,0.0500
6671,1216685,607.93,236,1,0.0500
6672,1216916,606.42,231,1,0.0500
6673,1217003,-58.96,87,0,0.0500
6674,1217097,-59.76,94,0,0.0500
6675,1217149,-78.73,52,0,0.0500
6676,1217256,-60.89,107,0,0.0500
6677,1217514,607.81,258,1,0.0500
6678,1217671,-35.08,157,0,0.0500
6679,1217814,-33.79,143,0,0.0500
6680,1218066,607.14,252,1,0.0500
6681,1218301,607.11,235,1,0.0500
6682,1218540,605.18,239,1,0.0500
6683,1218681,-36.48,141,0,0.0500
6684,1218928,606.65,247,1,0.0500
6685,1219178,605.07,250,1,0.0500
6686,1219199,-91.80,21,0,0.0500
6687,1219306,-61.07,107,0,0.0500
6688,1219412,-61.38,106,0,0.0500
6689,1219485,-63.96,73,0,0.0500
6690,1219755,606.65,270,1,0.0500
6691,1219805,-79.13,50,0,0.0500
6692,1219891,-60.95,86,0,0.0500
6693,1220135,606.14,244,1,0.0500
6694,1220222,-60.54,87,0,0.0500
6695,1220455,607.64,233,1,0.0500
6696,1220542,-60.54,87,0,0.0500
6697,1220692,-32.51,150,0,0.0500
6698,1220835,-33.79,143,0,0.0500
6699,1221089,607.07,254,1,0.0500
6700,1221141,-79.92,52,0,0.0500
6701,1221162,-92.00,21,0,0.0500
6702,1221265,-54.30,103,0,0.0500
6703,1221349,-61.14,84,0,0.0500
6704,1221597,606.14,248,1,0.0500
6705,1221695,-61.82,98,0,0.0500
6706,1221795,-62.03,100,0,0.0500
6707,1222045,606.41,250,1,0.0500
6708,1222196,-32.29,151,0,0.0500
6709,1222337,-36.48,141,0,0.0500
6710,1222589,605.35,252,1,0.0500
6711,1222839,605.67,250,1,0.0500
6712,1223062,606.06,223,1,0.0500
6713,1223173,-56.28,111,0,0.0500
6714,1223224,-79.14,51,0,0.0500
6715,1223335,-55.44,111,0,0.0500
6716,1223431,-63.77,96,0,0.0500
6717,1223534,-61.32,103,0,0.0500
6718,1223789,607.51,255,1,0.0500
6719,1224060,609.88,271,1,0.0500
6720,1224311,605.87,251,1,0.0500
6721,1224385,-63.76,74,0,0.0500
6722,1224606,605.56,221,1,0.0500
6723,1224831,605.94,225,1,0.0500
6724,1225091,607.57,260,1,0.0500
6725,1225341,609.78,250,1,0.0500
6726,1225432,-59.94,91,0,0.0500
6727,1225578,-32.56,146,0,0.0500
6728,1225721,-33.37,143,0,0.0500
6729,1225962,608.09,241,1,0.0500
6730,1226115,-33.68,153,0,0.0500
6731,1226166,-79.14,51,0,0.0500
6732,1226421,607.32,255,1,0.0500
6733,1226442,-92.00,21,0,0.0500
6734,1226585,-33.37,143,0,0.0500
6735,1226847,607.56,262,1,0.0500
6736,1227106,608.22,259,1,0.0500
6737,1227361,608.37,255,1,0.0500
6738,1227633,606.68,272,1,0.0500
6739,1227735,-61.80,102,0,0.0500
6740,1227977,605.87,242,1,0.0500
6741,1228208,605.88,231,1,0.0500
6742,1228294,-59.69,86,0,0.0500
6743,1228435,-36.48,141,0,0.0500
6744,1228692,607.48,257,1,0.0500
6745,1228932,605.59,240,1,0.0500
6746,1229010,-60.44,78,0,0.0500
6747,1229096,-59.69,86,0,0.0500
6748,1229344,605.27,248,1,0.0500
6749,1229485,-36.06,141,0,0.0500
6750,1229669,-20.88,184,0,0.0500
6751,1229810,-36.48,141,0,0.0500
6752,1230089,608.11,279,1,0.0500
6753,1230237,-32.47,148,0,0.0500
6754,1230327,-60.56,90,0,0.0500
6755,1230348,-91.80,21,0,0.0500
6756,1230489,-36.48,141,0,0.0500
6757,1230739,606.96,250,1,0.0500
6758,1230975,605.21,236,1,0.0500
6759,1230997,-91.81,22,0,0.0500
6760,1231171,-21.27,174,0,0.0500
6761,1231415,605.54,244,1,0.0500
6762,1231500,-58.63,85,0,0.0500
6763,1231551,-79.14,51,0,0.0500
6764,1231805,606.13,254,1,0.0500
6765,1232048,605.86,243,1,0.0500
6766,1232250,-22.39,202,0,0.0500
6767,1232404,-31.79,154,0,0.0500
6768,1232655,605.66,251,1,0.0500
6769,1232745,-60.51,90,0,0.0500
6770,1232890,-32.77,145,0,0.0500
6771,1233073,-21.38,183,0,0.0500
6772,1233341,608.01,268,1,0.0500
6773,1233600,606.30,259,1,0.0500
6774,1233889,609.36,289,1,0.0500
6775,1234123,607.53,234,1,0.0500
6776,1234380,606.97,257,1,0.0500
6777,1234527,-32.78,147,0,0.0500
6778,1234786,607.38,259,1,0.0500
6779,1234975,-19.65,189,0,0.0500
6780,1235078,-61.73,103,0,0.0500
6781,1235186,-60.95,108,0,0.0500
6782,1235433,607.06,247,1,0.0500
6783,1235616,-21.38,183,0,0.0500
6784,1235877,607.14,261,1,0.0500
6785,1236121,606.38,244,1,0.0500
6786,1236275,-34.42,154,0,0.0500
6787,1236458,-21.38,183,0,0.0500
6788,1236549,-60.78,91,0,0.0500
6789,1236806,607.07,257,1,0.0500
6790,1237002,-21.18,196,0,0.0500
6791,1237183,-21.28,181,0,0.0500
6792,1237329,-33.02,146,0,0.0500
6793,1237513,-22.12,184,0,0.0500
6794,1237756,606.04,243,1,0.0500
6795,1238015,607.16,259,1,0.0500
6796,1238121,-60.20,106,0,0.0500
6797,1238232,-60.35,111,0,0.0500
6798,1238323,-60.78,91,0,0.0500
6799,1238577,607.34,254,1,0.0500
6800,1238718,-36.48,141,0,0.0500
6801,1238967,606.75,249,1,0.0500
6802,1239144,-20.87,177,0,0.0500
6803,1239245,-63.52,101,0,0.0500
6804,1239297,-79.84,52,0,0.0500
6805,1239538,605.24,241,1,0.0500
6806,1239779,606.71,241,1,0.0500
6807,1240002,606.47,223,1,0.0500
6808,1240271,609.70,269,1,0.0500
6809,1240420,-32.99,149,0,0.0500
6810,1240506,-60.95,86,0,0.0500
6811,1240651,-33.36,145,0,0.0500
6812,1240724,-64.16,73,0,0.0500
6813,1240745,-92.00,21,0,0.0500
6814,1240967,606.07,222,1,0.0500
6815,1241220,607.64,253,1,0.0500
6816,1241491,606.93,271,1,0.0500
6817,1241742,607.76,251,1,0.0500
6818,1241991,605.71,249,1,0.0500
6819,1242235,606.15,244,1,0.0500
6820,1242286,-79.14,51,0,0.0500
6821,1242563,607.30,277,1,0.0500
6822,1242809,606.58,246,1,0.0500
6823,1243045,606.88,236,1,0.0500
6824,1243318,607.42,273,1,0.0500
6825,1243576,606.56,258,1,0.0500
6826,1243665,-60.34,89,0,0.0500
6827,1243774,-61.11,109,0,0.0500
6828,1244006,607.35,232,1,0.0500
6829,1244279,607.53,273,1,0.0500
6830,1244541,608.18,262,1,0.0500
6831,1244688,-32.76,147,0,0.0500
6832,1244791,-62.49,103,0,0.0500
6833,1245041,606.63,250,1,0.0500
6834,1245282,607.99,241,1,0.0500
6835,1245543,607.35,261,1,0.0500
6836,1245718,-21.19,175,0,0.0500
6837,1245769,-79.14,51,0,0.0500
6838,1245917,-32.55,148,0,0.0500
6839,1246101,-21.61,184,0,0.0500
6840,1246338,606.87,237,1,0.0500
6841,1246605,608.35,267,1,0.0500
6842,1246701,-62.09,96,0,0.0500
6843,1246817,-55.90,116,0,0.0500
6844,1246923,-61.40,106,0,0.0500
6845,1247163,606.43,240,1,0.0500
6846,1247184,-92.00,21,0,0.0500
6847,1247402,606.85,218,1,0.0500
6848,1247489,-60.54,87,0,0.0500
6849,1247746,607.79,257,1,0.0500
6850,1248011,607.74,265,1,0.0500
6851,1248033,-91.81,22,0,0.0500
6852,1248278,606.88,245,1,0.0500
6853,1248368,-60.14,90,0,0.0500
6854,1248616,606.44,248,1,0.0500
6855,1248864,606.65,248,1,0.0500
6856,1248970,-61.16,106,0,0.0500
6857,1249115,-33.16,145,0,0.0500
6858,1249220,-60.80,105,0,0.0500
6859,1249496,607.20,276,1,0.0500
6860,1249743,606.12,247,1,0.0500
6861,1249931,-20.96,188,0,0.0500
6862,1250173,605.63,242,1,0.0500
6863,1250425,606.94,252,1,0.0500
6864,1250571,-32.95,146,0,0.0500
6865,1250824,605.96,253,1,0.0500
6866,1251089,606.26,265,1,0.0500
6867,1251178,-60.14,89,0,0.0500
6868,1251233,-79.18,55,0,0.0500
6869,1251319,-60.95,86,0,0.0500
6870,1251517,-22.38,198,0,0.0500
6871,1251627,-61.96,110,0,0.0500
6872,1251897,606.73,270,1,0.0500
6873,1252154,606.56,257,1,0.0500
6874,1252398,605.97,244,1,0.0500
6875,1252655,607.80,257,1,0.0500
6876,1252752,-60.42,97,0,0.0500
6877,1252773,-91.80,21,0,0.0500
6878,1252873,-62.02,100,0,0.0500
6879,1253146,607.55,273,1,0.0500
6880,1253242,-61.89,96,0,0.0500
6881,1253343,-61.72,101,0,0.0500
6882,1253490,-32.76,147,0,0.0500
6883,1253578,-63.64,88,0,0.0500
6884,1253850,606.32,272,1,0.0500
6885,1254040,-19.87,190,0,0.0500
6886,1254219,-20.71,179,0,0.0500
6887,1254476,605.40,257,1,0.0500
6888,1254748,606.39,272,1,0.0500
6889,1254834,-60.95,86,0,0.0500
6890,1254927,-60.37,93,0,0.0500
6891,1255190,608.51,263,1,0.0500
6892,1255428,606.03,238,1,0.0500
6893,1255525,-60.79,97,0,0.0500
6894,1255632,-62.84,107,0,0.0500
6895,1255728,-61.89,96,0,0.0500
6896,1255779,-79.14,51,0,0.0500
6897,1255934,-35.06,155,0,0.0500
6898,1256031,-59.84,97,0,0.0500
6899,1256073,-84.65,42,0,0.0500
6900,1256350,608.16,277,1,0.0500
6901,1256500,-32.78,150,0,0.0500
6902,1256761,607.05,261,1,0.0500
6903,1256810,-79.54,49,0,0.0500
6904,1256888,-60.44,78,0,0.0500
6905,1256909,-91.80,21,0,0.0500
6906,1257018,-61.07,109,0,0.0500
6907,1257270,605.72,252,1,0.0500
6908,1257323,-79.72,53,0,0.0500
6909,1257421,-61.69,98,0,0.0500
6910,1257526,-60.30,105,0,0.0500
6911,1257613,-59.38,87,0,0.0500
6912,1257809,-22.03,196,0,0.0500
6913,1257861,-78.73,52,0,0.0500
6914,1258106,606.26,245,1,0.0500
6915,1258201,-60.62,95,0,0.0500
6916,1258351,-32.39,150,0,0.0500
6917,1258538,-21.31,187,0,0.0500
6918,1258628,-60.50,90,0,0.0500
6919,1258892,607.32,264,1,0.0500
6920,1259172,608.73,280,1,0.0500
6921,1259194,-91.81,22,0,0.0500
6922,1259282,-60.55,88,0,0.0500
6923,1259437,-34.64,155,0,0.0500
6924,1259537,-61.01,100,0,0.0500
6925,1259788,606.71,251,1,0.0500
6926,1260039,606.73,251,1,0.0500
6927,1260293,606.70,254,1,0.0500
6928,1260538,606.92,245,1,0.0500
6929,1260714,-21.08,176,0,0.0500
6930,1260957,607.23,243,1,0.0500
6931,1261200,605.46,243,1,0.0500
6932,1261296,-61.89,96,0,0.0500
6933,1261550,607.40,254,1,0.0500
6934,1261649,-63.36,99,0,0.0500
6935,1261748,-61.08,99,0,0.0500
6936,1261890,-34.00,142,0,0.0500
6937,1261995,-59.87,105,0,0.0500
6938,1262136,-36.48,141,0,0.0500
6939,1262229,-54.62,93,0,0.0500
6940,1262496,607.28,267,1,0.0500
6941,1262583,-60.54,87,0,0.0500
6942,1262632,-79.54,49,0,0.0500
6943,1262871,606.85,239,1,0.0500
6944,1263072,-22.41,201,0,0.0500
6945,1263325,607.84,253,1,0.0500
6946,1263432,-61.46,107,0,0.0500
6947,1263681,606.52,249,1,0.0500
6948,1263938,607.39,257,1,0.0500
6949,1264209,607.39,271,1,0.0500
6950,1264355,-33.17,146,0,0.0500
6951,1264451,-61.62,96,0,0.0500
6952,1264548,-62.10,97,0,0.0500
6953,1264824,607.83,276,1,0.0500
6954,1265090,608.69,266,1,0.0500
6955,1265323,607.75,233,1,0.0500
6956,1265515,-21.14,192,0,0.0500
6957,1265604,-60.04,89,0,0.0500
6958,1265712,-61.34,108,0,0.0500
6959,1265820,-54.57,108,0,0.0500
6960,1266075,607.84,255,1,0.0500
6961,1266127,-78.73,52,0,0.0500
6962,1266373,607.22,246,1,0.0500
6963,1266422,-79.54,49,0,0.0500
6964,1266509,-60.74,87,0,0.0500
6965,1266657,-33.29,148,0,0.0500
6966,1266708,-79.14,51,0,0.0500
6967,1266853,-32.77,145,0,0.0500
6968,1266957,-60.91,104,0,0.0500
6969,1267206,605.98,249,1,0.0500
6970,1267302,-61.62,96,0,0.0500
6971,1267547,606.58,245,1,0.0500
6972,1267785,608.33,238,1,0.0500
6973,1267883,-61.69,98,0,0.0500
6974,1268139,607.40,256,1,0.0500
6975,1268289,-32.71,150,0,0.0500
6976,1268377,-60.16,88,0,0.0500
6977,1268629,607.54,252,1,0.0500
6978,1268681,-79.71,52,0,0.0500
6979,1268786,-60.03,105,0,0.0500
6980,1268976,-20.71,190,0,0.0500
6981,1269125,-32.50,149,0,0.0500
6982,1269375,606.76,250,1,0.0500
6983,1269516,-36.08,141,0,0.0500
6984,1269624,-60.42,108,0,0.0500
6985,1269724,-61.51,100,0,0.0500
6986,1269974,607.89,250,1,0.0500
6987,1270256,608.29,282,1,0.0500
6988,1270397,-36.17,141,0,0.0500
6989,1270575,-20.47,178,0,0.0500
6990,1270819,606.06,244,1,0.0500
6991,1270966,-33.10,147,0,0.0500
6992,1271067,-61.09,101,0,0.0500
6993,1271305,607.18,238,1,0.0500
6994,1271401,-61.89,96,0,0.0500
6995,1271640,607.49,239,1,0.0500
6996,1271894,607.09,254,1,0.0500
6997,1272076,-19.90,182,0,0.0500
6998,1272173,-62.10,97,0,0.0500
6999,1272262,-60.14,89,0,0.0500
7000,1272551,609.17,289,1,0.0500
7001,1272697,-32.71,146,0,0.0500
7002,1272872,-21.20,175,0,0.0500
7003,1273141,608.33,269,1,0.0500
7004,1273322,-19.89,181,0,0.0500
7005,1273505,-21.59,183,0,0.0500
7006,1273591,-59.69,86,0,0.0500
7007,1273846,605.95,255,1,0.0500
7008,1273942,-60.19,96,0,0.0500
7009,1274201,609.36,259,1,0.0500
7010,1274462,607.46,261,1,0.0500
7011,1274565,-62.07,103,0,0.0500
7012,1274808,606.17,243,1,0.0500
7013,1274904,-61.89,96,0,0.0500
7014,1275001,-62.10,97,0,0.0500
7015,1275253,607.03,252,1,0.0500
7016,1275497,606.40,244,1,0.0500
7017,1275518,-91.80,21,0,0.0500
7018,1275604,-60.95,86,0,0.0500
7019,1275695,-59.74,91,0,0.0500
7020,1275841,-32.95,146,0,0.0500
7021,1275937,-61.89,96,0,0.0500
7022,1275988,-79.14,51,0,0.0500
7023,1276243,608.67,255,1,0.0500
7024,1276528,611.50,285,1,0.0500
7025,1276621,-61.17,93,0,0.0500
7026,1276899,608.77,278,1,0.0500
7027,1276986,-60.96,87,0,0.0500
7028,1277068,-59.85,82,0,0.0500
7029,1277215,-32.76,147,0,0.0500
7030,1277402,-22.15,187,0,0.0500
7031,1277505,-59.34,103,0,0.0500
7032,1277758,607.32,253,1,0.0500
7033,1277873,-56.31,115,0,0.0500
7034,1278112,605.27,239,1,0.0500
7035,1278199,-60.54,87,0,0.0500
7036,1278344,-33.39,145,0,0.0500
7037,1278445,-61.72,101,0,0.0500
7038,1278628,-20.88,183,0,0.0500
7039,1278896,606.45,268,1,0.0500
7040,1279040,-33.15,144,0,0.0500
7041,1279248,-21.71,208,0,0.0500
7042,1279500,606.32,252,1,0.0500
7043,1279542,-83.15,42,0,0.0500
7044,1279638,-61.89,96,0,0.0500
7045,1279910,607.67,272,1,0.0500
7046,1279996,-60.95,86,0,0.0500
7047,1280266,606.11,270,1,0.0500
7048,1280287,-91.80,21,0,0.0500
7049,1280391,-60.91,104,0,0.0500
7050,1280482,-60.57,91,0,0.0500
7051,1280536,-78.75,54,0,0.0500
7052,1280636,-61.50,100,0,0.0500
7053,1280735,-61.61,99,0,0.0500
7054,1280878,-32.96,143,0,0.0500
7055,1280973,-62.08,95,0,0.0500
7056,1281073,-61.50,100,0,0.0500
7057,1281360,610.25,287,1,0.0500
7058,1281610,606.45,250,1,0.0500
7059,1281841,606.72,231,1,0.0500
7060,1282117,607.21,276,1,0.0500
7061,1282263,-32.75,146,0,0.0500
7062,1282444,-20.10,181,0,0.0500
7063,1282626,-21.79,182,0,0.0500
7064,1282881,607.83,255,1,0.0500
7065,1282979,-60.80,98,0,0.0500
7066,1283252,607.07,273,1,0.0500
7067,1283510,606.73,258,1,0.0500
7068,1283768,609.27,258,1,0.0500
7069,1284022,607.41,254,1,0.0500
7070,1284196,-21.27,174,0,0.0500
7071,1284464,607.12,268,1,0.0500
7072,1284609,-33.58,145,0,0.0500
7073,1284854,605.74,245,1,0.0500
7074,1284944,-58.88,90,0,0.0500
7075,1285088,-33.31,144,0,0.0500
7076,1285268,-20.49,180,0,0.0500
7077,1285443,-20.88,175,0,0.0500
7078,1285699,606.35,256,1,0.0500
7079,1285947,606.41,248,1,0.0500
7080,1286195,607.18,248,1,0.0500
7081,1286280,-60.94,85,0,0.0500
7082,1286536,607.83,256,1,0.0500
7083,1286679,-33.37,143,0,0.0500
7084,1286949,606.94,270,1,0.0500
7085,1287131,-20.30,182,0,0.0500
7086,1287374,605.98,243,1,0.0500
7087,1287517,-33.37,143,0,0.0500
7088,1287781,605.95,264,1,0.0500
7089,1288026,606.24,245,1,0.0500
7090,1288300,607.67,274,1,0.0500
7091,1288388,-60.13,88,0,0.0500
7092,1288534,-32.75,146,0,0.0500
7093,1288799,610.14,265,1,0.0500
7094,1288944,-33.09,145,0,0.0500
7095,1289206,606.72,262,1,0.0500
7096,1289227,-91.80,21,0,0.0500
7097,1289314,-59.70,87,0,0.0500
7098,1289400,-60.95,86,0,0.0500
7099,1289421,-91.80,21,0,0.0500
7100,1289680,606.96,259,1,0.0500
7101,1289961,608.63,281,1,0.0500
7102,1290011,-79.55,50,0,0.0500
7103,1290200,-20.40,189,0,0.0500
7104,1290439,605.18,239,1,0.0500
7105,1290490,-79.56,51,0,0.0500
7106,1290588,-61.69,98,0,0.0500
7107,1290830,605.65,242,1,0.0500
7108,1290918,-63.83,88,0,0.0500
7109,1291007,-60.14,89,0,0.0500
7110,1291279,607.56,272,1,0.0500
7111,1291526,605.16,247,1,0.0500
7112,1291706,-20.29,180,0,0.0500
7113,1291893,-21.00,187,0,0.0500
7114,1291942,-79.54,49,0,0.0500
7115,1292217,607.00,275,1,0.0500
7116,1292416,-21.73,199,0,0.0500
7117,1292523,-61.28,107,0,0.0500
7118,1292768,606.38,245,1,0.0500
7119,1292869,-61.93,101,0,0.0500
7120,1292963,-53.59,94,0,0.0500
7121,1293062,-61.92,99,0,0.0500
7122,1293333,607.98,271,1,0.0500
7123,1293515,-22.40,182,0,0.0500
7124,1293787,607.97,272,1,0.0500
7125,1293893,-62.39,106,0,0.0500
7126,1293988,-60.97,95,0,0.0500
7127,1294195,-21.63,207,0,0.0500
7128,1294453,606.54,258,1,0.0500
7129,1294544,-60.57,91,0,0.0500
7130,1294813,608.75,269,1,0.0500
7131,1294864,-78.72,51,0,0.0500
7132,1294960,-60.30,96,0,0.0500
7133,1295233,608.08,273,1,0.0500
7134,1295320,-60.96,87,0,0.0500
7135,1295582,608.39,262,1,0.0500
7136,1295667,-61.14,85,0,0.0500
7137,1295917,606.84,250,1,0.0500
7138,1296023,-59.89,106,0,0.0500
7139,1296074,-79.14,51,0,0.0500
7140,1296171,-61.90,97,0,0.0500
7141,1296348,-21.00,177,0,0.0500
7142,1296534,-21.80,186,0,0.0500
7143,1296715,-20.21,181,0,0.0500
7144,1296815,-54.91,100,0,0.0500
7145,1297068,605.76,253,1,0.0500
7146,1297246,-20.47,178,0,0.0500
7147,1297403,-33.41,157,0,0.0500
7148,1297585,-21.79,182,0,0.0500
7149,1297857,609.77,272,1,0.0500
7150,1298039,-20.33,182,0,0.0500
7151,1298244,-22.44,205,0,0.0500
7152,1298488,605.73,244,1,0.0500
7153,1298585,-62.10,97,0,0.0500
7154,1298692,-60.19,107,0,0.0500
7155,1298953,607.16,261,1,0.0500
7156,1299221,610.86,268,1,0.0500
7157,1299498,607.82,277,1,0.0500
7158,1299701,-21.58,203,0,0.0500
7159,1299797,-61.89,96,0,0.0500
7160,1299893,-60.78,96,0,0.0500
7161,1300150,606.44,257,1,0.0500
7162,1300249,-61.43,99,0,0.0500
7163,1300505,605.94,256,1,0.0500
7164,1300584,-60.36,79,0,0.0500
7165,1300635,-78.92,51,0,0.0500
7166,1300731,-61.89,96,0,0.0500
7167,1300838,-60.50,107,0,0.0500
7168,1301023,-22.13,185,0,0.0500
7169,1301126,-60.48,103,0,0.0500
7170,1301372,606.55,246,1,0.0500
7171,1301650,607.92,278,1,0.0500
7172,1301745,-61.88,95,0,0.0500
7173,1301844,-61.50,99,0,0.0500
7174,1302111,606.87,267,1,0.0500
7175,1302252,-36.06,141,0,0.0500
7176,1302526,606.63,274,1,0.0500
7177,1302714,-19.76,188,0,0.0500
7178,1302893,-20.49,179,0,0.0500
7179,1302984,-61.42,91,0,0.0500
7180,1303129,-32.97,145,0,0.0500
7181,1303407,608.56,278,1,0.0500
7182,1303680,607.56,273,1,0.0500
7183,1303826,-32.75,146,0,0.0500
7184,1303877,-79.14,51,0,0.0500
7185,1304074,-22.45,197,0,0.0500
7186,1304187,-59.51,113,0,0.0500
7187,1304300,-54.20,113,0,0.0500
7188,1304403,-61.50,103,0,0.0500
7189,1304490,-60.11,87,0,0.0500
7190,1304769,608.34,279,1,0.0500
7191,1305021,605.13,252,1,0.0500
7192,1305167,-32.33,146,0,0.0500
7193,1305424,606.98,257,1,0.0500
7194,1305680,606.56,256,1,0.0500
7195,1305776,-61.47,96,0,0.0500
7196,1305872,-61.89,96,0,0.0500
7197,1306067,-22.86,195,0,0.0500
7198,1306152,-61.55,85,0,0.0500
7199,1306237,-61.29,85,0,0.0500
7200,1306327,-60.35,90,0,0.0500
7201,1306585,607.06,258,1,0.0500
7202,1306692,-61.54,107,0,0.0500
7203,1306782,-61.15,90,0,0.0500
7204,1307033,607.76,251,1,0.0500
7205,1307293,606.75,260,1,0.0500
7206,1307521,607.06,228,1,0.0500
7207,1307666,-33.08,145,0,0.0500
7208,1307763,-62.10,97,0,0.0500
7209,1308018,606.91,255,1,0.0500
7210,1308270,607.36,252,1,0.0500
7211,1308503,606.59,233,1,0.0500
7212,1308736,606.70,233,1,0.0500
7213,1308979,605.98,243,1,0.0500
7214,1309230,608.30,251,1,0.0500
7215,1309322,-59.95,92,0,0.0500
7216,1309409,-60.54,87,0,0.0500
7217,1309648,606.20,239,1,0.0500
7218,1309736,-60.75,88,0,0.0500
7219,1309787,-79.14,51,0,0.0500
7220,1309839,-79.15,52,0,0.0500
7221,1310090,608.09,251,1,0.0500
7222,1310186,-61.89,96,0,0.0500
7223,1310279,-59.75,93,0,0.0500
7224,1310330,-79.14,51,0,0.0500
7225,1310574,606.60,244,1,0.0500
7226,1310724,-32.51,150,0,0.0500
7227,1310974,606.83,250,1,0.0500
7228,1311220,607.42,246,1,0.0500
7229,1311309,-60.14,89,0,0.0500
7230,1311489,-20.19,180,0,0.0500
7231,1311585,-61.89,96,0,0.0500
7232,1311826,605.88,241,1,0.0500
7233,1311938,-60.13,112,0,0.0500
7234,1312051,-55.88,113,0,0.0500
7235,1312137,-60.53,86,0,0.0500
7236,1312283,-32.77,146,0,0.0500
7237,1312528,607.64,245,1,0.0500
7238,1312803,607.64,275,1,0.0500
7239,1313056,607.34,253,1,0.0500
7240,1313302,606.10,246,1,0.0500
7241,1313446,-33.18,144,0,0.0500
7242,1313536,-60.35,90,0,0.0500
7243,1313610,-63.76,74,0,0.0500
7244,1313756,-32.75,146,0,0.0500
7245,1313842,-60.53,86,0,0.0500
7246,1314098,605.10,256,1,0.0500
7247,1314354,607.19,256,1,0.0500
7248,1314498,-33.15,144,0,0.0500
7249,1314644,-32.77,146,0,0.0500
7250,1314884,607.36,240,1,0.0500
7251,1314975,-61.20,91,0,0.0500
7252,1315127,-31.99,152,0,0.0500
7253,1315385,605.71,258,1,0.0500
7254,1315561,-20.77,176,0,0.0500
7255,1315707,-32.97,146,0,0.0500
7256,1315814,-60.22,107,0,0.0500
7257,1315960,-32.75,146,0,0.0500
7258,1316050,-60.20,90,0,0.0500
7259,1316071,-91.80,21,0,0.0500
7260,1316159,-59.70,88,0,0.0500
7261,1316410,606.64,251,1,0.0500
7262,1316551,-34.38,141,0,0.0500
7263,1316803,607.51,252,1,0.0500
7264,1316891,-60.75,88,0,0.0500
7265,1317033,-34.17,142,0,0.0500
7266,1317121,-60.13,88,0,0.0500
7267,1317266,-32.77,145,0,0.0500
7268,1317526,607.36,260,1,0.0500
7269,1317610,-60.29,84,0,0.0500
7270,1317697,-59.96,87,0,0.0500
7271,1317958,607.44,261,1,0.0500
7272,1318204,607.42,246,1,0.0500
7273,1318464,607.05,260,1,0.0500
7274,1318712,606.62,248,1,0.0500
7275,1318981,607.70,269,1,0.0500
7276,1319260,607.38,279,1,0.0500
7277,1319362,-61.41,102,0,0.0500
7278,1319470,-56.25,108,0,0.0500
7279,1319574,-61.13,104,0,0.0500
7280,1319629,-78.47,55,0,0.0500
7281,1319718,-60.98,89,0,0.0500
7282,1319961,608.02,243,1,0.0500
7283,1320046,-59.58,85,0,0.0500
7284,1320142,-61.89,96,0,0.0500
7285,1320390,606.02,248,1,0.0500
7286,1320478,-61.01,88,0,0.0500
7287,1320748,606.84,270,1,0.0500
7288,1320998,606.65,250,1,0.0500
7289,1321248,605.37,250,1,0.0500
7290,1321344,-61.89,96,0,0.0500
7291,1321614,606.94,270,1,0.0500
7292,1321886,608.09,272,1,0.0500
7293,1322147,607.33,261,1,0.0500
7294,1322253,-60.95,106,0,0.0500
7295,1322358,-61.20,105,0,0.0500
7296,1322455,-61.90,97,0,0.0500
7297,1322715,608.21,260,1,0.0500
7298,1322860,-35.28,145,0,0.0500
7299,1323100,605.99,240,1,0.0500
7300,1323337,605.50,237,1,0.0500
7301,1323359,-91.81,22,0,0.0500
7302,1323638,607.90,279,1,0.0500
7303,1323906,607.52,268,1,0.0500
7304,1324156,606.44,250,1,0.0500
7305,1324303,-33.17,147,0,0.0500
7306,1324453,-32.81,150,0,0.0500
7307,1324726,607.12,273,1,0.0500
7308,1324953,606.13,227,1,0.0500
7309,1325188,605.75,235,1,0.0500
7310,1325275,-59.70,87,0,0.0500
7311,1325535,606.41,260,1,0.0500
7312,1325768,605.75,233,1,0.0500
7313,1325850,-61.12,82,0,0.0500
7314,1325997,-32.76,147,0,0.0500
7315,1326097,-61.29,100,0,0.0500
7316,1326344,606.54,247,1,0.0500
7317,1326606,609.15,262,1,0.0500
7318,1326868,605.77,262,1,0.0500
7319,1326973,-61.23,105,0,0.0500
7320,1327127,-32.77,154,0,0.0500
7321,1327214,-60.54,87,0,0.0500
7322,1327453,607.37,239,1,0.0500
7323,1327539,-60.95,86,0,0.0500
7324,1327790,608.30,251,1,0.0500
7325,1327938,-32.57,148,0,0.0500
7326,1328191,606.18,253,1,0.0500
7327,1328444,605.86,253,1,0.0500
7328,1328540,-61.89,96,0,0.0500
7329,1328626,-60.63,86,0,0.0500
7330,1328647,-91.80,21,0,0.0500
7331,1328793,-32.75,146,0,0.0500
7332,1329041,605.95,248,1,0.0500
7333,1329092,-78.72,51,0,0.0500
7334,1329326,606.16,234,1,0.0500
7335,1329585,608.14,259,1,0.0500
7336,1329838,606.74,253,1,0.0500
7337,1330113,607.44,275,1,0.0500
7338,1330225,-61.00,112,0,0.0500
7339,1330470,607.94,245,1,0.0500
7340,1330616,-32.75,146,0,0.0500
7341,1330764,-33.18,148,0,0.0500
7342,1331010,606.25,246,1,0.0500
7343,1331127,-60.19,117,0,0.0500
7344,1331374,606.23,247,1,0.0500
7345,1331460,-59.95,86,0,0.0500
7346,1331552,-60.38,92,0,0.0500
7347,1331606,-78.33,54,0,0.0500
7348,1331690,-61.35,84,0,0.0500
7349,1331965,607.51,275,1,0.0500
7350,1332210,606.16,245,1,0.0500
7351,1332306,-61.89,96,0,0.0500
7352,1332579,610.60,273,1,0.0500
7353,1332683,-61.33,104,0,0.0500
7354,1332828,-32.77,145,0,0.0500
7355,1332915,-60.54,87,0,0.0500
7356,1333163,608.33,248,1,0.0500
7357,1333448,608.02,285,1,0.0500
7358,1333539,-60.21,91,0,0.0500
7359,1333646,-60.09,107,0,0.0500
7360,1333738,-60.38,92,0,0.0500
7361,1333884,-32.75,146,0,0.0500
7362,1333970,-60.95,86,0,0.0500
7363,1334019,-79.07,49,0,0.0500
7364,1334200,-21.03,181,0,0.0500
7365,1334297,-60.79,97,0,0.0500
7366,1334346,-79.54,49,0,0.0500
7367,1334597,605.45,251,1,0.0500
7368,1334853,607.41,256,1,0.0500
7369,1335136,608.21,283,1,0.0500
7370,1335281,-33.78,145,0,0.0500
7371,1335565,607.75,284,1,0.0500
7372,1335661,-60.62,96,0,0.0500
7373,1335908,606.45,247,1,0.0500
7374,1336186,607.49,278,1,0.0500
7375,1336282,-63.69,96,0,0.0500
7376,1336519,607.08,237,1,0.0500
7377,1336611,-60.38,92,0,0.0500
7378,1336849,606.33,238,1,0.0500
7379,1336995,-32.75,146,0,0.0500
7380,1337246,605.98,251,1,0.0500
7381,1337499,605.95,253,1,0.0500
7382,1337603,-61.12,104,0,0.0500
7383,1337748,-32.77,145,0,0.0500
7384,1337986,604.83,238,1,0.0500
7385,1338245,607.38,259,1,0.0500
7386,1338335,-60.35,90,0,0.0500
7387,1338481,-32.57,146,0,0.0500
7388,1338532,-79.56,51,0,0.0500
7389,1338673,-34.79,141,0,0.0500
7390,1338777,-60.29,104,0,0.0500
7391,1338870,-61.28,93,0,0.0500
7392,1339104,605.74,234,1,0.0500
7393,1339194,-59.93,90,0,0.0500
7394,1339276,-63.36,82,0,0.0500
7395,1339536,606.53,260,1,0.0500
7396,1339782,605.93,246,1,0.0500
7397,1339833,-79.56,51,0,0.0500
7398,1340088,607.21,255,1,0.0500
7399,1340349,608.20,261,1,0.0500
7400,1340598,605.29,249,1,0.0500
7401,1340690,-60.38,92,0,0.0500
7402,1340781,-60.09,91,0,0.0500
7403,1341033,607.63,252,1,0.0500
7404,1341177,-33.38,144,0,0.0500
7405,1341444,609.52,267,1,0.0500
7406,1341517,-64.27,73,0,0.0500
7407,1341744,606.13,227,1,0.0500
7408,1341840,-60.78,96,0,0.0500
7409,1341862,-92.01,22,0,0.0500
7410,1342115,607.65,253,1,0.0500
7411,1342168,-80.33,53,0,0.0500
7412,1342423,608.24,255,1,0.0500
7413,1342519,-61.89,96,0,0.0500
7414,1342763,606.09,244,1,0.0500
7415,1342904,-36.06,141,0,0.0500
7416,1343065,-32.90,161,0,0.0500
7417,1343322,607.10,257,1,0.0500
7418,1343417,-59.08,95,0,0.0500
7419,1343688,606.82,271,1,0.0500
7420,1343873,-20.90,185,0,0.0500
7421,1344146,607.57,273,1,0.0500
7422,1344242,-61.89,96,0,0.0500
7423,1344349,-60.67,107,0,0.0500
7424,1344604,607.11,255,1,0.0500
7425,1344858,606.32,254,1,0.0500
7426,1345115,606.56,257,1,0.0500
7427,1345349,605.64,234,1,0.0500
7428,1345436,-60.54,87,0,0.0500
7429,1345583,-32.37,147,0,0.0500
7430,1345634,-79.14,51,0,0.0500
7431,1345875,606.53,241,1,0.0500
7432,1345962,-60.54,87,0,0.0500
7433,1346196,606.79,234,1,0.0500
7434,1346290,-54.42,94,0,0.0500
7435,1346380,-59.93,90,0,0.0500
7436,1346468,-60.45,88,0,0.0500
7437,1346740,608.27,272,1,0.0500
7438,1346965,605.88,225,1,0.0500
7439,1347215,607.35,250,1,0.0500
7440,1347484,608.55,269,1,0.0500
7441,1347570,-60.95,86,0,0.0500
7442,1347622,-78.93,52,0,0.0500
7443,1347708,-60.95,86,0,0.0500
7444,1347885,-20.88,177,0,0.0500
7445,1347988,-61.42,103,0,0.0500
7446,1348239,606.08,251,1,0.0500
7447,1348495,607.10,256,1,0.0500
7448,1348595,-61.42,100,0,0.0500
7449,1348671,-63.47,76,0,0.0500
7450,1348767,-60.98,96,0,0.0500
7451,1348855,-60.49,88,0,0.0500
7452,1349103,605.47,248,1,0.0500
7453,1349211,-60.32,108,0,0.0500
7454,1349307,-61.40,96,0,0.0500
7455,1349560,608.04,253,1,0.0500
7456,1349832,607.14,272,1,0.0500
7457,1349881,-79.54,49,0,0.0500
7458,1350025,-33.29,144,0,0.0500
7459,1350115,-60.50,90,0,0.0500
7460,1350374,607.36,259,1,0.0500
7461,1350423,-79.12,49,0,0.0500
7462,1350687,607.95,264,1,0.0500
7463,1350955,606.32,268,1,0.0500
7464,1351210,606.70,255,1,0.0500
7465,1351465,606.57,255,1,0.0500
7466,1351708,607.12,243,1,0.0500
7467,1351958,606.61,250,1,0.0500
7468,1352050,-64.47,92,0,0.0500
7469,1352296,605.73,246,1,0.0500
7470,1352555,605.90,259,1,0.0500
7471,1352809,605.75,254,1,0.0500
7472,1352898,-60.44,89,0,0.0500
7473,1353182,608.51,284,1,0.0500
7474,1353268,-60.95,86,0,0.0500
7475,1353526,607.09,258,1,0.0500
7476,1353710,-21.61,184,0,0.0500
7477,1353935,605.53,225,1,0.0500
7478,1354021,-60.95,86,0,0.0500
7479,1354121,-62.56,100,0,0.0500
7480,1354302,-20.31,181,0,0.0500
7481,1354571,608.00,269,1,0.0500
7482,1354656,-62.54,85,0,0.0500
7483,1354917,609.04,261,1,0.0500
7484,1355003,-60.95,86,0,0.0500
7485,1355250,606.57,247,1,0.0500
7486,1355319,-64.35,69,0,0.0500
7487,1355408,-58.36,89,0,0.0500
7488,1355551,-33.37,143,0,0.0500
7489,1355823,606.39,272,1,0.0500
7490,1355921,-61.69,98,0,0.0500
7491,1356100,-20.91,179,0,0.0500
7492,1356360,606.01,260,1,0.0500
7493,1356401,-84.85,41,0,0.0500
7494,1356541,-34.60,140,0,0.0500
7495,1356797,606.15,256,1,0.0500
7496,1357021,605.74,224,1,0.0500
7497,1357173,-33.79,152,0,0.0500
7498,1357319,-32.56,146,0,0.0500
7499,1357581,609.66,262,1,0.0500
7500,1357687,-61.55,106,0,0.0500
7501,1357867,-20.07,180,0,0.0500
7502,1357918,-79.14,51,0,0.0500
7503,1358071,-32.31,153,0,0.0500
7504,1358353,607.65,282,1,0.0500
7505,1358455,-61.50,102,0,0.0500
7506,1358602,-33.06,147,0,0.0500
7507,1358746,-33.15,144,0,0.0500
7508,1358834,-60.55,88,0,0.0500
7509,1359064,606.10,230,1,0.0500
7510,1359209,-34.12,145,0,0.0500
7511,1359316,-61.35,107,0,0.0500
7512,1359566,607.08,250,1,0.0500
7513,1359832,608.47,266,1,0.0500
7514,1359873,-84.86,41,0,0.0500
7515,1359977,-61.33,104,0,0.0500
7516,1360131,-33.43,154,0,0.0500
7517,1360278,-32.57,147,0,0.0500
7518,1360379,-61.29,101,0,0.0500
7519,1360655,607.51,276,1,0.0500
7520,1360905,607.92,250,1,0.0500
7521,1360995,-60.99,90,0,0.0500
7522,1361275,606.54,280,1,0.0500
7523,1361347,-64.16,72,0,0.0500
7524,1361439,-60.38,92,0,0.0500
7525,1361684,605.66,245,1,0.0500
7526,1361790,-61.83,106,0,0.0500
7527,1361862,-64.16,72,0,0.0500
7528,1361970,-61.48,108,0,0.0500
7529,1362212,605.76,242,1,0.0500
7530,1362470,607.11,258,1,0.0500
7531,1362723,605.77,253,1,0.0500
7532,1362829,-60.43,106,0,0.0500
7533,1362974,-33.29,145,0,0.0500
7534,1363223,605.33,249,1,0.0500
7535,1363475,607.43,252,1,0.0500
7536,1363561,-59.05,86,0,0.0500
7537,1363825,608.49,264,1,0.0500
7538,1364082,606.96,257,1,0.0500
7539,1364170,-60.75,88,0,0.0500
7540,1364317,-32.57,147,0,0.0500
7541,1364552,605.84,235,1,0.0500
7542,1364799,606.35,247,1,0.0500
7543,1365065,605.81,266,1,0.0500
7544,1365246,-19.89,181,0,0.0500
7545,1365495,607.18,249,1,0.0500
7546,1365643,-32.91,148,0,0.0500
7547,1365790,-32.78,147,0,0.0500
7548,1366051,606.91,261,1,0.0500
7549,1366147,-61.89,96,0,0.0500
7550,1366409,608.61,262,1,0.0500
7551,1366502,-61.59,93,0,0.0500
7552,1366764,610.21,262,1,0.0500
7553,1367006,606.82,242,1,0.0500
7554,1367092,-59.69,86,0,0.0500
7555,1367342,606.21,250,1,0.0500
7556,1367431,-63.07,89,0,0.0500
7557,1367517,-60.95,86,0,0.0500
7558,1367662,-32.77,145,0,0.0500
7559,1367808,-32.39,146,0,0.0500
7560,1367953,-33.18,145,0,0.0500
7561,1368050,-60.26,97,0,0.0500
7562,1368307,606.88,257,1,0.0500
7563,1368560,607.44,253,1,0.0500
7564,1368800,608.10,240,1,0.0500
7565,1369059,607.41,259,1,0.0500
7566,1369319,607.26,260,1,0.0500
7567,1369554,606.37,235,1,0.0500
7568,1369808,608.59,254,1,0.0500
7569,1370043,606.68,235,1,0.0500
7570,1370222,-20.17,179,0,0.0500
7571,1370311,-60.56,89,0,0.0500
7572,1370493,-21.59,182,0,0.0500
7573,1370579,-59.95,86,0,0.0500
7574,1370665,-59.69,86,0,0.0500
7575,1370809,-33.15,144,0,0.0500
7576,1371084,609.72,275,1,0.0500
7577,1371337,605.75,253,1,0.0500
7578,1371358,-92.00,21,0,0.0500
7579,1371465,-61.68,107,0,0.0500
7580,1371722,607.30,257,1,0.0500
7581,1371989,606.35,267,1,0.0500
7582,1372078,-60.75,89,0,0.0500
7583,1372336,606.12,258,1,0.0500
7584,1372516,-20.19,180,0,0.0500
7585,1372771,606.28,255,1,0.0500
7586,1373044,607.87,273,1,0.0500
7587,1373290,608.25,246,1,0.0500
7588,1373383,-61.01,93,0,0.0500
7589,1373469,-60.11,86,0,0.0500
7590,1373555,-60.11,86,0,0.0500
7591,1373811,605.94,256,1,0.0500
7592,1373889,-60.44,78,0,0.0500
7593,1374146,606.97,257,1,0.0500
7594,1374403,607.58,257,1,0.0500
7595,1374666,607.76,263,1,0.0500
7596,1374762,-60.51,96,0,0.0500
7597,1374848,-59.69,86,0,0.0500
7598,1375120,607.13,272,1,0.0500
7599,1375367,606.04,247,1,0.0500
7600,1375465,-61.69,98,0,0.0500
7601,1375552,-60.58,87,0,0.0500
7602,1375640,-60.55,88,0,0.0500
7603,1375898,607.39,258,1,0.0500
7604,1376005,-61.49,107,0,0.0500
7605,1376276,606.29,271,1,0.0500
7606,1376533,608.16,257,1,0.0500
7607,1376798,606.69,265,1,0.0500
7608,1377035,606.67,237,1,0.0500
7609,1377298,608.00,263,1,0.0500
7610,1377552,608.29,254,1,0.0500
7611,1377649,-62.10,97,0,0.0500
7612,1377831,-22.01,182,0,0.0500
7613,1378088,606.88,257,1,0.0500
7614,1378339,606.61,251,1,0.0500
7615,1378590,606.95,251,1,0.0500
7616,1378680,-60.15,90,0,0.0500
7617,1378942,607.17,262,1,0.0500
7618,1379201,607.36,259,1,0.0500
7619,1379288,-60.59,87,0,0.0500
7620,1379375,-60.54,87,0,0.0500
7621,1379625,606.74,250,1,0.0500
7622,1379877,606.84,252,1,0.0500
7623,1380147,606.10,270,1,0.0500
7624,1380234,-60.12,87,0,0.0500
7625,1380327,-54.93,93,0,0.0500
7626,1380580,607.34,253,1,0.0500
7627,1380842,607.13,262,1,0.0500
7628,1381095,606.06,253,1,0.0500
7629,1381145,-79.55,50,0,0.0500
7630,1381239,-63.67,94,0,0.0500
7631,1381515,608.05,276,1,0.0500
7632,1381758,605.74,243,1,0.0500
7633,1382010,606.61,252,1,0.0500
7634,1382098,-60.55,88,0,0.0500
7635,1382351,606.09,253,1,0.0500
7636,1382591,607.47,240,1,0.0500
7637,1382840,607.44,249,1,0.0500
7638,1383101,607.90,261,1,0.0500
7639,1383334,606.70,233,1,0.0500
7640,1383614,608.73,280,1,0.0500
7641,1383893,608.44,279,1,0.0500
7642,1384128,605.22,235,1,0.0500
7643,1384237,-59.27,109,0,0.0500
7644,1384479,607.24,242,1,0.0500
7645,1384577,-61.69,98,0,0.0500
7646,1384673,-61.20,96,0,0.0500
7647,1384763,-64.19,90,0,0.0500
7648,1385019,605.91,256,1,0.0500
7649,1385266,607.82,247,1,0.0500
7650,1385439,-32.82,173,0,0.0500
7651,1385545,-61.04,106,0,0.0500
7652,1385814,605.31,269,1,0.0500
7653,1385925,-56.28,111,0,0.0500
7654,1386199,607.67,274,1,0.0500
7655,1386449,607.46,250,1,0.0500
7656,1386706,608.74,257,1,0.0500
7657,1386806,-60.18,100,0,0.0500
7658,1386914,-61.29,108,0,0.0500
7659,1387166,608.61,252,1,0.0500
7660,1387321,-32.32,155,0,0.0500
7661,1387407,-59.27,86,0,0.0500
7662,1387659,607.21,252,1,0.0500
7663,1387924,606.05,265,1,0.0500
7664,1388148,606.27,224,1,0.0500
7665,1388408,607.16,260,1,0.0500
7666,1388659,607.24,251,1,0.0500
7667,1388908,606.55,249,1,0.0500
7668,1389165,606.56,257,1,0.0500
7669,1389406,607.56,241,1,0.0500
7670,1389512,-61.34,106,0,0.0500
7671,1389760,607.39,248,1,0.0500
7672,1390003,605.96,243,1,0.0500
7673,1390254,606.92,251,1,0.0500
7674,1390345,-61.46,91,0,0.0500
7675,1390583,606.65,238,1,0.0500
7676,1390837,608.15,254,1,0.0500
7677,1391090,606.92,253,1,0.0500
7678,1391198,-62.22,108,0,0.0500
7679,1391285,-60.59,87,0,0.0500
7680,1391373,-60.55,88,0,0.0500
7681,1391555,-20.21,182,0,0.0500
7682,1391701,-33.79,146,0,0.0500
7683,1391977,608.89,276,1,0.0500
7684,1392226,606.02,249,1,0.0500
7685,1392331,-61.86,105,0,0.0500
7686,1392554,605.64,223,1,0.0500
7687,1392831,607.18,277,1,0.0500
7688,1393090,606.72,259,1,0.0500
7689,1393111,-91.80,21,0,0.0500
7690,1393378,606.45,267,1,0.0500
7691,1393638,607.25,260,1,0.0500
7692,1393734,-63.50,96,0,0.0500
7693,1394003,608.41,269,1,0.0500
7694,1394164,-33.32,161,0,0.0500
7695,1394268,-61.54,104,0,0.0500
7696,1394417,-32.78,149,0,0.0500
7697,1394674,606.97,257,1,0.0500
7698,1394769,-60.19,95,0,0.0500
7699,1394917,-33.30,148,0,0.0500
7700,1395023,-61.27,106,0,0.0500
7701,1395282,609.09,259,1,0.0500
7702,1395427,-32.77,145,0,0.0500
7703,1395535,-55.41,108,0,0.0500
7704,1395681,-33.10,146,0,0.0500
7705,1395776,-62.08,95,0,0.0500
7706,1396037,607.36,261,1,0.0500
7707,1396289,607.25,252,1,0.0500
7708,1396563,607.11,274,1,0.0500
7709,1396660,-61.21,97,0,0.0500
7710,1396903,607.54,243,1,0.0500
7711,1397000,-62.09,97,0,0.0500
7712,1397272,606.85,272,1,0.0500
7713,1397536,609.11,264,1,0.0500
7714,1397630,-61.27,94,0,0.0500
7715,1397734,-61.53,104,0,0.0500
7716,1398005,606.92,271,1,0.0500
7717,1398098,-61.22,93,0,0.0500
7718,1398293,-22.85,195,0,0.0500
7719,1398543,606.65,250,1,0.0500
7720,1398695,-32.29,152,0,0.0500
7721,1398841,-33.31,146,0,0.0500
7722,1399104,608.29,263,1,0.0500
7723,1399359,606.06,255,1,0.0500
7724,1399460,-62.35,101,0,0.0500
7725,1399481,-92.00,21,0,0.0500
7726,1399742,609.36,261,1,0.0500
7727,1399897,-33.70,155,0,0.0500
7728,1400045,-32.70,148,0,0.0500
7729,1400141,-61.89,96,0,0.0500
7730,1400232,-60.15,91,0,0.0500
7731,1400469,606.03,237,1,0.0500
7732,1400719,606.74,250,1,0.0500
7733,1400810,-63.87,91,0,0.0500
7734,1400990,-20.41,180,0,0.0500
7735,1401239,607.39,249,1,0.0500
7736,1401331,-63.14,92,0,0.0500
7737,1401482,-32.79,151,0,0.0500
7738,1401744,607.34,262,1,0.0500
7739,1401838,-61.80,94,0,0.0500
7740,1402108,608.64,270,1,0.0500
7741,1402339,606.31,231,1,0.0500
7742,1402447,-59.10,108,0,0.0500
7743,1402712,607.31,265,1,0.0500
7744,1402897,-20.34,185,0,0.0500
7745,1403153,606.26,256,1,0.0500
7746,1403256,-60.48,103,0,0.0500
7747,1403328,-64.16,72,0,0.0500
7748,1403380,-78.93,52,0,0.0500
7749,1403640,606.51,260,1,0.0500
7750,1403897,605.28,257,1,0.0500
7751,1404005,-60.89,108,0,0.0500
7752,1404202,-21.62,197,0,0.0500
7753,1404293,-59.94,91,0,0.0500
7754,1404564,608.10,271,1,0.0500
7755,1404800,606.56,236,1,0.0500
7756,1404903,-60.89,103,0,0.0500
7757,1405167,607.39,264,1,0.0500
7758,1405417,608.84,250,1,0.0500
7759,1405663,606.05,246,1,0.0500
7760,1405750,-59.28,87,0,0.0500
7761,1405836,-60.11,86,0,0.0500
7762,1406116,608.04,280,1,0.0500
7763,1406262,-32.78,146,0,0.0500
7764,1406523,607.88,261,1,0.0500
7765,1406670,-32.37,147,0,0.0500
7766,1406916,609.93,246,1,0.0500
7767,1407070,-33.48,154,0,0.0500
7768,1407168,-62.32,98,0,0.0500
7769,1407313,-32.97,145,0,0.0500
7770,1407423,-60.76,110,0,0.0500
7771,1407567,-33.15,144,0,0.0500
7772,1407665,-61.22,98,0,0.0500
7773,1407929,608.70,264,1,0.0500
7774,1408200,607.86,271,1,0.0500
7775,1408450,607.37,250,1,0.0500
7776,1408597,-32.76,147,0,0.0500
7777,1408775,-20.61,178,0,0.0500
7778,1409059,608.17,284,1,0.0500
7779,1409302,607.45,243,1,0.0500
7780,1409395,-61.37,93,0,0.0500
7781,1409651,606.25,256,1,0.0500
7782,1409913,608.19,262,1,0.0500
7783,1410016,-60.47,103,0,0.0500
7784,1410276,608.29,260,1,0.0500
7785,1410506,607.36,230,1,0.0500
7786,1410650,-33.35,144,0,0.0500
7787,1410905,607.08,255,1,0.0500
7788,1411086,-20.32,181,0,0.0500
7789,1411354,606.21,268,1,0.0500
7790,1411591,606.45,237,1,0.0500
7791,1411834,605.65,243,1,0.0500
7792,1411925,-60.78,91,0,0.0500
7793,1412179,607.35,254,1,0.0500
7794,1412201,-91.80,22,0,0.0500
7795,1412300,-61.91,99,0,0.0500
7796,1412413,-55.46,113,0,0.0500
7797,1412511,-62.02,98,0,0.0500
7798,1412562,-79.14,51,0,0.0500
7799,1412838,608.55,276,1,0.0500
7800,1413107,606.64,269,1,0.0500
7801,1413189,-61.32,82,0,0.0500
7802,1413284,-62.72,95,0,0.0500
7803,1413379,-62.30,95,0,0.0500
7804,1413534,-33.58,155,0,0.0500
7805,1413772,607.49,238,1,0.0500
7806,1413924,-32.11,152,0,0.0500
7807,1414182,607.51,258,1,0.0500
7808,1414272,-60.57,90,0,0.0500
7809,1414535,606.29,263,1,0.0500
7810,1414622,-60.54,87,0,0.0500
7811,1414725,-61.96,103,0,0.0500
7812,1414828,-61.32,103,0,0.0500
7813,1414924,-61.88,96,0,0.0500
7814,1415198,608.18,274,1,0.0500
7815,1415450,607.02,252,1,0.0500
7816,1415563,-55.46,113,0,0.0500
7817,1415836,607.36,273,1,0.0500
7818,1416120,608.59,284,1,0.0500
7819,1416264,-33.37,144,0,0.0500
7820,1416488,607.84,224,1,0.0500
7821,1416575,-61.22,87,0,0.0500
7822,1416664,-60.14,89,0,0.0500
7823,1416760,-61.89,96,0,0.0500
7824,1416904,-33.37,144,0,0.0500
7825,1417170,609.81,266,1,0.0500
7826,1417418,606.43,248,1,0.0500
7827,1417678,608.22,260,1,0.0500
7828,1417943,606.26,265,1,0.0500
7829,1418208,606.05,265,1,0.0500
7830,1418299,-61.46,91,0,0.0500
7831,1418542,608.71,243,1,0.0500
7832,1418802,606.95,260,1,0.0500
7833,1418823,-91.80,21,0,0.0500
7834,1419070,606.13,247,1,0.0500
7835,1419220,-33.11,150,0,0.0500
7836,1419325,-62.68,105,0,0.0500
7837,1419411,-60.95,86,0,0.0500
7838,1419658,606.77,247,1,0.0500
7839,1419911,606.50,253,1,0.0500
7840,1420172,606.42,261,1,0.0500
7841,1420452,608.93,280,1,0.0500
7842,1420697,606.56,245,1,0.0500
7843,1420875,-20.84,178,0,0.0500
7844,1421145,607.06,270,1,0.0500
7845,1421390,605.92,245,1,0.0500
7846,1421622,607.86,232,1,0.0500
7847,1421719,-61.48,97,0,0.0500
7848,1421952,605.75,233,1,0.0500
7849,1422050,-62.94,98,0,0.0500
7850,1422138,-60.55,88,0,0.0500
7851,1422249,-61.49,111,0,0.0500
7852,1422357,-61.35,108,0,0.0500
7853,1422463,-60.93,106,0,0.0500
7854,1422712,606.96,249,1,0.0500
7855,1422893,-19.89,181,0,0.0500
7856,1423043,-32.51,150,0,0.0500
7857,1423277,605.85,234,1,0.0500
7858,1423546,605.93,269,1,0.0500
7859,1423632,-60.11,86,0,0.0500
7860,1423703,-64.56,71,0,0.0500
7861,1423953,606.85,250,1,0.0500
7862,1424207,606.90,254,1,0.0500
7863,1424457,606.95,250,1,0.0500
7864,1424537,-60.37,80,0,0.0500
7865,1424806,607.49,269,1,0.0500
7866,1425077,606.87,271,1,0.0500
7867,1425342,609.27,265,1,0.0500
7868,1425615,607.33,273,1,0.0500
7869,1425723,-61.15,108,0,0.0500
7870,1425968,605.95,245,1,0.0500
7871,1426219,606.83,251,1,0.0500
7872,1426375,-32.84,156,0,0.0500
7873,1426629,606.61,254,1,0.0500
7874,1426776,-33.42,147,0,0.0500
7875,1426872,-61.62,96,0,0.0500
7876,1427104,607.13,232,1,0.0500
7877,1427136,-84.11,32,0,0.0500
7878,1427389,607.53,253,1,0.0500
7879,1427543,-33.06,154,0,0.0500
7880,1427629,-60.31,86,0,0.0500
7881,1427858,606.11,229,1,0.0500
7882,1427949,-60.52,91,0,0.0500
7883,1428217,606.43,268,1,0.0500
7884,1428240,-91.81,23,0,0.0500
7885,1428490,606.51,250,1,0.0500
7886,1428744,608.61,254,1,0.0500
7887,1428834,-61.19,90,0,0.0500
7888,1428942,-56.25,108,0,0.0500
7889,1429201,606.15,259,1,0.0500
7890,1429464,606.32,263,1,0.0500
7891,1429721,607.73,257,1,0.0500
7892,1429983,605.46,262,1,0.0500
7893,1430087,-61.55,104,0,0.0500
7894,1430336,606.21,249,1,0.0500
7895,1430583,606.04,247,1,0.0500
7896,1430836,608.60,253,1,0.0500
7897,1430946,-60.70,110,0,0.0500
7898,1431179,608.80,233,1,0.0500
7899,1431459,608.45,280,1,0.0500
7900,1431705,606.45,246,1,0.0500
7901,1431741,-83.73,36,0,0.0500
7902,1431992,607.81,251,1,0.0500
7903,1432079,-60.64,87,0,0.0500
7904,1432320,608.31,241,1,0.0500
7905,1432557,608.23,237,1,0.0500
7906,1432653,-61.62,96,0,0.0500
7907,1432903,606.05,250,1,0.0500
7908,1433134,606.30,231,1,0.0500
7909,1433370,605.21,236,1,0.0500
7910,1433466,-61.62,96,0,0.0500
7911,1433731,607.22,265,1,0.0500
7912,1433980,606.12,249,1,0.0500
7913,1434219,605.81,239,1,0.0500
7914,1434488,608.14,269,1,0.0500
7915,1434744,606.53,256,1,0.0500
7916,1435019,607.96,275,1,0.0500
7917,1435169,-31.74,150,0,0.0500
7918,1435257,-60.54,88,0,0.0500
7919,1435348,-60.16,91,0,0.0500
7920,1435457,-61.30,109,0,0.0500
7921,1435559,-54.81,102,0,0.0500
7922,1435813,607.01,254,1,0.0500
7923,1436061,607.49,248,1,0.0500
7924,1436323,607.35,262,1,0.0500
7925,1436412,-59.60,89,0,0.0500
7926,1436505,-63.24,93,0,0.0500
7927,1436772,609.62,267,1,0.0500
7928,1436877,-62.01,105,0,0.0500
7929,1436963,-59.27,86,0,0.0500
7930,1437215,606.73,252,1,0.0500
7931,1437323,-61.07,108,0,0.0500
7932,1437554,606.52,231,1,0.0500
7933,1437812,607.59,258,1,0.0500
7934,1438067,607.21,255,1,0.0500
7935,1438323,607.41,256,1,0.0500
7936,1438410,-60.44,87,0,0.0500
7937,1438509,-61.43,99,0,0.0500
7938,1438759,606.84,250,1,0.0500
7939,1439014,608.04,255,1,0.0500
7940,1439240,605.82,226,1,0.0500
7941,1439389,-33.01,149,0,0.0500
7942,1439643,606.99,254,1,0.0500
7943,1439893,606.43,250,1,0.0500
7944,1440074,-20.74,181,0,0.0500
7945,1440184,-61.90,110,0,0.0500
7946,1440427,607.66,243,1,0.0500
7947,1440515,-60.55,88,0,0.0500
7948,1440622,-60.72,107,0,0.0500
7949,1440871,606.20,249,1,0.0500
7950,1441145,606.99,274,1,0.0500
7951,1441241,-61.89,96,0,0.0500
7952,1441492,606.10,251,1,0.0500
7953,1441735,607.12,243,1,0.0500
7954,1441824,-60.56,89,0,0.0500
7955,1441911,-60.54,87,0,0.0500
7956,1442193,609.13,282,1,0.0500
7957,1442279,-60.95,86,0,0.0500
7958,1442385,-61.13,106,0,0.0500
7959,1442702,612.46,317,1,0.0500
7960,1442809,-60.14,107,0,0.0500
7961,1442916,-60.40,107,0,0.0500
7962,1443184,607.91,268,1,0.0500
7963,1443294,-61.75,110,0,0.0500
7964,1443570,608.13,276,1,0.0500
7965,1443675,-61.19,105,0,0.0500
7966,1443790,-60.89,115,0,0.0500
7967,1443968,-20.69,178,0,0.0500
7968,1444056,-61.01,88,0,0.0500
7969,1444143,-59.18,87,0,0.0500
7970,1444234,-61.68,91,0,0.0500
7971,1444497,608.18,263,1,0.0500
7972,1444753,607.41,256,1,0.0500
7973,1445010,607.70,257,1,0.0500
7974,1445094,-60.35,84,0,0.0500
7975,1445191,-62.39,97,0,0.0500
7976,1445458,606.54,267,1,0.0500
7977,1445607,-33.72,149,0,0.0500
7978,1445858,607.34,251,1,0.0500
7979,1445954,-61.62,96,0,0.0500
7980,1446104,-33.54,150,0,0.0500
7981,1446356,607.23,252,1,0.0500
7982,1446592,605.41,236,1,0.0500
7983,1446778,-20.99,186,0,0.0500
7984,1447034,607.11,256,1,0.0500
7985,1447277,607.65,243,1,0.0500
7986,1447540,607.97,263,1,0.0500
7987,1447804,606.90,264,1,0.0500
7988,1447908,-60.06,104,0,0.0500
7989,1447997,-60.98,89,0,0.0500
7990,1448086,-59.60,89,0,0.0500
7991,1448237,-32.93,151,0,0.0500
7992,1448500,608.58,263,1,0.0500
7993,1448765,606.06,265,1,0.0500
7994,1448861,-61.62,96,0,0.0500
7995,1448966,-60.42,105,0,0.0500
7996,1449204,606.65,238,1,0.0500
7997,1449300,-62.04,96,0,0.0500
7998,1449552,606.72,252,1,0.0500
7999,1449657,-60.68,105,0,0.0500
8000,1449915,607.20,258,1,0.0500
8001,1450012,-62.10,97,0,0.0500
8002,1450106,-62.01,94,0,0.0500
8003,1450197,-60.63,91,0,0.0500
8004,1450284,-61.01,87,0,0.0500
8005,1450545,607.77,261,1,0.0500
8006,1450645,-60.68,100,0,0.0500
8007,1450731,-59.69,86,0,0.0500
8008,1451009,608.58,278,1,0.0500
8009,1451192,-20.82,183,0,0.0500
8010,1451437,606.26,245,1,0.0500
8011,1451693,607.83,256,1,0.0500
8012,1451840,-33.08,147,0,0.0500
8013,1451936,-61.89,96,0,0.0500
8014,1452128,-21.22,192,0,0.0500
8015,1452372,607.43,244,1,0.0500
8016,1452522,-32.81,150,0,0.0500
8017,1452615,-60.02,93,0,0.0500
8018,1452718,-61.07,103,0,0.0500
8019,1452978,607.03,260,1,0.0500
8020,1453084,-60.80,106,0,0.0500
8021,1453176,-60.74,92,0,0.0500
8022,1453429,606.64,253,1,0.0500
8023,1453681,605.77,252,1,0.0500
8024,1453912,605.88,231,1,0.0500
8025,1454059,-32.90,147,0,0.0500
8026,1454313,606.39,254,1,0.0500
8027,1454558,606.92,245,1,0.0500
8028,1454795,607.08,237,1,0.0500
8029,1455023,605.70,228,1,0.0500
8030,1455284,607.56,261,1,0.0500
8031,1455564,606.13,280,1,0.0500
8032,1455792,606.12,228,1,0.0500
8033,1456054,607.99,262,1,0.0500
8034,1456320,606.26,266,1,0.0500
8035,1456472,-32.55,152,0,0.0500
8036,1456563,-63.39,91,0,0.0500
8037,1456672,-60.22,109,0,0.0500
8038,1456925,606.92,253,1,0.0500
8039,1456965,-84.85,40,0,0.0500
8040,1457066,-62.36,101,0,0.0500
8041,1457213,-32.90,147,0,0.0500
8042,1457440,606.97,227,1,0.0500
8043,1457533,-61.89,93,0,0.0500
8044,1457798,606.28,265,1,0.0500
8045,1458053,606.04,255,1,0.0500
8046,1458159,-59.19,106,0,0.0500
8047,1458255,-61.89,96,0,0.0500
8048,1458513,606.97,258,1,0.0500
8049,1458603,-60.19,90,0,0.0500
8050,1458693,-59.72,90,0,0.0500
8051,1458802,-60.39,109,0,0.0500
8052,1459051,606.77,249,1,0.0500
8053,1459161,-61.29,110,0,0.0500
8054,1459339,-20.10,178,0,0.0500
8055,1459426,-59.95,87,0,0.0500
8056,1459697,607.56,271,1,0.0500
8057,1459791,-62.01,94,0,0.0500
8058,1460026,606.68,235,1,0.0500
8059,1460281,606.28,255,1,0.0500
8060,1460528,606.45,247,1,0.0500
8061,1460703,-20.97,175,0,0.0500
8062,1460973,607.21,270,1,0.0500
8063,1461246,607.42,273,1,0.0500
8064,1461359,-55.46,113,0,0.0500
8065,1461455,-61.89,96,0,0.0500
8066,1461541,-59.69,86,0,0.0500
8067,1461797,606.97,256,1,0.0500
8068,1462044,609.29,247,1,0.0500
8069,1462093,-79.96,49,0,0.0500
8070,1462127,-84.54,34,0,0.0500
8071,1462223,-61.05,96,0,0.0500
8072,1462311,-60.45,88,0,0.0500
8073,1462564,605.87,253,1,0.0500
8074,1462641,-62.64,77,0,0.0500
8075,1462871,605.58,230,1,0.0500
8076,1462967,-61.89,96,0,0.0500
8077,1463077,-63.41,110,0,0.0500
8078,1463182,-61.22,105,0,0.0500
8079,1463288,-61.86,106,0,0.0500
8080,1463382,-60.18,94,0,0.0500
8081,1463494,-61.06,112,0,0.0500
8082,1463730,605.01,236,1,0.0500
8083,1463839,-60.75,109,0,0.0500
8084,1463987,-33.51,148,0,0.0500
8085,1464027,-85.40,40,0,0.0500
8086,1464273,605.93,246,1,0.0500
8087,1464521,606.12,248,1,0.0500
8088,1464767,607.53,246,1,0.0500
8089,1465030,608.51,263,1,0.0500
8090,1465272,605.63,242,1,0.0500
8091,1465538,607.61,266,1,0.0500
8092,1465781,605.46,243,1,0.0500
8093,1466053,607.47,272,1,0.0500
8094,1466330,608.14,277,1,0.0500
8095,1466577,606.12,247,1,0.0500
8096,1466821,605.73,244,1,0.0500
8097,1467053,607.02,232,1,0.0500
8098,1467277,607.21,224,1,0.0500
8099,1467381,-61.39,104,0,0.0500
8100,1467467,-61.37,86,0,0.0500
8101,1467742,608.04,275,1,0.0500
8102,1467970,606.33,228,1,0.0500
8103,1468059,-58.76,89,0,0.0500
8104,1468160,-61.67,101,0,0.0500
8105,1468417,606.78,257,1,0.0500
8106,1468688,606.99,271,1,0.0500
8107,1468936,606.13,248,1,0.0500
8108,1468957,-91.80,21,0,0.0500
8109,1469209,605.87,252,1,0.0500
8110,1469447,607.15,238,1,0.0500
8111,1469725,608.21,278,1,0.0500
8112,1469832,-59.09,107,0,0.0500
8113,1469921,-59.08,89,0,0.0500
8114,1470177,608.67,256,1,0.0500
8115,1470283,-60.85,106,0,0.0500
8116,1470547,610.09,264,1,0.0500
8117,1470644,-62.08,97,0,0.0500
8118,1470750,-61.95,106,0,0.0500
8119,1470836,-60.53,86,0,0.0500
8120,1470915,-60.78,79,0,0.0500
8121,1471178,607.02,263,1,0.0500
8122,1471441,608.69,263,1,0.0500
8123,1471693,605.97,252,1,0.0500
8124,1471797,-61.70,104,0,0.0500
8125,1472049,608.98,252,1,0.0500
8126,1472305,606.57,256,1,0.0500
8127,1472392,-60.12,87,0,0.0500
8128,1472578,-21.56,186,0,0.0500
8129,1472834,607.49,256,1,0.0500
8130,1472930,-62.03,96,0,0.0500
8131,1473169,607.06,239,1,0.0500
8132,1473208,-85.25,39,0,0.0500
8133,1473302,-61.80,94,0,0.0500
8134,1473550,607.61,248,1,0.0500
8135,1473644,-62.59,94,0,0.0500
8136,1473928,608.18,284,1,0.0500
8137,1474161,606.79,233,1,0.0500
8138,1474247,-60.11,86,0,0.0500
8139,1474353,-60.46,106,0,0.0500
8140,1474614,608.51,261,1,0.0500
8141,1474702,-59.07,88,0,0.0500
8142,1474953,607.48,251,1,0.0500
8143,1475045,-62.69,92,0,0.0500
8144,1475095,-79.13,50,0,0.0500
8145,1475145,-79.55,50,0,0.0500
8146,1475417,607.65,272,1,0.0500
8147,1475677,607.59,260,1,0.0500
8148,1475775,-61.69,98,0,0.0500
8149,1476049,607.53,274,1,0.0500
8150,1476297,606.12,248,1,0.0500
8151,1476402,-62.29,105,0,0.0500
8152,1476509,-61.58,107,0,0.0500
8153,1476785,606.70,276,1,0.0500
8154,1477063,607.39,278,1,0.0500
8155,1477167,-61.30,104,0,0.0500
8156,1477255,-59.71,88,0,0.0500
8157,1477306,-79.97,51,0,0.0500
8158,1477412,-60.48,106,0,0.0500
8159,1477565,-34.64,153,0,0.0500
8160,1477837,607.27,272,1,0.0500
8161,1477933,-61.62,96,0,0.0500
8162,1478203,607.01,270,1,0.0500
8163,1478295,-64.30,92,0,0.0500
8164,1478399,-62.20,104,0,0.0500
8165,1478541,-34.11,142,0,0.0500
8166,1478820,608.53,279,1,0.0500
8167,1478915,-62.29,95,0,0.0500
8168,1479001,-60.11,86,0,0.0500
8169,1479272,609.35,271,1,0.0500
8170,1479369,-61.21,97,0,0.0500
8171,1479623,607.41,254,1,0.0500
8172,1479878,607.72,255,1,0.0500
8173,1480140,605.91,262,1,0.0500
8174,1480407,609.10,267,1,0.0500
8175,1480666,606.53,259,1,0.0500
8176,1480898,606.82,232,1,0.0500
8177,1481005,-62.29,107,0,0.0500
8178,1481257,607.33,252,1,0.0500
8179,1481354,-62.10,97,0,0.0500
8180,1481600,607.93,246,1,0.0500
8181,1481706,-61.43,106,0,0.0500
8182,1481957,606.98,251,1,0.0500
8183,1482229,609.11,272,1,0.0500
8184,1482479,607.15,250,1,0.0500
8185,1482726,607.61,247,1,0.0500
8186,1482976,605.88,250,1,0.0500
8187,1482997,-91.80,21,0,0.0500
8188,1483230,606.50,233,1,0.0500
8189,1483486,607.59,256,1,0.0500
8190,1483576,-60.57,90,0,0.0500
8191,1483846,605.77,270,1,0.0500
8192,1483868,-91.80,22,0,0.0500
8193,1484097,606.96,229,1,0.0500
8194,1484332,607.01,235,1,0.0500
8195,1484604,607.45,272,1,0.0500
8196,1484851,606.14,247,1,0.0500
8197,1484947,-62.04,96,0,0.0500
8198,1485249,611.25,302,1,0.0500
8199,1485514,607.86,265,1,0.0500
8200,1485763,606.22,249,1,0.0500
8201,1485913,-32.70,150,0,0.0500
8202,1486145,605.76,232,1,0.0500
8203,1486387,606.00,242,1,0.0500
8204,1486622,605.52,235,1,0.0500
8205,1486719,-60.35,97,0,0.0500
8206,1486981,606.09,262,1,0.0500
8207,1487218,607.50,237,1,0.0500
8208,1487391,-21.17,173,0,0.0500
8209,1487477,-60.53,86,0,0.0500
8210,1487567,-61.04,90,0,0.0500
8211,1487711,-34.19,144,0,0.0500
8212,1487965,607.21,254,1,0.0500
8213,1488223,606.45,258,1,0.0500
8214,1488476,607.74,253,1,0.0500
8215,1488567,-59.73,91,0,0.0500
8216,1488802,607.52,235,1,0.0500
8217,1488984,-21.16,182,0,0.0500
8218,1489082,-61.69,98,0,0.0500
8219,1489333,607.35,251,1,0.0500
8220,1489597,606.07,264,1,0.0500
8221,1489842,605.97,245,1,0.0500
8222,1490053,-18.82,211,0,0.0500
8223,1490314,607.78,261,1,0.0500
8224,1490572,607.38,258,1,0.0500
8225,1490836,606.70,264,1,0.0500
8226,1490942,-62.44,106,0,0.0500
8227,1491178,606.25,236,1,0.0500
8228,1491361,-20.53,183,0,0.0500
8229,1491452,-60.93,91,0,0.0500
8230,1491680,606.64,228,1,0.0500
8231,1491940,608.11,260,1,0.0500
8232,1492217,607.70,277,1,0.0500
8233,1492452,606.47,235,1,0.0500
8234,1492718,606.77,266,1,0.0500
8235,1492996,608.01,278,1,0.0500
8236,1493093,-62.10,97,0,0.0500
8237,1493343,607.67,250,1,0.0500
8238,1493604,606.20,261,1,0.0500
8239,1493655,-78.72,51,0,0.0500
8240,1493902,606.65,247,1,0.0500
8241,1494152,606.81,250,1,0.0500
8242,1494240,-60.81,88,0,0.0500
8243,1494501,607.78,261,1,0.0500
8244,1494581,-60.37,80,0,0.0500
8245,1494677,-61.89,96,0,0.0500
8246,1494855,-20.81,178,0,0.0500
8247,1494907,-79.92,52,0,0.0500
8248,1495145,606.03,238,1,0.0500
8249,1495403,607.50,258,1,0.0500
8250,1495490,-60.96,87,0,0.0500
8251,1495596,-60.80,106,0,0.0500
8252,1495846,605.49,250,1,0.0500
8253,1496106,607.36,260,1,0.0500
8254,1496201,-60.94,95,0,0.0500
8255,1496460,608.31,259,1,0.0500
8256,1496559,-61.45,99,0,0.0500
8257,1496668,-61.80,109,0,0.0500
8258,1496893,605.94,225,1,0.0500
8259,1497000,-61.06,107,0,0.0500
8260,1497196,-22.44,196,0,0.0500
8261,1497349,-32.50,153,0,0.0500
8262,1497454,-60.05,105,0,0.0500
8263,1497711,606.77,257,1,0.0500
8264,1497818,-61.70,107,0,0.0500
8265,1497907,-60.14,89,0,0.0500
8266,1498013,-60.74,106,0,0.0500
8267,1498293,607.99,280,1,0.0500
8268,1498543,606.63,250,1,0.0500
8269,1498629,-60.11,86,0,0.0500
8270,1498914,607.84,285,1,0.0500
8271,1499003,-60.14,89,0,0.0500
8272,1499268,608.79,265,1,0.0500
8273,1499450,-21.37,182,0,0.0500
8274,1499537,-60.54,87,0,0.0500
8275,1499647,-59.68,110,0,0.0500
8276,1499900,605.55,253,1,0.0500
8277,1500179,607.65,279,1,0.0500
8278,1500382,-18.23,203,0,0.0500
8279,1500637,608.92,255,1,0.0500
8280,1500753,-59.10,116,0,0.0500
8281,1500900,-33.18,147,0,0.0500
8282,1500997,-62.10,97,0,0.0500
8283,1501102,-59.71,105,0,0.0500
8284,1501380,608.03,278,1,0.0500
8285,1501492,-61.93,112,0,0.0500
8286,1501762,609.15,270,1,0.0500
8287,1501854,-61.67,92,0,0.0500
8288,1501945,-61.66,91,0,0.0500
8289,1502210,606.97,265,1,0.0500
8290,1502231,-92.00,21,0,0.0500
8291,1502327,-61.89,96,0,0.0500
8292,1502591,609.32,264,1,0.0500
8293,1502844,607.11,253,1,0.0500
8294,1503094,606.63,250,1,0.0500
8295,1503371,607.72,277,1,0.0500
8296,1503423,-79.57,52,0,0.0500
8297,1503690,607.64,267,1,0.0500
8298,1503884,-20.74,194,0,0.0500
8299,1504060,-20.88,176,0,0.0500
8300,1504146,-60.53,86,0,0.0500
8301,1504292,-32.95,146,0,0.0500
8302,1504313,-91.80,21,0,0.0500
8303,1504397,-61.76,84,0,0.0500
8304,1504673,606.36,276,1,0.0500
8305,1504927,607.01,254,1,0.0500
8306,1505187,607.25,260,1,0.0500
8307,1505441,605.95,254,1,0.0500
8308,1505656,606.25,215,1,0.0500
8309,1505764,-61.07,108,0,0.0500
8310,1506017,607.02,253,1,0.0500
8311,1506272,607.42,255,1,0.0500
8312,1506552,608.09,280,1,0.0500
8313,1506828,607.81,276,1,0.0500
8314,1507078,609.26,250,1,0.0500
8315,1507325,606.66,247,1,0.0500
8316,1507589,607.89,264,1,0.0500
8317,1507856,606.88,267,1,0.0500
8318,1507951,-61.04,95,0,0.0500
8319,1508037,-60.95,86,0,0.0500
8320,1508280,605.96,243,1,0.0500
8321,1508522,606.62,242,1,0.0500
8322,1508673,-32.82,151,0,0.0500
8323,1508870,-21.20,197,0,0.0500
8324,1509134,607.03,264,1,0.0500
8325,1509231,-62.10,97,0,0.0500
8326,1509337,-60.91,106,0,0.0500
8327,1509610,607.64,273,1,0.0500
8328,1509707,-61.63,97,0,0.0500
8329,1509969,609.62,262,1,0.0500
8330,1510237,608.03,268,1,0.0500
8331,1510496,606.30,259,1,0.0500
8332,1510603,-61.48,107,0,0.0500
8333,1510885,608.50,282,1,0.0500
8334,1511161,607.15,276,1,0.0500
8335,1511255,-61.80,94,0,0.0500
8336,1511348,-61.79,93,0,0.0500
8337,1511596,606.45,248,1,0.0500
8338,1511843,606.56,247,1,0.0500
8339,1512042,-20.58,199,0,0.0500
8340,1512222,-20.72,180,0,0.0500
8341,1512447,605.94,225,1,0.0500
8342,1512626,-20.69,179,0,0.0500
8343,1512804,-20.80,178,0,0.0500
8344,1513068,608.07,264,1,0.0500
8345,1513178,-55.43,110,0,0.0500
8346,1513356,-20.71,178,0,0.0500
8347,1513454,-61.69,98,0,0.0500
8348,1513674,605.25,220,1,0.0500
8349,1513960,609.67,286,1,0.0500
8350,1514216,607.41,256,1,0.0500
8351,1514395,-21.22,179,0,0.0500
8352,1514508,-56.32,113,0,0.0500
8353,1514614,-60.44,106,0,0.0500
8354,1514755,-36.48,141,0,0.0500
8355,1514988,607.43,233,1,0.0500
8356,1515133,-33.39,145,0,0.0500
8357,1515246,-55.04,113,0,0.0500
8358,1515521,609.24,275,1,0.0500
8359,1515780,609.80,259,1,0.0500
8360,1516043,608.18,263,1,0.0500
8361,1516313,606.87,270,1,0.0500
8362,1516597,608.47,284,1,0.0500
8363,1516841,607.91,244,1,0.0500
8364,1517099,608.44,258,1,0.0500
8365,1517319,605.57,220,1,0.0500
8366,1517572,607.33,253,1,0.0500
8367,1517726,-33.67,154,0,0.0500
8368,1517829,-59.88,103,0,0.0500
8369,1518102,606.72,273,1,0.0500
8370,1518352,606.93,250,1,0.0500
8371,1518450,-60.80,98,0,0.0500
8372,1518684,606.16,234,1,0.0500
8373,1518773,-61.53,89,0,0.0500
8374,1519041,608.12,268,1,0.0500
8375,1519151,-61.33,110,0,0.0500
8376,1519396,605.72,245,1,0.0500
8377,1519482,-61.37,86,0,0.0500
8378,1519533,-78.72,51,0,0.0500
8379,1519640,-60.48,107,0,0.0500
8380,1519916,608.35,276,1,0.0500
8381,1520168,606.94,252,1,0.0500
8382,1520439,606.22,271,1,0.0500
8383,1520637,-21.21,198,0,0.0500
8384,1520895,606.98,258,1,0.0500
8385,1521106,-21.54,211,0,0.0500
8386,1521352,606.99,246,1,0.0500
8387,1521439,-60.44,87,0,0.0500
8388,1521523,-59.77,84,0,0.0500
8389,1521783,607.13,260,1,0.0500
8390,1521883,-61.89,100,0,0.0500
8391,1522138,605.74,255,1,0.0500
8392,1522231,-60.86,93,0,0.0500
8393,1522458,605.29,227,1,0.0500
8394,1522716,607.27,258,1,0.0500
8395,1522961,608.68,245,1,0.0500
8396,1523210,606.64,249,1,0.0500
8397,1523408,-22.17,198,0,0.0500
8398,1523684,606.99,276,1,0.0500
8399,1523932,605.69,248,1,0.0500
8400,1524183,607.04,251,1,0.0500
8401,1524286,-60.85,103,0,0.0500
8402,1524564,607.71,278,1,0.0500
8403,1524826,606.62,262,1,0.0500
8404,1525086,605.68,260,1,0.0500
8405,1525348,606.93,262,1,0.0500
8406,1525619,605.57,271,1,0.0500
8407,1525769,-32.80,150,0,0.0500
8408,1526004,607.32,235,1,0.0500
8409,1526086,-63.22,82,0,0.0500
8410,1526341,606.32,255,1,0.0500
8411,1526427,-60.95,86,0,0.0500
8412,1526671,606.63,244,1,0.0500
8413,1526767,-60.63,96,0,0.0500
8414,1526874,-56.24,107,0,0.0500
8415,1527070,-23.50,196,0,0.0500
8416,1527160,-61.25,90,0,0.0500
8417,1527414,607.52,254,1,0.0500
8418,1527595,-20.20,181,0,0.0500
8419,1527862,608.46,267,1,0.0500
8420,1528130,609.06,268,1,0.0500
8421,1528408,608.45,278,1,0.0500
8422,1528507,-61.08,99,0,0.0500
8423,1528760,606.60,253,1,0.0500
8424,1528853,-61.79,93,0,0.0500
8425,1529123,606.51,270,1,0.0500
8426,1529367,607.65,244,1,0.0500
8427,1529594,605.71,227,1,0.0500
8428,1529688,-61.38,94,0,0.0500
8429,1529776,-59.91,88,0,0.0500
8430,1529797,-92.00,21,0,0.0500
8431,1530054,606.26,257,1,0.0500
8432,1530330,607.93,276,1,0.0500
8433,1530424,-61.80,94,0,0.0500
8434,1530678,607.22,254,1,0.0500
8435,1530717,-85.03,39,0,0.0500
8436,1530960,605.94,243,1,0.0500
8437,1531214,605.73,254,1,0.0500
8438,1531492,606.97,278,1,0.0500
8439,1531748,607.83,256,1,0.0500
8440,1532018,607.24,270,1,0.0500
8441,1532266,606.64,248,1,0.0500
8442,1532359,-61.79,93,0,0.0500
8443,1532612,606.22,253,1,0.0500
8444,1532856,605.64,244,1,0.0500
8445,1532953,-62.10,97,0,0.0500
8446,1533056,-60.88,103,0,0.0500
8447,1533348,609.25,292,1,0.0500
8448,1533402,-79.67,54,0,0.0500
8449,1533588,-18.98,186,0,0.0500
8450,1533770,-21.04,182,0,0.0500
8451,1533919,-32.90,149,0,0.0500
8452,1534103,-20.34,184,0,0.0500
8453,1534350,609.06,247,1,0.0500
8454,1534594,605.73,244,1,0.0500
8455,1534691,-62.10,97,0,0.0500
8456,1534940,606.92,249,1,0.0500
8457,1535186,606.25,246,1,0.0500
8458,1535438,606.65,252,1,0.0500
8459,1535534,-61.88,96,0,0.0500
8460,1535804,606.87,270,1,0.0500
8461,1536059,606.19,255,1,0.0500
8462,1536145,-60.95,86,0,0.0500
8463,1536400,607.00,255,1,0.0500
8464,1536490,-63.43,90,0,0.0500
8465,1536745,608.29,255,1,0.0500
8466,1537003,607.69,258,1,0.0500
8467,1537276,607.33,273,1,0.0500
8468,1537529,606.69,253,1,0.0500
8469,1537776,608.79,247,1,0.0500
8470,1538051,607.96,275,1,0.0500
8471,1538329,608.27,278,1,0.0500
8472,1538569,606.84,240,1,0.0500
8473,1538825,606.35,256,1,0.0500
8474,1538922,-62.10,97,0,0.0500
8475,1539178,607.91,256,1,0.0500
8476,1539275,-62.10,97,0,0.0500
8477,1539541,606.88,266,1,0.0500
8478,1539777,607.55,236,1,0.0500
8479,1540028,605.46,251,1,0.0500
8480,1540125,-61.23,97,0,0.0500
8481,1540377,606.08,252,1,0.0500
8482,1540473,-61.02,96,0,0.0500
8483,1540713,604.72,240,1,0.0500
8484,1540989,607.53,276,1,0.0500
8485,1541074,-61.30,85,0,0.0500
8486,1541335,606.52,261,1,0.0500
8487,1541593,605.88,258,1,0.0500
8488,1541869,608.14,276,1,0.0500
8489,1541966,-61.63,97,0,0.0500
8490,1542060,-61.38,94,0,0.0500
8491,1542318,606.45,258,1,0.0500
8492,1542405,-60.54,87,0,0.0500
8493,1542654,606.52,249,1,0.0500
8494,1542741,-60.96,87,0,0.0500
8495,1542838,-61.63,97,0,0.0500
8496,1543101,608.12,263,1,0.0500
8497,1543204,-59.80,103,0,0.0500
8498,1543289,-62.18,85,0,0.0500
8499,1543395,-61.45,106,0,0.0500
8500,1543656,608.38,261,1,0.0500
8501,1543758,-60.98,102,0,0.0500
8502,1544008,606.54,250,1,0.0500
8503,1544164,-32.86,156,0,0.0500
8504,1544418,606.92,254,1,0.0500
8505,1544672,607.02,254,1,0.0500
8506,1544922,605.26,250,1,0.0500
8507,1545017,-61.43,95,0,0.0500
8508,1545284,606.67,267,1,0.0500
8509,1545544,607.69,260,1,0.0500
8510,1545775,606.88,231,1,0.0500
8511,1545861,-63.25,86,0,0.0500
8512,1546105,605.58,244,1,0.0500
8513,1546283,-20.89,178,0,0.0500
8514,1546464,-20.83,181,0,0.0500
8515,1546561,-62.10,97,0,0.0500
8516,1546648,-61.01,87,0,0.0500
8517,1546738,-59.73,90,0,0.0500
8518,1547012,607.04,274,1,0.0500
8519,1547252,607.16,240,1,0.0500
8520,1547518,607.91,266,1,0.0500
8521,1547621,-61.42,103,0,0.0500
8522,1547878,608.16,257,1,0.0500
8523,1547975,-61.90,97,0,0.0500
8524,1548077,-60.47,102,0,0.0500
8525,1548332,606.88,255,1,0.0500
8526,1548442,-60.23,110,0,0.0500
8527,1548539,-60.10,97,0,0.0500
8528,1548772,607.43,233,1,0.0500
8529,1548803,-84.30,31,0,0.0500
8530,1548900,-62.10,97,0,0.0500
8531,1549001,-62.36,101,0,0.0500
8532,1549095,-61.80,94,0,0.0500
8533,1549181,-61.15,86,0,0.0500
8534,1549263,-63.21,82,0,0.0500
8535,1549501,606.44,238,1,0.0500
8536,1549592,-60.78,91,0,0.0500
8537,1549689,-61.68,97,0,0.0500
8538,1549928,605.27,239,1,0.0500
8539,1550178,606.43,250,1,0.0500
8540,1550414,606.46,236,1,0.0500
8541,1550679,608.36,265,1,0.0500
8542,1550923,607.01,244,1,0.0500
8543,1551022,-62.23,99,0,0.0500
8544,1551113,-60.88,91,0,0.0500
8545,1551373,609.26,260,1,0.0500
8546,1551618,605.84,245,1,0.0500
8547,1551875,607.30,257,1,0.0500
8548,1551971,-61.89,96,0,0.0500
8549,1552229,606.53,258,1,0.0500
8550,1552315,-60.89,86,0,0.0500
8551,1552500,-19.70,185,0,0.0500
8552,1552738,607.39,238,1,0.0500
8553,1552982,605.31,244,1,0.0500
8554,1553241,607.80,259,1,0.0500
8555,1553327,-61.36,86,0,0.0500
8556,1553567,605.37,240,1,0.0500
8557,1553819,608.30,252,1,0.0500
8558,1554086,608.32,267,1,0.0500
8559,1554341,607.63,255,1,0.0500
8560,1554599,607.27,258,1,0.0500
8561,1554850,608.51,251,1,0.0500
8562,1555061,-19.23,211,0,0.0500
8563,1555309,605.59,248,1,0.0500
8564,1555568,606.75,259,1,0.0500
8565,1555591,-91.60,23,0,0.0500
8566,1555613,-91.80,22,0,0.0500
8567,1555716,-60.64,103,0,0.0500
8568,1555971,605.97,255,1,0.0500
8569,1556068,-62.10,97,0,0.0500
8570,1556223,-33.08,155,0,0.0500
8571,1556311,-61.17,88,0,0.0500
8572,1556580,608.62,269,1,0.0500
8573,1556679,-61.70,99,0,0.0500
8574,1556828,-32.69,149,0,0.0500
8575,1557066,606.23,238,1,0.0500
8576,1557317,607.24,251,1,0.0500
8577,1557594,609.77,277,1,0.0500
8578,1557737,-34.39,143,0,0.0500
8579,1557985,605.71,248,1,0.0500
8580,1558239,605.54,254,1,0.0500
8581,1558511,607.65,272,1,0.0500
8582,1558616,-60.68,105,0,0.0500
8583,1558702,-61.37,86,0,0.0500
8584,1558879,-21.22,177,0,0.0500
8585,1559148,610.73,269,1,0.0500
8586,1559380,606.50,232,1,0.0500
8587,1559528,-32.77,148,0,0.0500
8588,1559625,-61.63,97,0,0.0500
8589,1559875,605.90,250,1,0.0500
8590,1559964,-60.14,89,0,0.0500
8591,1560210,606.96,246,1,0.0500
8592,1560389,-20.09,179,0,0.0500
8593,1560672,609.23,283,1,0.0500
8594,1560928,605.54,256,1,0.0500
8595,1561017,-59.30,89,0,0.0500
8596,1561276,607.14,259,1,0.0500
8597,1561538,606.71,262,1,0.0500
8598,1561624,-60.95,86,0,0.0500
8599,1561709,-61.30,85,0,0.0500
8600,1561796,-60.96,87,0,0.0500
8601,1561882,-60.95,86,0,0.0500
8602,1562156,605.65,274,1,0.0500
8603,1562378,605.55,222,1,0.0500
8604,1562625,607.62,247,1,0.0500
8605,1562710,-61.30,85,0,0.0500
8606,1562769,-80.21,59,0,0.0500
8607,1562875,-61.40,106,0,0.0500
8608,1563122,607.62,247,1,0.0500
8609,1563216,-63.78,94,0,0.0500
8610,1563473,607.71,257,1,0.0500
8611,1563614,-36.48,141,0,0.0500
8612,1563867,606.08,253,1,0.0500
8613,1564158,609.78,291,1,0.0500
8614,1564406,606.66,248,1,0.0500
8615,1564503,-62.10,97,0,0.0500
8616,1564770,609.41,267,1,0.0500
8617,1564955,-21.71,185,0,0.0500
8618,1565232,607.56,277,1,0.0500
8619,1565481,607.48,249,1,0.0500
8620,1565734,608.04,253,1,0.0500
8621,1566003,607.58,269,1,0.0500
8622,1566183,-21.02,180,0,0.0500
8623,1566358,-20.77,175,0,0.0500
8624,1566465,-55.82,107,0,0.0500
8625,1566639,-34.73,174,0,0.0500
8626,1566735,-61.20,96,0,0.0500
8627,1566824,-60.14,89,0,0.0500
8628,1567081,607.40,257,1,0.0500
8629,1567174,-61.79,93,0,0.0500
8630,1567423,605.85,249,1,0.0500
8631,1567509,-59.17,86,0,0.0500
8632,1567758,606.33,249,1,0.0500
8633,1568018,607.27,260,1,0.0500
8634,1568270,607.30,252,1,0.0500
8635,1568322,-78.93,52,0,0.0500
8636,1568566,605.85,244,1,0.0500
8637,1568759,-22.83,193,0,0.0500
8638,1568907,-32.35,148,0,0.0500
8639,1569171,608.38,264,1,0.0500
8640,1569437,606.57,266,1,0.0500
8641,1569530,-60.94,93,0,0.0500
8642,1569706,-21.07,176,0,0.0500
8643,1569964,606.34,258,1,0.0500
8644,1570208,609.11,244,1,0.0500
8645,1570299,-59.94,91,0,0.0500
8646,1570537,604.86,238,1,0.0500
8647,1570791,608.28,254,1,0.0500
8648,1571048,606.67,257,1,0.0500
8649,1571317,609.36,269,1,0.0500
8650,1571581,607.85,264,1,0.0500
8651,1571834,606.42,253,1,0.0500
8652,1572084,607.35,250,1,0.0500
8653,1572231,-33.84,147,0,0.0500
8654,1572513,608.39,282,1,0.0500
8655,1572656,-34.19,143,0,0.0500
8656,1572744,-60.97,88,0,0.0500
8657,1572834,-60.99,90,0,0.0500
8658,1573099,607.53,265,1,0.0500
8659,1573360,606.94,261,1,0.0500
8660,1573637,609.92,277,1,0.0500
8661,1573781,-36.02,144,0,0.0500
8662,1574043,609.33,262,1,0.0500
8663,1574312,607.76,269,1,0.0500
8664,1574461,-34.58,149,0,0.0500
8665,1574709,605.48,248,1,0.0500
8666,1574815,-60.87,106,0,0.0500
8667,1574918,-62.29,103,0,0.0500
8668,1575192,606.91,274,1,0.0500
8669,1575289,-61.83,97,0,0.0500
8670,1575547,605.80,258,1,0.0500
8671,1575804,606.12,257,1,0.0500
8672,1576079,607.12,275,1,0.0500
8673,1576350,607.24,271,1,0.0500
8674,1576440,-60.15,90,0,0.0500
8675,1576703,606.15,263,1,0.0500
8676,1576954,605.97,251,1,0.0500
8677,1577050,-61.89,96,0,0.0500
8678,1577310,608.12,260,1,0.0500
8679,1577559,605.92,249,1,0.0500
8680,1577821,607.65,262,1,0.0500
8681,1577925,-62.42,104,0,0.0500
8682,1578105,-20.49,180,0,0.0500
8683,1578191,-61.14,86,0,0.0500
8684,1578374,-22.10,183,0,0.0500
8685,1578626,607.78,252,1,0.0500
8686,1578825,-20.16,199,0,0.0500
8687,1578972,-32.76,147,0,0.0500
8688,1579061,-59.30,89,0,0.0500
8689,1579297,606.35,236,1,0.0500
8690,1579527,606.31,230,1,0.0500
8691,1579615,-60.97,88,0,0.0500
8692,1579867,606.37,252,1,0.0500
8693,1579960,-54.62,93,0,0.0500
8694,1580205,606.27,245,1,0.0500
8695,1580384,-21.05,179,0,0.0500
8696,1580527,-35.88,143,0,0.0500
8697,1580746,605.26,219,1,0.0500
8698,1580844,-62.22,98,0,0.0500
8699,1581088,606.05,244,1,0.0500
8700,1581349,606.28,261,1,0.0500
8701,1581588,607.79,239,1,0.0500
8702,1581811,606.06,223,1,0.0500
8703,1582060,606.41,249,1,0.0500
8704,1582307,605.85,247,1,0.0500
8705,1582453,-33.18,146,0,0.0500
8706,1582708,606.15,255,1,0.0500
8707,1582975,607.92,267,1,0.0500
8708,1583222,606.34,247,1,0.0500
8709,1583486,606.82,264,1,0.0500
8710,1583728,607.87,242,1,0.0500
8711,1583819,-59.94,91,0,0.0500
8712,1583994,-20.77,175,0,0.0500
8713,1584142,-32.70,148,0,0.0500
8714,1584402,605.27,260,1,0.0500
8715,1584645,606.61,243,1,0.0500
8716,1584890,606.04,245,1,0.0500
8717,1585145,607.23,255,1,0.0500
8718,1585405,608.20,260,1,0.0500
8719,1585493,-59.71,88,0,0.0500
8720,1585583,-59.73,90,0,0.0500
8721,1585671,-60.55,88,0,0.0500
8722,1585894,606.78,223,1,0.0500
8723,1586150,611.09,256,1,0.0500
8724,1586237,-60.54,87,0,0.0500
8725,1586417,-20.82,180,0,0.0500
8726,1586678,607.39,261,1,0.0500
8727,1586957,608.48,279,1,0.0500
8728,1587053,-61.88,96,0,0.0500
8729,1587297,608.59,244,1,0.0500
8730,1587545,606.53,248,1,0.0500
8731,1587792,606.27,247,1,0.0500
8732,1588033,605.36,241,1,0.0500
8733,1588295,606.08,262,1,0.0500
8734,1588549,606.50,254,1,0.0500
8735,1588819,608.71,270,1,0.0500
8736,1589071,608.29,252,1,0.0500
8737,1589316,606.50,245,1,0.0500
8738,1589578,607.05,262,1,0.0500
8739,1589754,-20.68,176,0,0.0500
8740,1589927,-21.17,173,0,0.0500
8741,1590183,607.20,256,1,0.0500
8742,1590439,607.73,256,1,0.0500
8743,1590685,605.95,246,1,0.0500
8744,1590943,606.85,258,1,0.0500
8745,1591164,605.66,221,1,0.0500
8746,1591255,-60.15,91,0,0.0500
8747,1591494,607.69,239,1,0.0500
8748,1591766,606.61,272,1,0.0500
8749,1591944,-20.88,178,0,0.0500
8750,1592178,605.85,234,1,0.0500
8751,1592269,-60.57,91,0,0.0500
8752,1592541,608.07,272,1,0.0500
8753,1592716,-20.77,175,0,0.0500
8754,1592967,606.72,251,1,0.0500
8755,1593189,605.87,222,1,0.0500
8756,1593413,606.80,224,1,0.0500
8757,1593651,606.98,238,1,0.0500
8758,1593901,607.17,250,1,0.0500
8759,1594157,606.26,256,1,0.0500
8760,1594333,-20.99,176,0,0.0500
8761,1594609,606.39,276,1,0.0500
8762,1594757,-35.49,148,0,0.0500
8763,1594859,-61.62,102,0,0.0500
8764,1594952,-54.93,93,0,0.0500
8765,1595190,606.65,238,1,0.0500
8766,1595440,606.84,250,1,0.0500
8767,1595536,-61.89,96,0,0.0500
8768,1595807,607.24,271,1,0.0500
8769,1596066,608.32,259,1,0.0500
8770,1596293,606.55,227,1,0.0500
8771,1596471,-20.80,178,0,0.0500
8772,1596669,-19.11,198,0,0.0500
8773,1596928,607.37,259,1,0.0500
8774,1597017,-59.50,89,0,0.0500
8775,1597110,-61.37,93,0,0.0500
8776,1597366,607.71,256,1,0.0500
8777,1597624,606.76,258,1,0.0500
8778,1597713,-61.55,89,0,0.0500
8779,1597809,-61.89,96,0,0.0500
8780,1597900,-61.20,91,0,0.0500
8781,1597993,-55.14,93,0,0.0500
8782,1598083,-60.15,90,0,0.0500
8783,1598327,605.97,244,1,0.0500
8784,1598415,-59.91,88,0,0.0500
8785,1598694,607.80,279,1,0.0500
8786,1598786,-61.69,92,0,0.0500
8787,1599027,607.67,241,1,0.0500
8788,1599287,607.87,260,1,0.0500
8789,1599528,605.14,241,1,0.0500
8790,1599785,607.64,257,1,0.0500
8791,1600032,606.87,247,1,0.0500
8792,1600284,605.97,252,1,0.0500
8793,1600544,607.69,260,1,0.0500
8794,1600631,-60.54,87,0,0.0500
8795,1600736,-60.47,105,0,0.0500
8796,1601011,608.26,275,1,0.0500
8797,1601274,606.52,263,1,0.0500
8798,1601377,-60.59,103,0,0.0500
8799,1601464,-60.54,87,0,0.0500
8800,1601758,613.01,294,1,0.0500
8801,1601856,-61.69,98,0,0.0500
8802,1602032,-20.17,176,0,0.0500
8803,1602259,607.29,227,1,0.0500
8804,1602406,-32.78,147,0,0.0500
8805,1602679,606.16,273,1,0.0500
8806,1602940,607.48,261,1,0.0500
8807,1603193,611.02,253,1,0.0500
8808,1603286,-54.62,93,0,0.0500
8809,1603552,608.17,266,1,0.0500
8810,1603806,607.98,254,1,0.0500
8811,1604093,608.75,287,1,0.0500
8812,1604289,-20.56,196,0,0.0500
8813,1604382,-60.86,93,0,0.0500
8814,1604485,-59.56,103,0,0.0500
8815,1604667,-22.00,182,0,0.0500
8816,1604753,-60.95,86,0,0.0500
8817,1605018,606.06,265,1,0.0500
8818,1605261,606.04,243,1,0.0500
8819,1605509,607.39,248,1,0.0500
8820,1605662,-33.68,153,0,0.0500
8821,1605685,-91.60,23,0,0.0500
8822,1605708,-91.60,23,0,0.0500
8823,1605951,605.74,243,1,0.0500
8824,1606217,606.67,266,1,0.0500
8825,1606319,-61.11,102,0,0.0500
8826,1606581,608.39,262,1,0.0500
8827,1606651,-63.94,70,0,0.0500
8828,1606798,-32.96,147,0,0.0500
8829,1606888,-60.05,90,0,0.0500
8830,1607062,-21.47,174,0,0.0500
8831,1607312,606.84,250,1,0.0500
8832,1607577,606.47,265,1,0.0500
8833,1607821,605.94,244,1,0.0500
8834,1608076,606.88,255,1,0.0500
8835,1608162,-60.95,86,0,0.0500
8836,1608410,605.28,248,1,0.0500
8837,1608659,606.54,249,1,0.0500
8838,1608923,606.25,264,1,0.0500
8839,1609176,606.28,253,1,0.0500
8840,1609446,605.37,270,1,0.0500
8841,1609701,607.85,255,1,0.0500
8842,1609964,607.44,263,1,0.0500
8843,1610054,-59.73,90,0,0.0500
8844,1610229,-21.06,175,0,0.0500
8845,1610455,605.72,226,1,0.0500
8846,1610551,-61.89,96,0,0.0500
8847,1610652,-60.26,101,0,0.0500
8848,1610757,-61.23,105,0,0.0500
8849,1610941,-21.07,184,0,0.0500
8850,1611030,-60.40,89,0,0.0500
8851,1611290,607.16,260,1,0.0500
8852,1611512,605.87,222,1,0.0500
8853,1611764,607.05,252,1,0.0500
8854,1611861,-62.10,97,0,0.0500
8855,1611933,-63.74,72,0,0.0500
8856,1612169,607.82,236,1,0.0500
8857,1612264,-54.74,95,0,0.0500
8858,1612512,606.23,248,1,0.0500
8859,1612653,-35.86,141,0,0.0500
8860,1612739,-59.57,86,0,0.0500
8861,1613009,606.75,270,1,0.0500
8862,1613251,607.01,242,1,0.0500
8863,1613337,-59.69,86,0,0.0500
8864,1613617,609.27,280,1,0.0500
8865,1613792,-21.08,175,0,0.0500
8866,1613887,-61.61,95,0,0.0500
8867,1614132,606.56,245,1,0.0500
8868,1614378,606.37,246,1,0.0500
8869,1614527,-32.78,149,0,0.0500
8870,1614782,609.42,255,1,0.0500
8871,1615047,606.69,265,1,0.0500
8872,1615146,-61.28,99,0,0.0500
8873,1615402,607.20,256,1,0.0500
8874,1615673,606.29,271,1,0.0500
8875,1615769,-61.89,96,0,0.0500
8876,1616025,606.89,256,1,0.0500
8877,1616122,-60.17,97,0,0.0500
8878,1616381,608.22,259,1,0.0500
8879,1616483,-60.67,102,0,0.0500
8880,1616707,605.53,224,1,0.0500
8881,1616977,607.49,270,1,0.0500
8882,1617235,607.18,258,1,0.0500
8883,1617482,606.66,247,1,0.0500
8884,1617577,-60.97,95,0,0.0500
8885,1617674,-61.89,97,0,0.0500
8886,1617781,-60.48,107,0,0.0500
8887,1618050,606.89,269,1,0.0500
8888,1618150,-54.49,100,0,0.0500
8889,1618411,607.80,261,1,0.0500
8890,1618676,608.48,265,1,0.0500
8891,1618930,606.17,254,1,0.0500
8892,1619011,-63.84,81,0,0.0500
8893,1619243,607.13,232,1,0.0500
8894,1619339,-61.89,96,0,0.0500
8895,1619600,607.88,261,1,0.0500
8896,1619866,606.05,266,1,0.0500
8897,1620105,607.58,239,1,0.0500
8898,1620338,607.43,233,1,0.0500
8899,1620597,607.61,259,1,0.0500
8900,1620644,-79.68,47,0,0.0500
8901,1620820,-21.31,176,0,0.0500
8902,1620968,-32.77,148,0,0.0500
8903,1621203,605.95,235,1,0.0500
8904,1621457,605.77,254,1,0.0500
8905,1621548,-59.84,91,0,0.0500
8906,1621801,606.18,253,1,0.0500
8907,1621905,-60.18,104,0,0.0500
8908,1621992,-59.28,87,0,0.0500
8909,1622255,607.52,263,1,0.0500
8910,1622521,606.77,266,1,0.0500
8911,1622662,-36.44,141,0,0.0500
8912,1622758,-61.89,96,0,0.0500
8913,1622845,-60.17,87,0,0.0500
8914,1623104,607.17,259,1,0.0500
8915,1623190,-59.69,86,0,0.0500
8916,1623291,-63.08,101,0,0.0500
8917,1623379,-58.45,88,0,0.0500
8918,1623628,609.06,249,1,0.0500
8919,1623706,-60.44,78,0,0.0500
8920,1623950,606.29,244,1,0.0500
8921,1624043,-60.15,93,0,0.0500
8922,1624195,-31.68,152,0,0.0500
8923,1624440,606.12,245,1,0.0500
8924,1624698,606.14,258,1,0.0500
8925,1624949,607.48,251,1,0.0500
8926,1625045,-60.66,96,0,0.0500
8927,1625291,606.45,246,1,0.0500
8928,1625381,-59.08,90,0,0.0500
8929,1625481,-59.92,100,0,0.0500
8930,1625754,606.32,273,1,0.0500
8931,1625860,-62.63,106,0,0.0500
8932,1626125,606.04,265,1,0.0500
8933,1626393,605.79,268,1,0.0500
8934,1626630,607.92,237,1,0.0500
8935,1626896,605.84,266,1,0.0500
8936,1627145,606.12,249,1,0.0500
8937,1627399,606.17,254,1,0.0500
8938,1627655,607.17,256,1,0.0500
8939,1627743,-61.16,88,0,0.0500
8940,1627999,607.50,256,1,0.0500
8941,1628257,606.31,258,1,0.0500
8942,1628503,608.67,246,1,0.0500
8943,1628756,607.86,253,1,0.0500
8944,1628835,-60.36,79,0,0.0500
8945,1628937,-60.47,102,0,0.0500
8946,1629033,-61.89,96,0,0.0500
8947,1629183,-33.87,150,0,0.0500
8948,1629440,607.30,257,1,0.0500
8949,1629690,606.72,250,1,0.0500
8950,1629965,608.88,275,1,0.0500
8951,1629986,-92.00,21,0,0.0500
8952,1630090,-59.95,104,0,0.0500
8953,1630382,610.17,292,1,0.0500
8954,1630638,608.46,256,1,0.0500
8955,1630909,606.84,271,1,0.0500
8956,1631161,609.45,252,1,0.0500
8957,1631308,-32.78,147,0,0.0500
8958,1631535,606.76,227,1,0.0500
8959,1631623,-60.97,88,0,0.0500
8960,1631864,607.88,241,1,0.0500
8961,1632116,608.05,252,1,0.0500
8962,1632370,607.25,254,1,0.0500
8963,1632454,-60.77,84,0,0.0500
8964,1632709,608.16,255,1,0.0500
8965,1632981,606.61,272,1,0.0500
8966,1633242,605.89,261,1,0.0500
8967,1633424,-21.26,182,0,0.0500
8968,1633577,-32.51,153,0,0.0500
8969,1633824,605.93,247,1,0.0500
8970,1633929,-61.75,105,0,0.0500
8971,1634173,606.15,244,1,0.0500
8972,1634424,606.84,251,1,0.0500
8973,1634686,605.99,262,1,0.0500
8974,1634960,607.42,274,1,0.0500
8975,1635116,-33.07,156,0,0.0500
8976,1635352,606.67,236,1,0.0500
8977,1635605,607.75,253,1,0.0500
8978,1635868,607.12,263,1,0.0500
8979,1636109,608.09,241,1,0.0500
8980,1636262,-31.90,153,0,0.0500
8981,1636510,606.22,248,1,0.0500
8982,1636609,-59.60,99,0,0.0500
8983,1636755,-32.95,146,0,0.0500
8984,1636850,-61.60,95,0,0.0500
8985,1637079,606.32,229,1,0.0500
8986,1637320,605.66,241,1,0.0500
8987,1637420,-61.18,100,0,0.0500
8988,1637671,606.39,251,1,0.0500
8989,1637929,606.55,258,1,0.0500
8990,1638171,605.58,242,1,0.0500
8991,1638276,-58.24,105,0,0.0500
8992,1638521,605.94,245,1,0.0500
8993,1638766,606.16,245,1,0.0500
8994,1639006,605.24,240,1,0.0500
8995,1639097,-61.05,91,0,0.0500
8996,1639337,606.63,240,1,0.0500
8997,1639595,607.49,258,1,0.0500
8998,1639740,-33.39,145,0,0.0500
8999,1639881,-36.48,141,0,0.0500
9000,1640129,606.04,248,1,0.0500
9001,1640270,-36.48,141,0,0.0500
9002,1640369,-60.99,99,0,0.0500
9003,1640635,607.26,266,1,0.0500
9004,1640877,605.69,242,1,0.0500
9005,1641148,607.76,271,1,0.0500
9006,1641392,607.24,244,1,0.0500
9007,1641637,608.26,245,1,0.0500
9008,1641878,605.25,241,1,0.0500
9009,1642126,606.86,248,1,0.0500
9010,1642221,-62.08,95,0,0.0500
9011,1642466,606.26,245,1,0.0500
9012,1642612,-33.29,146,0,0.0500
9013,1642702,-61.12,90,0,0.0500
9014,1642789,-60.44,87,0,0.0500
9015,1643032,606.16,243,1,0.0500
9016,1643123,-61.04,91,0,0.0500
9017,1643353,606.31,230,1,0.0500
9018,1643584,607.98,231,1,0.0500
9019,1643858,607.57,274,1,0.0500
9020,1643953,-60.54,95,0,0.0500
9021,1644174,605.24,221,1,0.0500
9022,1644390,606.66,216,1,0.0500
9023,1644483,-60.48,93,0,0.0500
9024,1644719,606.58,236,1,0.0500
9025,1644900,-20.28,181,0,0.0500
9026,1644987,-60.54,87,0,0.0500
9027,1645078,-61.25,91,0,0.0500
9028,1645227,-32.99,149,0,0.0500
9029,1645313,-60.95,86,0,0.0500
9030,1645416,-60.00,103,0,0.0500
9031,1645677,607.37,261,1,0.0500
9032,1645767,-60.83,90,0,0.0500
9033,1646030,605.24,263,1,0.0500
9034,1646289,609.60,259,1,0.0500
9035,1646389,-61.08,100,0,0.0500
9036,1646473,-59.88,84,0,0.0500
9037,1646736,607.10,263,1,0.0500
9038,1647006,610.21,270,1,0.0500
9039,1647180,-20.88,174,0,0.0500
9040,1647436,607.73,256,1,0.0500
9041,1647526,-60.57,90,0,0.0500
9042,1647612,-59.69,86,0,0.0500
9043,1647843,607.56,231,1,0.0500
9044,1647942,-61.49,99,0,0.0500
9045,1648199,608.76,257,1,0.0500
9046,1648466,608.89,267,1,0.0500
9047,1648707,607.26,241,1,0.0500
9048,1648965,607.18,258,1,0.0500
9049,1649193,606.33,228,1,0.0500
9050,1649370,-20.66,177,0,0.0500
9051,1649636,609.09,266,1,0.0500
9052,1649740,-60.79,104,0,0.0500
9053,1650007,606.56,267,1,0.0500
9054,1650238,606.72,231,1,0.0500
9055,1650526,612.13,288,1,0.0500
9056,1650780,607.73,254,1,0.0500
9057,1651038,605.95,258,1,0.0500
9058,1651306,606.05,268,1,0.0500
9059,1651393,-60.54,87,0,0.0500
9060,1651497,-60.99,104,0,0.0500
9061,1651657,-32.67,160,0,0.0500
9062,1651804,-32.75,147,0,0.0500
9063,1651903,-61.49,99,0,0.0500
9064,1652044,-35.66,141,0,0.0500
9065,1652301,608.24,257,1,0.0500
9066,1652556,607.00,255,1,0.0500
9067,1652642,-60.95,86,0,0.0500
9068,1652911,606.64,269,1,0.0500
9069,1653145,605.03,234,1,0.0500
9070,1653396,607.46,251,1,0.0500
9071,1653550,-32.64,154,0,0.0500
9072,1653800,606.25,250,1,0.0500
9073,1653902,-60.26,102,0,0.0500
9074,1654149,606.96,247,1,0.0500
9075,1654394,606.81,245,1,0.0500
9076,1654650,607.52,256,1,0.0500
9077,1654737,-60.44,87,0,0.0500
9078,1654990,606.68,253,1,0.0500
9079,1655066,-60.84,76,0,0.0500
9080,1655158,-54.61,92,0,0.0500
9081,1655256,-61.60,98,0,0.0500
9082,1655513,607.07,257,1,0.0500
9083,1655765,606.73,252,1,0.0500
9084,1655856,-64.06,91,0,0.0500
9085,1655942,-59.69,86,0,0.0500
9086,1656200,609.14,258,1,0.0500
9087,1656381,-20.10,181,0,0.0500
9088,1656631,607.46,250,1,0.0500
9089,1656893,607.38,262,1,0.0500
9090,1656984,-61.67,91,0,0.0500
9091,1657242,607.39,258,1,0.0500
9092,1657338,-61.89,96,0,0.0500
9093,1657425,-60.54,87,0,0.0500
9094,1657603,-20.47,178,0,0.0500
9095,1657701,-61.60,98,0,0.0500
9096,1657942,605.37,241,1,0.0500
9097,1658210,606.21,268,1,0.0500
9098,1658233,-91.60,23,0,0.0500
9099,1658482,606.46,249,1,0.0500
9100,1658741,606.74,259,1,0.0500
9101,1658978,606.34,237,1,0.0500
9102,1659204,606.66,226,1,0.0500
9103,1659290,-59.90,86,0,0.0500
9104,1659442,-32.11,152,0,0.0500
9105,1659546,-60.48,104,0,0.0500
9106,1659793,606.78,247,1,0.0500
9107,1660047,606.48,254,1,0.0500
9108,1660291,608.49,244,1,0.0500
9109,1660398,-60.11,107,0,0.0500
9110,1660641,606.18,243,1,0.0500
9111,1660790,-32.53,149,0,0.0500
9112,1660893,-61.65,103,0,0.0500
9113,1660993,-61.09,100,0,0.0500
9114,1661108,-56.40,115,0,0.0500
9115,1661349,606.21,241,1,0.0500
9116,1661591,605.85,242,1,0.0500
9117,1661613,-91.80,22,0,0.0500
9118,1661871,606.55,258,1,0.0500
9119,1662109,605.19,238,1,0.0500
9120,1662211,-60.26,102,0,0.0500
9121,1662302,-60.36,91,0,0.0500
9122,1662395,-61.37,93,0,0.0500
9123,1662493,-61.49,98,0,0.0500
9124,1662753,608.09,260,1,0.0500
9125,1663002,606.71,249,1,0.0500
9126,1663250,605.60,248,1,0.0500
9127,1663349,-59.97,99,0,0.0500
9128,1663446,-62.09,97,0,0.0500
9129,1663542,-61.89,96,0,0.0500
9130,1663595,-79.52,53,0,0.0500
9131,1663844,606.54,249,1,0.0500
9132,1663991,-32.66,147,0,0.0500
9133,1664247,606.70,256,1,0.0500
9134,1664349,-57.74,102,0,0.0500
9135,1664531,-21.34,182,0,0.0500
9136,1664632,-60.26,101,0,0.0500
9137,1664740,-56.25,108,0,0.0500
9138,1664824,-60.77,84,0,0.0500
9139,1664911,-60.54,87,0,0.0500
9140,1665154,605.86,243,1,0.0500
9141,1665401,606.87,247,1,0.0500
9142,1665663,607.02,262,1,0.0500
9143,1665744,-59.96,81,0,0.0500
9144,1665829,-61.14,85,0,0.0500
9145,1665913,-60.51,84,0,0.0500
9146,1665999,-59.27,86,0,0.0500
9147,1666238,604.96,239,1,0.0500
9148,1666338,-61.13,100,0,0.0500
9149,1666599,607.47,261,1,0.0500
9150,1666824,605.94,225,1,0.0500
9151,1666929,-61.09,105,0,0.0500
9152,1667209,610.13,280,1,0.0500
9153,1667480,606.64,271,1,0.0500
9154,1667631,-32.38,151,0,0.0500
9155,1667886,607.10,255,1,0.0500
9156,1668034,-32.34,148,0,0.0500
9157,1668268,606.69,234,1,0.0500
9158,1668522,607.56,254,1,0.0500
9159,1668785,607.13,263,1,0.0500
9160,1668893,-60.53,108,0,0.0500
9161,1669169,607.30,276,1,0.0500
9162,1669266,-62.31,97,0,0.0500
9163,1669539,607.84,273,1,0.0500
9164,1669790,606.95,251,1,0.0500
9165,1670046,606.29,256,1,0.0500
9166,1670298,606.30,252,1,0.0500
9167,1670554,605.93,256,1,0.0500
9168,1670823,607.49,269,1,0.0500
9169,1670923,-62.65,100,0,0.0500
9170,1671028,-60.61,105,0,0.0500
9171,1671131,-62.39,103,0,0.0500
9172,1671236,-62.60,105,0,0.0500
9173,1671463,605.92,227,1,0.0500
9174,1671711,606.63,248,1,0.0500
9175,1671961,607.79,250,1,0.0500
9176,1672052,-60.57,91,0,0.0500
9177,1672326,606.90,274,1,0.0500
9178,1672584,605.81,258,1,0.0500
9179,1672838,607.01,254,1,0.0500
9180,1673108,607.37,270,1,0.0500
9181,1673358,606.72,250,1,0.0500
9182,1673602,606.48,244,1,0.0500
9183,1673836,606.90,234,1,0.0500
9184,1674104,607.05,268,1,0.0500
9185,1674370,606.67,266,1,0.0500
9186,1674630,605.51,260,1,0.0500
9187,1674779,-32.78,149,0,0.0500
9188,1674885,-61.37,106,0,0.0500
9189,1675001,-60.07,116,0,0.0500
9190,1675207,-19.39,206,0,0.0500
9191,1675457,607.47,250,1,0.0500
9192,1675570,-56.72,113,0,0.0500
9193,1675834,607.09,264,1,0.0500
9194,1675947,-61.34,113,0,0.0500
9195,1676050,-61.90,103,0,0.0500
9196,1676130,-60.89,80,0,0.0500
9197,1676387,605.71,257,1,0.0500
9198,1676494,-60.96,107,0,0.0500
9199,1676744,606.39,250,1,0.0500
9200,1677001,606.55,257,1,0.0500
9201,1677108,-62.21,107,0,0.0500
9202,1677371,606.91,263,1,0.0500
9203,1677620,606.43,249,1,0.0500
9204,1677899,605.82,279,1,0.0500
9205,1678176,607.15,277,1,0.0500
9206,1678359,-20.76,183,0,0.0500
9207,1678459,-60.18,100,0,0.0500
9208,1678570,-60.36,111,0,0.0500
9209,1678819,605.79,249,1,0.0500
9210,1678842,-91.60,23,0,0.0500
9211,1678943,-59.46,101,0,0.0500
9212,1679190,606.76,247,1,0.0500
9213,1679272,-61.95,82,0,0.0500
9214,1679377,-60.71,105,0,0.0500
9215,1679464,-61.43,87,0,0.0500
9216,1679719,607.24,255,1,0.0500
9217,1679970,606.10,251,1,0.0500
9218,1680223,607.44,253,1,0.0500
9219,1680477,606.97,254,1,0.0500
9220,1680718,605.58,241,1,0.0500
9221,1680995,607.81,277,1,0.0500
9222,1681240,606.05,245,1,0.0500
9223,1681337,-60.43,97,0,0.0500
9224,1681494,-32.97,157,0,0.0500
9225,1681671,-20.68,177,0,0.0500
9226,1681780,-60.52,109,0,0.0500
9227,1682042,607.23,262,1,0.0500
9228,1682130,-60.97,88,0,0.0500
9229,1682223,-63.58,93,0,0.0500
9230,1682313,-60.99,90,0,0.0500
9231,1682412,-61.68,99,0,0.0500
9232,1682433,-91.80,21,0,0.0500
9233,1682582,-34.18,149,0,0.0500
9234,1682834,608.82,252,1,0.0500
9235,1682936,-62.17,102,0,0.0500
9236,1683181,606.36,245,1,0.0500
9237,1683441,608.41,260,1,0.0500
9238,1683682,605.78,241,1,0.0500
9239,1683779,-61.90,97,0,0.0500
9240,1684028,608.41,249,1,0.0500
9241,1684277,606.85,249,1,0.0500
9242,1684298,-91.80,21,0,0.0500
9243,1684385,-60.54,87,0,0.0500
9244,1684634,606.84,249,1,0.0500
9245,1684719,-60.94,85,0,0.0500
9246,1684810,-59.94,91,0,0.0500
9247,1684986,-20.87,176,0,0.0500
9248,1685236,607.23,250,1,0.0500
9249,1685329,-61.49,93,0,0.0500
9250,1685470,-36.06,141,0,0.0500
9251,1685726,607.63,256,1,0.0500
9252,1685970,606.07,244,1,0.0500
9253,1686067,-53.20,97,0,0.0500
9254,1686319,605.65,252,1,0.0500
9255,1686555,606.05,236,1,0.0500
9256,1686655,-62.19,100,0,0.0500
9257,1686804,-33.20,149,0,0.0500
9258,1687081,608.45,277,1,0.0500
9259,1687332,606.41,251,1,0.0500
9260,1687579,606.46,247,1,0.0500
9261,1687860,608.01,281,1,0.0500
9262,1687942,-61.33,82,0,0.0500
9263,1688206,607.96,264,1,0.0500
9264,1688463,606.15,257,1,0.0500
9265,1688570,-55.40,107,0,0.0500
9266,1688682,-60.09,112,0,0.0500
9267,1688791,-60.63,109,0,0.0500
9268,1688937,-33.17,146,0,0.0500
9269,1689207,610.43,270,1,0.0500
9270,1689447,608.10,240,1,0.0500
9271,1689549,-54.29,102,0,0.0500
9272,1689653,-60.67,104,0,0.0500
9273,1689674,-91.80,21,0,0.0500
9274,1689820,-33.31,146,0,0.0500
9275,1690074,607.43,254,1,0.0500
9276,1690169,-54.95,95,0,0.0500
9277,1690317,-33.42,148,0,0.0500
9278,1690418,-61.20,101,0,0.0500
9279,1690510,-54.61,92,0,0.0500
9280,1690770,607.88,260,1,0.0500
9281,1690861,-61.57,91,0,0.0500
9282,1691132,606.92,271,1,0.0500
9283,1691334,-22.07,202,0,0.0500
9284,1691584,607.04,250,1,0.0500
9285,1691830,607.49,246,1,0.0500
9286,1692095,605.85,265,1,0.0500
9287,1692198,-60.48,103,0,0.0500
9288,1692346,-33.21,148,0,0.0500
9289,1692453,-59.99,107,0,0.0500
9290,1692558,-59.39,105,0,0.0500
9291,1692803,606.13,245,1,0.0500
9292,1693073,608.44,270,1,0.0500
9293,1693170,-62.10,97,0,0.0500
9294,1693274,-62.62,104,0,0.0500
9295,1693371,-61.90,97,0,0.0500
9296,1693520,-32.38,149,0,0.0500
9297,1693606,-62.62,86,0,0.0500
9298,1693858,606.80,252,1,0.0500
9299,1693954,-54.33,96,0,0.0500
9300,1694212,607.99,258,1,0.0500
9301,1694303,-59.10,91,0,0.0500
9302,1694397,-61.59,94,0,0.0500
9303,1694547,-32.57,150,0,0.0500
9304,1694803,611.37,256,1,0.0500
9305,1695044,605.85,241,1,0.0500
9306,1695320,607.39,276,1,0.0500
9307,1695418,-61.49,98,0,0.0500
9308,1695508,-61.34,90,0,0.0500
9309,1695773,606.46,265,1,0.0500
9310,1696026,606.90,253,1,0.0500
9311,1696300,608.47,274,1,0.0500
9312,1696571,606.93,271,1,0.0500
9313,1696827,606.99,256,1,0.0500
9314,1697080,607.64,253,1,0.0500
9315,1697183,-61.15,103,0,0.0500
9316,1697343,-32.06,160,0,0.0500
9317,1697440,-53.62,97,0,0.0500
9318,1697670,606.41,230,1,0.0500
9319,1697764,-61.38,94,0,0.0500
9320,1698037,606.19,273,1,0.0500
9321,1698283,607.09,246,1,0.0500
9322,1698552,606.44,269,1,0.0500
9323,1698639,-59.70,87,0,0.0500
9324,1698735,-61.89,96,0,0.0500
9325,1698973,605.09,238,1,0.0500
9326,1699217,606.59,244,1,0.0500
9327,1699474,606.56,257,1,0.0500
9328,1699716,605.57,242,1,0.0500
9329,1699979,609.44,263,1,0.0500
9330,1700240,606.92,261,1,0.0500
9331,1700346,-60.07,106,0,0.0500
9332,1700587,606.83,241,1,0.0500
9333,1700687,-60.63,100,0,0.0500
9334,1700781,-59.61,94,0,0.0500
9335,1700882,-58.84,101,0,0.0500
9336,1700979,-62.31,97,0,0.0500
9337,1701222,606.04,243,1,0.0500
9338,1701325,-61.01,103,0,0.0500
9339,1701595,607.27,270,1,0.0500
9340,1701855,606.93,260,1,0.0500
9341,1702119,607.31,264,1,0.0500
9342,1702226,-59.79,107,0,0.0500
9343,1702493,609.20,267,1,0.0500
9344,1702728,606.80,235,1,0.0500
9345,1702995,606.24,267,1,0.0500
9346,1703087,-60.13,92,0,0.0500
9347,1703311,606.37,224,1,0.0500
9348,1703409,-62.02,98,0,0.0500
9349,1703678,606.44,269,1,0.0500
9350,1703791,-55.88,113,0,0.0500
9351,1704044,605.94,253,1,0.0500
9352,1704315,607.13,271,1,0.0500
9353,1704584,606.86,269,1,0.0500
9354,1704834,606.32,250,1,0.0500
9355,1705096,607.11,262,1,0.0500
9356,1705197,-60.30,101,0,0.0500
9357,1705442,605.96,245,1,0.0500
9358,1705721,607.00,279,1,0.0500
9359,1705986,606.88,265,1,0.0500
9360,1706238,605.76,252,1,0.0500
9361,1706421,-19.40,183,0,0.0500
9362,1706687,606.14,266,1,0.0500
9363,1706708,-92.00,21,0,0.0500
9364,1706804,-62.30,96,0,0.0500
9365,1707057,606.27,253,1,0.0500
9366,1707312,606.06,255,1,0.0500
9367,1707333,-92.00,21,0,0.0500
9368,1707562,605.48,229,1,0.0500
9369,1707708,-33.19,146,0,0.0500
9370,1707974,610.01,266,1,0.0500
9371,1708244,606.32,270,1,0.0500
9372,1708350,-60.41,106,0,0.0500
9373,1708616,609.31,266,1,0.0500
9374,1708779,-33.55,163,0,0.0500
9375,1709024,606.31,245,1,0.0500
9376,1709280,606.77,256,1,0.0500
9377,1709359,-60.56,79,0,0.0500
9378,1709461,-60.78,102,0,0.0500
9379,1709570,-56.26,109,0,0.0500
9380,1709808,606.44,238,1,0.0500
9381,1709954,-31.92,146,0,0.0500
9382,1710055,-61.93,101,0,0.0500
9383,1710142,-61.01,87,0,0.0500
9384,1710422,609.02,280,1,0.0500
9385,1710525,-55.10,103,0,0.0500
9386,1710800,606.67,275,1,0.0500
9387,1711074,607.00,274,1,0.0500
9388,1711323,606.77,249,1,0.0500
9389,1711571,609.07,248,1,0.0500
9390,1711814,605.74,243,1,0.0500
9391,1711919,-60.06,105,0,0.0500
9392,1712004,-60.78,85,0,0.0500
9393,1712268,605.44,264,1,0.0500
9394,1712534,607.95,266,1,0.0500
9395,1712799,606.68,265,1,0.0500
9396,1713042,606.04,243,1,0.0500
9397,1713135,-61.37,93,0,0.0500
9398,1713156,-92.00,21,0,0.0500
9399,1713432,609.00,276,1,0.0500
9400,1713454,-91.81,22,0,0.0500
9401,1713729,608.15,275,1,0.0500
9402,1713970,605.58,241,1,0.0500
9403,1714056,-60.95,86,0,0.0500
9404,1714227,-33.32,171,0,0.0500
9405,1714505,607.60,278,1,0.0500
9406,1714610,-60.58,105,0,0.0500
9407,1714703,-62.00,93,0,0.0500
9408,1714724,-91.80,21,0,0.0500
9409,1714997,606.82,273,1,0.0500
9410,1715274,608.68,277,1,0.0500
9411,1715526,606.52,252,1,0.0500
9412,1715635,-61.30,109,0,0.0500
9413,1715736,-61.75,101,0,0.0500
9414,1715995,605.69,259,1,0.0500
9415,1716081,-60.53,86,0,0.0500
9416,1716196,-56.06,115,0,0.0500
9417,1716460,605.52,264,1,0.0500
9418,1716483,-91.60,23,0,0.0500
9419,1716746,607.65,263,1,0.0500
9420,1716835,-63.96,89,0,0.0500
9421,1717089,605.97,254,1,0.0500
9422,1717189,-54.07,100,0,0.0500
9423,1717453,606.58,264,1,0.0500
9424,1717708,606.58,255,1,0.0500
9425,1717967,609.80,259,1,0.0500
9426,1718224,607.28,257,1,0.0500
9427,1718315,-61.81,91,0,0.0500
9428,1718412,-63.09,97,0,0.0500
9429,1718669,607.38,257,1,0.0500
9430,1718916,605.95,247,1,0.0500
9431,1719115,-21.74,199,0,0.0500
9432,1719380,606.08,265,1,0.0500
9433,1719472,-59.53,92,0,0.0500
9434,1719493,-91.80,21,0,0.0500
9435,1719645,-33.87,152,0,0.0500
9436,1719886,605.44,241,1,0.0500
9437,1720152,606.16,266,1,0.0500
9438,1720248,-61.62,96,0,0.0500
9439,1720471,606.48,223,1,0.0500
9440,1720558,-61.15,87,0,0.0500
9441,1720806,608.31,248,1,0.0500
9442,1721067,606.73,261,1,0.0500
9443,1721271,-21.38,204,0,0.0500
9444,1721522,606.17,251,1,0.0500
9445,1721613,-61.67,91,0,0.0500
9446,1721634,-92.00,21,0,0.0500
9447,1721745,-59.25,111,0,0.0500
9448,1721831,-60.11,86,0,0.0500
9449,1722103,607.77,272,1,0.0500
9450,1722190,-61.64,87,0,0.0500
9451,1722444,608.26,254,1,0.0500
9452,1722670,606.14,226,1,0.0500
9453,1722691,-91.80,21,0,0.0500
9454,1722796,-60.37,105,0,0.0500
9455,1722895,-53.64,99,0,0.0500
9456,1723146,605.88,251,1,0.0500
9457,1723420,607.63,274,1,0.0500
9458,1723523,-60.94,103,0,0.0500
9459,1723774,606.09,251,1,0.0500
9460,1724037,609.04,263,1,0.0500
9461,1724316,607.58,279,1,0.0500
9462,1724558,606.61,242,1,0.0500
9463,1724711,-34.20,153,0,0.0500
9464,1724978,608.44,267,1,0.0500
9465,1725229,606.71,251,1,0.0500
9466,1725483,608.66,254,1,0.0500
9467,1725571,-59.49,88,0,0.0500
9468,1725815,606.18,244,1,0.0500
9469,1726062,606.98,247,1,0.0500
9470,1726320,608.13,258,1,0.0500
9471,1726342,-91.81,22,0,0.0500
9472,1726578,607.73,236,1,0.0500
9473,1726820,605.85,242,1,0.0500
9474,1727073,606.27,253,1,0.0500
9475,1727334,606.93,261,1,0.0500
9476,1727593,608.52,259,1,0.0500
9477,1727873,608.31,280,1,0.0500
9478,1728111,605.73,238,1,0.0500
9479,1728389,608.02,278,1,0.0500
9480,1728642,606.39,253,1,0.0500
9481,1728891,606.84,249,1,0.0500
9482,1729159,606.45,268,1,0.0500
9483,1729341,-20.42,182,0,0.0500
9484,1729427,-60.95,86,0,0.0500
9485,1729675,606.75,248,1,0.0500
9486,1729790,-59.63,115,0,0.0500
9487,1729884,-62.01,94,0,0.0500
9488,1729936,-78.93,52,0,0.0500
9489,1730043,-60.37,107,0,0.0500
9490,1730159,-56.71,116,0,0.0500
9491,1730342,-20.61,183,0,0.0500
9492,1730597,607.51,255,1,0.0500
9493,1730697,-61.70,100,0,0.0500
9494,1730969,606.65,272,1,0.0500
9495,1731223,606.80,254,1,0.0500
9496,1731332,-56.68,109,0,0.0500
9497,1731590,606.73,258,1,0.0500
9498,1731689,-61.64,99,0,0.0500
9499,1731783,-61.80,94,0,0.0500
9500,1732049,606.65,266,1,0.0500
9501,1732157,-59.95,108,0,0.0500
9502,1732267,-61.69,110,0,0.0500
9503,1732420,-32.31,153,0,0.0500
9504,1732573,-34.73,153,0,0.0500
9505,1732819,606.57,246,1,0.0500
9506,1732917,-61.78,98,0,0.0500
9507,1733017,-62.13,100,0,0.0500
9508,1733123,-60.03,106,0,0.0500
9509,1733367,605.55,244,1,0.0500
9510,1733616,606.54,249,1,0.0500
9511,1733724,-60.54,108,0,0.0500
9512,1733995,607.47,271,1,0.0500
9513,1734236,609.14,241,1,0.0500
9514,1734476,606.21,240,1,0.0500
9515,1734701,605.52,225,1,0.0500
9516,1734864,-33.48,163,0,0.0500
9517,1735136,606.31,272,1,0.0500
9518,1735400,605.63,264,1,0.0500
9519,1735652,606.39,252,1,0.0500
9520,1735834,-20.95,182,0,0.0500
9521,1736108,607.41,274,1,0.0500
9522,1736286,-20.69,178,0,0.0500
9523,1736542,606.26,256,1,0.0500
9524,1736645,-60.64,103,0,0.0500
9525,1736749,-61.52,104,0,0.0500
9526,1736840,-64.09,91,0,0.0500
9527,1737112,606.71,272,1,0.0500
9528,1737371,606.30,259,1,0.0500
9529,1737643,606.43,272,1,0.0500
9530,1737870,606.13,227,1,0.0500
9531,1738140,606.53,270,1,0.0500
9532,1738247,-61.41,107,0,0.0500
9533,1738509,607.02,262,1,0.0500
9534,1738772,605.98,263,1,0.0500
9535,1739037,607.73,265,1,0.0500
9536,1739144,-61.67,107,0,0.0500
9537,1739390,607.51,246,1,0.0500
9538,1739499,-60.28,109,0,0.0500
9539,1739609,-60.50,110,0,0.0500
9540,1739858,607.06,249,1,0.0500
9541,1740117,606.53,259,1,0.0500
9542,1740366,605.68,249,1,0.0500
9543,1740387,-92.00,21,0,0.0500
9544,1740536,-32.50,149,0,0.0500
9545,1740790,606.50,254,1,0.0500
9546,1740937,-33.60,147,0,0.0500
9547,1741038,-61.26,101,0,0.0500
9548,1741078,-85.05,40,0,0.0500
9549,1741309,606.73,231,1,0.0500
9550,1741556,606.64,247,1,0.0500
9551,1741752,-22.66,196,0,0.0500
9552,1742020,606.33,268,1,0.0500
9553,1742267,606.35,247,1,0.0500
9554,1742505,607.39,238,1,0.0500
9555,1742742,606.81,237,1,0.0500
9556,1742997,608.26,255,1,0.0500
9557,1743245,606.03,248,1,0.0500
9558,1743509,608.61,264,1,0.0500
9559,1743774,605.81,265,1,0.0500
9560,1743956,-20.01,182,0,0.0500
9561,1744200,606.27,244,1,0.0500
9562,1744293,-61.37,93,0,0.0500
9563,1744382,-61.18,89,0,0.0500
9564,1744487,-60.44,105,0,0.0500
9565,1744566,-60.78,79,0,0.0500
9566,1744836,607.03,270,1,0.0500
9567,1745115,607.18,279,1,0.0500
9568,1745300,-20.22,185,0,0.0500
9569,1745393,-59.90,93,0,0.0500
9570,1745511,-58.52,118,0,0.0500
9571,1745602,-60.35,91,0,0.0500
9572,1745711,-61.30,109,0,0.0500
9573,1745816,-61.85,105,0,0.0500
9574,1746066,607.37,250,1,0.0500
9575,1746173,-61.61,107,0,0.0500
9576,1746351,-19.43,178,0,0.0500
9577,1746604,606.07,253,1,0.0500
9578,1746853,606.84,249,1,0.0500
9579,1747130,609.02,277,1,0.0500
9580,1747232,-61.94,102,0,0.0500
9581,1747337,-61.12,105,0,0.0500
9582,1747591,608.09,254,1,0.0500
9583,1747858,606.57,267,1,0.0500
9584,1748096,606.86,238,1,0.0500
9585,1748333,607.29,237,1,0.0500
9586,1748426,-61.79,93,0,0.0500
9587,1748532,-61.39,106,0,0.0500
9588,1748776,605.49,244,1,0.0500
9589,1748865,-60.82,89,0,0.0500
9590,1748977,-60.81,112,0,0.0500
9591,1749227,606.26,250,1,0.0500
9592,1749489,608.90,262,1,0.0500
9593,1749598,-59.11,109,0,0.0500
9594,1749855,606.04,257,1,0.0500
9595,1750098,605.53,243,1,0.0500
9596,1750245,-33.53,147,0,0.0500
9597,1750516,606.09,271,1,0.0500
9598,1750540,-92.01,24,0,0.0500
9599,1750797,606.89,257,1,0.0500
9600,1750883,-61.37,86,0,0.0500
9601,1751147,607.87,264,1,0.0500
9602,1751253,-59.71,106,0,0.0500
9603,1751344,-60.98,91,0,0.0500
9604,1751440,-60.34,96,0,0.0500
9605,1751547,-60.86,107,0,0.0500
9606,1751803,607.23,256,1,0.0500
9607,1752057,607.39,254,1,0.0500
9608,1752203,-33.59,146,0,0.0500
9609,1752452,607.26,249,1,0.0500
9610,1752602,-32.61,150,0,0.0500
9611,1752705,-62.43,103,0,0.0500
9612,1752974,607.15,269,1,0.0500
9613,1753236,607.53,262,1,0.0500
9614,1753510,607.89,274,1,0.0500
9615,1753758,606.01,248,1,0.0500
9616,1754016,607.61,258,1,0.0500
9617,1754285,607.16,269,1,0.0500
9618,1754554,606.24,269,1,0.0500
9619,1754809,607.73,255,1,0.0500
9620,1755067,607.60,258,1,0.0500
9621,1755263,-20.97,196,0,0.0500
9622,1755518,606.81,255,1,0.0500
9623,1755621,-60.16,103,0,0.0500
9624,1755878,605.94,257,1,0.0500
9625,1755984,-62.31,106,0,0.0500
9626,1756236,606.81,252,1,0.0500
9627,1756512,607.31,276,1,0.0500
9628,1756626,-59.83,114,0,0.0500
9629,1756878,607.23,252,1,0.0500
9630,1757022,-34.86,144,0,0.0500
9631,1757200,-21.33,178,0,0.0500
9632,1757470,606.85,270,1,0.0500
9633,1757652,-20.32,182,0,0.0500
9634,1757747,-61.17,95,0,0.0500
9635,1758008,607.04,261,1,0.0500
9636,1758101,-61.37,93,0,0.0500
9637,1758376,607.66,275,1,0.0500
9638,1758521,-35.46,145,0,0.0500
9639,1758785,607.96,264,1,0.0500
9640,1759037,606.91,252,1,0.0500
9641,1759143,-60.48,106,0,0.0500
9642,1759398,607.84,255,1,0.0500
9643,1759494,-61.62,96,0,0.0500
9644,1759579,-59.05,85,0,0.0500
9645,1759676,-61.55,97,0,0.0500
9646,1759766,-60.91,90,0,0.0500
9647,1759870,-61.20,104,0,0.0500
9648,1760139,607.08,269,1,0.0500
9649,1760389,606.72,250,1,0.0500
9650,1760621,606.29,232,1,0.0500
9651,1760705,-60.77,84,0,0.0500
9652,1760980,607.73,275,1,0.0500
9653,1761260,608.32,280,1,0.0500
9654,1761509,606.49,249,1,0.0500
9655,1761617,-56.67,108,0,0.0500
9656,1761675,-80.07,58,0,0.0500
9657,1761922,606.14,247,1,0.0500
9658,1762196,607.63,274,1,0.0500
9659,1762298,-61.83,102,0,0.0500
9660,1762403,-61.44,105,0,0.0500
9661,1762494,-61.81,91,0,0.0500
9662,1762645,-32.10,151,0,0.0500
9663,1762752,-61.28,107,0,0.0500
9664,1762998,606.99,246,1,0.0500
9665,1763244,607.09,246,1,0.0500
9666,1763486,605.65,242,1,0.0500
9667,1763575,-59.50,89,0,0.0500
9668,1763683,-61.59,108,0,0.0500
9669,1763800,-61.16,117,0,0.0500
9670,1763954,-32.53,154,0,0.0500
9671,1764206,607.61,252,1,0.0500
9672,1764464,606.34,258,1,0.0500
9673,1764738,607.25,274,1,0.0500
9674,1764993,607.30,255,1,0.0500
9675,1765102,-59.43,109,0,0.0500
9676,1765206,-62.27,104,0,0.0500
9677,1765300,-61.95,94,0,0.0500
9678,1765410,-61.25,110,0,0.0500
9679,1765674,606.07,264,1,0.0500
9680,1765931,606.86,257,1,0.0500
9681,1766195,608.89,264,1,0.0500
9682,1766292,-62.09,97,0,0.0500
9683,1766545,607.72,253,1,0.0500
9684,1766729,-20.14,184,0,0.0500
9685,1766991,607.55,262,1,0.0500
9686,1767263,607.03,272,1,0.0500
9687,1767356,-61.79,93,0,0.0500
9688,1767601,605.51,245,1,0.0500
9689,1767841,607.58,240,1,0.0500
9690,1768088,606.54,247,1,0.0500
9691,1768321,606.70,233,1,0.0500
9692,1768580,608.18,259,1,0.0500
9693,1768686,-61.34,106,0,0.0500
9694,1768934,606.35,248,1,0.0500
9695,1769167,607.23,233,1,0.0500
9696,1769426,606.35,259,1,0.0500
9697,1769519,-61.05,93,0,0.0500
9698,1769627,-61.71,108,0,0.0500
9699,1769884,607.18,257,1,0.0500
9700,1769998,-59.15,114,0,0.0500
9701,1770251,607.32,253,1,0.0500
9702,1770357,-59.89,106,0,0.0500
9703,1770441,-61.49,84,0,0.0500
9704,1770692,606.51,251,1,0.0500
9705,1770797,-61.54,105,0,0.0500
9706,1771071,607.73,274,1,0.0500
9707,1771316,606.39,245,1,0.0500
9708,1771368,-79.77,52,0,0.0500
9709,1771622,606.17,254,1,0.0500
9710,1771866,607.22,244,1,0.0500
9711,1772118,605.25,252,1,0.0500
9712,1772390,608.61,272,1,0.0500
9713,1772496,-60.91,106,0,0.0500
9714,1772748,606.09,252,1,0.0500
9715,1772840,-58.59,92,0,0.0500
9716,1773091,606.72,251,1,0.0500
9717,1773188,-60.22,97,0,0.0500
9718,1773341,-32.10,153,0,0.0500
9719,1773598,608.33,257,1,0.0500
9720,1773845,606.44,247,1,0.0500
9721,1774102,606.70,257,1,0.0500
9722,1774200,-60.81,98,0,0.0500
9723,1774473,607.67,273,1,0.0500
9724,1774560,-61.48,87,0,0.0500
9725,1774665,-61.05,105,0,0.0500
9726,1774912,606.66,247,1,0.0500
9727,1774964,-79.99,52,0,0.0500
9728,1775039,-63.68,75,0,0.0500
9729,1775312,606.70,273,1,0.0500
9730,1775485,-21.37,173,0,0.0500
9731,1775576,-61.66,91,0,0.0500
9732,1775680,-61.39,104,0,0.0500
9733,1775932,607.15,252,1,0.0500
9734,1776162,606.10,230,1,0.0500
9735,1776183,-91.80,21,0,0.0500
9736,1776233,-79.55,50,0,0.0500
9737,1776341,-61.66,108,0,0.0500
9738,1776447,-62.00,106,0,0.0500
9739,1776532,-59.58,85,0,0.0500
9740,1776802,606.89,270,1,0.0500
9741,1777024,605.65,222,1,0.0500
9742,1777274,605.60,250,1,0.0500
9743,1777374,-61.49,100,0,0.0500
9744,1777635,606.40,261,1,0.0500
9745,1777875,605.79,240,1,0.0500
9746,1777964,-60.56,89,0,0.0500
9747,1778229,608.35,265,1,0.0500
9748,1778486,606.36,257,1,0.0500
9749,1778734,606.47,248,1,0.0500
9750,1778846,-60.91,112,0,0.0500
9751,1779024,-20.89,178,0,0.0500
9752,1779112,-61.17,88,0,0.0500
9753,1779404,610.09,292,1,0.0500
9754,1779670,607.73,266,1,0.0500
9755,1779775,-61.04,105,0,0.0500
9756,1779862,-60.64,87,0,0.0500
9757,1779973,-61.32,111,0,0.0500
9758,1780220,605.81,247,1,0.0500
9759,1780463,605.65,243,1,0.0500
9760,1780723,607.67,260,1,0.0500
9761,1780820,-62.39,97,0,0.0500
9762,1781058,605.40,238,1,0.0500
9763,1781164,-61.49,106,0,0.0500
9764,1781185,-92.00,21,0,0.0500
9765,1781445,606.01,260,1,0.0500
9766,1781728,608.16,283,1,0.0500
9767,1781987,606.76,259,1,0.0500
9768,1782220,607.12,233,1,0.0500
9769,1782364,-34.19,144,0,0.0500
9770,1782624,606.76,260,1,0.0500
9771,1782736,-62.31,112,0,0.0500
9772,1782992,606.44,256,1,0.0500
9773,1783171,-20.89,179,0,0.0500
9774,1783423,606.61,252,1,0.0500
9775,1783668,606.08,245,1,0.0500
9776,1783916,606.58,248,1,0.0500
9777,1784004,-60.33,88,0,0.0500
9778,1784258,607.01,254,1,0.0500
9779,1784496,607.17,238,1,0.0500
9780,1784751,608.16,255,1,0.0500
9781,1784933,-21.42,182,0,0.0500
9782,1785045,-59.65,112,0,0.0500
9783,1785149,-61.77,104,0,0.0500
9784,1785411,607.23,262,1,0.0500
9785,1785666,607.21,255,1,0.0500
9786,1785925,606.95,259,1,0.0500
9787,1786035,-60.05,110,0,0.0500
9788,1786144,-60.39,109,0,0.0500
9789,1786252,-61.44,108,0,0.0500
9790,1786363,-62.01,111,0,0.0500
9791,1786476,-60.70,113,0,0.0500
9792,1786586,-60.43,110,0,0.0500
9793,1786829,605.77,243,1,0.0500
9794,1786936,-62.08,107,0,0.0500
9795,1787169,606.91,233,1,0.0500
9796,1787277,-60.82,108,0,0.0500
9797,1787547,607.67,270,1,0.0500
9798,1787780,605.86,233,1,0.0500
9799,1788023,606.17,243,1,0.0500
9800,1788255,606.92,232,1,0.0500
9801,1788363,-62.13,108,0,0.0500
9802,1788613,608.64,250,1,0.0500
9803,1788703,-59.93,90,0,0.0500
9804,1788815,-60.43,112,0,0.0500
9805,1788941,-59.25,126,0,0.0500
9806,1789191,606.75,250,1,0.0500
9807,1789451,607.99,260,1,0.0500
9808,1789541,-61.45,90,0,0.0500
9809,1789660,-58.75,119,0,0.0500
9810,1789914,606.60,254,1,0.0500
9811,1790168,606.68,254,1,0.0500
9812,1790278,-61.14,110,0,0.0500
9813,1790535,608.12,257,1,0.0500
9814,1790795,607.57,260,1,0.0500
9815,1791059,606.91,264,1,0.0500
9816,1791210,-33.00,151,0,0.0500
9817,1791327,-59.58,117,0,0.0500
9818,1791439,-60.81,112,0,0.0500
9819,1791687,606.22,248,1,0.0500
9820,1791945,606.03,258,1,0.0500
9821,1792049,-59.14,104,0,0.0500
9822,1792325,609.63,276,1,0.0500
9823,1792378,-79.58,53,0,0.0500
9824,1792626,606.85,248,1,0.0500
9825,1792881,607.24,255,1,0.0500
9826,1793128,606.75,247,1,0.0500
9827,1793389,606.61,261,1,0.0500
9828,1793649,608.84,260,1,0.0500
9829,1793747,-54.44,98,0,0.0500
9830,1793855,-58.77,108,0,0.0500
9831,1794120,607.62,265,1,0.0500
9832,1794198,-63.07,78,0,0.0500
9833,1794303,-60.30,105,0,0.0500
9834,1794536,607.54,233,1,0.0500
9835,1794797,607.81,261,1,0.0500
9836,1794946,-32.77,149,0,0.0500
9837,1795054,-61.70,108,0,0.0500
9838,1795315,607.73,261,1,0.0500
9839,1795460,-35.70,145,0,0.0500
9840,1795740,606.42,280,1,0.0500
9841,1795994,606.16,254,1,0.0500
9842,1796233,604.97,239,1,0.0500
9843,1796482,607.38,249,1,0.0500
9844,1796743,606.94,261,1,0.0500
9845,1796997,605.55,254,1,0.0500
9846,1797104,-61.25,107,0,0.0500
9847,1797354,606.12,250,1,0.0500
9848,1797455,-63.07,101,0,0.0500
9849,1797682,605.71,227,1,0.0500
9850,1797928,606.14,246,1,0.0500
9851,1798064,-54.51,136,0,0.0500
9852,1798205,-36.06,141,0,0.0500
9853,1798293,-59.11,88,0,0.0500
9854,1798345,-79.35,52,0,0.0500
9855,1798599,606.15,254,1,0.0500
9856,1798854,606.47,255,1,0.0500
9857,1799009,-31.92,155,0,0.0500
9858,1799257,606.32,248,1,0.0500
9859,1799540,610.37,283,1,0.0500
9860,1799792,606.29,252,1,0.0500
9861,1799897,-60.66,105,0,0.0500
9862,1800137,606.84,240,1,0.0500
9863,1800393,607.50,256,1,0.0500
9864,1800509,-56.31,116,0,0.0500
9865,1800657,-34.87,148,0,0.0500
9866,1800757,-62.03,100,0,0.0500
9867,1800848,-60.92,91,0,0.0500
9868,1800937,-60.34,89,0,0.0500
9869,1800959,-91.95,22,0,0.0500
9870,1801214,607.72,255,1,0.0500
9871,1801448,607.11,234,1,0.0500
9872,1801635,-21.42,187,0,0.0500
9873,1801894,608.45,259,1,0.0500
9874,1802154,606.09,260,1,0.0500
9875,1802413,607.17,259,1,0.0500
9876,1802522,-61.63,109,0,0.0500
9877,1802768,608.04,246,1,0.0500
9878,1802790,-91.81,22,0,0.0500
9879,1802940,-32.37,150,0,0.0500
9880,1803200,606.54,260,1,0.0500
9881,1803312,-61.22,112,0,0.0500
9882,1803572,608.85,260,1,0.0500
9883,1803713,-36.48,141,0,0.0500
9884,1803824,-60.92,111,0,0.0500
9885,1804026,-22.31,202,0,0.0500
9886,1804203,-20.40,177,0,0.0500
9887,1804315,-62.72,112,0,0.0500
9888,1804568,607.44,253,1,0.0500
9889,1804811,606.08,243,1,0.0500
9890,1805069,605.47,258,1,0.0500
9891,1805090,-91.80,21,0,0.0500
9892,1805142,-78.93,52,0,0.0500
9893,1805224,-61.11,82,0,0.0500
9894,1805310,-61.37,86,0,0.0500
9895,1805561,606.08,251,1,0.0500
9896,1805825,606.91,264,1,0.0500
9897,1805931,-61.02,106,0,0.0500
9898,1806021,-59.93,90,0,0.0500
9899,1806131,-61.34,110,0,0.0500
9900,1806392,607.36,261,1,0.0500
9901,1806538,-34.24,146,0,0.0500
9902,1806783,606.56,245,1,0.0500
9903,1807017,606.37,234,1,0.0500
9904,1807113,-60.90,96,0,0.0500
9905,1807355,606.85,242,1,0.0500
9906,1807592,606.24,237,1,0.0500
9907,1807848,608.15,256,1,0.0500
9908,1808096,606.52,248,1,0.0500
9909,1808346,605.89,250,1,0.0500
9910,1808398,-79.35,52,0,0.0500
9911,1808647,606.97,249,1,0.0500
9912,1808906,606.75,259,1,0.0500
9913,1809017,-61.69,111,0,0.0500
9914,1809118,-62.57,101,0,0.0500
9915,1809169,-79.76,51,0,0.0500
9916,1809259,-60.56,90,0,0.0500
9917,1809366,-61.21,107,0,0.0500
9918,1809622,606.45,256,1,0.0500
9919,1809765,-35.44,143,0,0.0500
9920,1809852,-60.22,87,0,0.0500
9921,1809957,-61.45,105,0,0.0500
9922,1810068,-60.87,111,0,0.0500
9923,1810173,-61.54,105,0,0.0500
9924,1810281,-61.06,108,0,0.0500
9925,1810302,-91.80,21,0,0.0500
9926,1810388,-60.95,86,0,0.0500
9927,1810652,607.01,264,1,0.0500
9928,1810881,606.11,229,1,0.0500
9929,1811131,605.57,250,1,0.0500
9930,1811222,-60.78,91,0,0.0500
9931,1811475,607.65,253,1,0.0500
9932,1811584,-60.52,109,0,0.0500
9933,1811829,606.36,245,1,0.0500
9934,1812073,606.05,244,1,0.0500
9935,1812304,606.09,231,1,0.0500
9936,1812417,-61.33,113,0,0.0500
9937,1812526,-61.52,109,0,0.0500
9938,1812769,605.84,243,1,0.0500
9939,1812873,-62.23,104,0,0.0500
9940,1812961,-61.17,88,0,0.0500
9941,1813225,608.07,264,1,0.0500
9942,1813329,-61.48,104,0,0.0500
9943,1813580,606.28,251,1,0.0500
9944,1813688,-60.98,108,0,0.0500
9945,1813798,-60.98,110,0,0.0500
9946,1814044,606.85,246,1,0.0500
9947,1814140,-60.73,96,0,0.0500
9948,1814391,607.98,251,1,0.0500
9949,1814631,607.48,240,1,0.0500
9950,1814900,608.92,269,1,0.0500
9951,1815189,611.14,289,1,0.0500
9952,1815283,-60.58,94,0,0.0500
9953,1815523,607.60,240,1,0.0500
9954,1815772,605.69,249,1,0.0500
9955,1816029,607.16,257,1,0.0500
9956,1816280,607.02,251,1,0.0500
9957,1816535,606.48,255,1,0.0500
9958,1816811,608.77,276,1,0.0500
9959,1816896,-61.30,85,0,0.0500
9960,1817049,-32.00,153,0,0.0500
9961,1817155,-62.03,106,0,0.0500
9962,1817345,-21.12,190,0,0.0500
9963,1817609,608.16,264,1,0.0500
9964,1817695,-61.15,86,0,0.0500
9965,1817838,-36.08,143,0,0.0500
9966,1817947,-60.88,109,0,0.0500
9967,1818033,-60.11,86,0,0.0500
9968,1818287,607.22,254,1,0.0500
9969,1818548,607.35,261,1,0.0500
9970,1818816,607.92,268,1,0.0500
9971,1818908,-60.94,92,0,0.0500
9972,1819165,607.28,257,1,0.0500
9973,1819428,608.20,263,1,0.0500
9974,1819689,607.57,261,1,0.0500
9975,1819776,-61.43,87,0,0.0500
9976,1819832,-80.54,56,0,0.0500
9977,1820085,606.06,253,1,0.0500
9978,1820334,606.01,249,1,0.0500
9979,1820390,-78.35,56,0,0.0500
9980,1820481,-61.13,91,0,0.0500
9981,1820725,605.97,244,1,0.0500
9982,1820866,-36.48,141,0,0.0500
9983,1821126,606.75,260,1,0.0500
9984,1821178,-80.41,52,0,0.0500
9985,1821265,-60.64,87,0,0.0500
9986,1821509,605.85,244,1,0.0500
9987,1821759,607.88,250,1,0.0500
9988,1822030,607.78,271,1,0.0500
9989,1822112,-63.97,82,0,0.0500
9990,1822294,-20.00,182,0,0.0500
9991,1822384,-60.45,90,0,0.0500
9992,1822531,-32.96,147,0,0.0500
9993,1822803,606.83,272,1,0.0500
9994,1822908,-61.65,105,0,0.0500
9995,1823145,606.78,237,1,0.0500
9996,1823195,-79.76,50,0,0.0500
9997,1823462,608.46,267,1,0.0500
9998,1823696,606.69,234,1,0.0500
9999,1823951,607.62,255,1,0.0500
10000,1824055,-62.42,104,0,0.0500
10001,1824335,608.10,280,1,0.0500
10002,1824590,607.20,255,1,0.0500
10003,1824696,-61.06,106,0,0.0500
10004,1824958,607.98,262,1,0.0500
10005,1824998,-84.85,40,0,0.0500
10006,1825260,607.98,262,1,0.0500
10007,1825300,-84.85,40,0,0.0500
10008,1825341,-85.05,41,0,0.0500
10009,1825446,-60.49,105,0,0.0500
10010,1825534,-60.65,88,0,0.0500
10011,1825627,-60.21,93,0,0.0500
10012,1825900,607.20,273,1,0.0500
10013,1825992,-58.81,92,0,0.0500
10014,1826137,-36.10,145,0,0.0500
10015,1826246,-62.14,109,0,0.0500
10016,1826494,606.63,248,1,0.0500
10017,1826748,605.75,254,1,0.0500
10018,1827006,607.51,258,1,0.0500
10019,1827266,608.84,260,1,0.0500
10020,1827525,606.46,259,1,0.0500
10021,1827778,607.07,253,1,0.0500
10022,1828033,607.81,255,1,0.0500
10023,1828292,607.38,259,1,0.0500
10024,1828539,607.48,247,1,0.0500
10025,1828793,605.75,254,1,0.0500
10026,1829054,607.77,261,1,0.0500
10027,1829332,607.69,278,1,0.0500
10028,1829573,605.37,241,1,0.0500
10029,1829664,-60.36,91,0,0.0500
10030,1829716,-78.93,52,0,0.0500
10031,1829967,607.28,251,1,0.0500
10032,1830074,-62.39,107,0,0.0500
10033,1830115,-84.86,41,0,0.0500
10034,1830218,-60.50,103,0,0.0500
10035,1830492,606.90,274,1,0.0500
10036,1830647,-32.53,155,0,0.0500
10037,1830888,605.78,241,1,0.0500
10038,1831069,-20.08,181,0,0.0500
10039,1831274,-27.66,205,0,0.0500
10040,1831381,-61.70,107,0,0.0500
10041,1831660,609.30,279,1,0.0500
10042,1831764,-61.10,104,0,0.0500
10043,1831999,605.84,235,1,0.0500
10044,1832111,-60.00,112,0,0.0500
10045,1832353,605.65,242,1,0.0500
10046,1832621,607.54,268,1,0.0500
10047,1832671,-79.33,50,0,0.0500
10048,1832765,-54.63,94,0,0.0500
10049,1833023,605.93,258,1,0.0500
10050,1833258,608.25,235,1,0.0500
10051,1833503,605.84,245,1,0.0500
10052,1833744,605.04,241,1,0.0500
10053,1833862,-61.15,118,0,0.0500
10054,1833912,-80.18,50,0,0.0500
10055,1834171,608.03,259,1,0.0500
10056,1834259,-60.75,88,0,0.0500
10057,1834368,-62.55,109,0,0.0500
10058,1834619,606.50,251,1,0.0500
10059,1834760,-36.48,141,0,0.0500
10060,1835007,606.97,247,1,0.0500
10061,1835091,-60.77,84,0,0.0500
10062,1835343,606.61,252,1,0.0500
10063,1835597,605.54,254,1,0.0500
10064,1835699,-62.46,102,0,0.0500
10065,1835945,606.25,246,1,0.0500
10066,1836098,-32.76,153,0,0.0500
10067,1836205,-61.05,107,0,0.0500
10068,1836309,-61.85,104,0,0.0500
10069,1836331,-92.00,22,0,0.0500
10070,1836593,606.71,262,1,0.0500
10071,1836646,-79.85,53,0,0.0500
10072,1836900,607.03,254,1,0.0500
10073,1836991,-61.13,91,0,0.0500
10074,1837043,-79.15,52,0,0.0500
10075,1837288,605.64,245,1,0.0500
10076,1837377,-60.60,89,0,0.0500
10077,1837646,608.97,269,1,0.0500
10078,1837899,608.72,253,1,0.0500
10079,1838174,608.35,275,1,0.0500
10080,1838439,607.96,265,1,0.0500
10081,1838682,606.60,243,1,0.0500
10082,1838939,607.79,257,1,0.0500
10083,1839042,-62.28,103,0,0.0500
10084,1839063,-91.80,21,0,0.0500
10085,1839149,-60.95,86,0,0.0500
10086,1839389,605.80,240,1,0.0500
10087,1839667,607.44,278,1,0.0500
10088,1839757,-61.40,90,0,0.0500
10089,1839846,-60.34,89,0,0.0500
10090,1840119,606.70,273,1,0.0500
10091,1840372,607.66,253,1,0.0500
10092,1840656,608.25,284,1,0.0500
10093,1840767,-60.62,111,0,0.0500
10094,1840880,-62.05,113,0,0.0500
10095,1840932,-78.93,52,0,0.0500
10096,1841036,-62.19,104,0,0.0500
10097,1841122,-62.75,86,0,0.0500
10098,1841306,-21.24,184,0,0.0500
10099,1841554,605.24,248,1,0.0500
10100,1841657,-61.85,103,0,0.0500
10101,1841898,605.22,241,1,0.0500
10102,1842152,606.27,254,1,0.0500
10103,1842397,606.24,245,1,0.0500
10104,1842500,-57.33,103,0,0.0500
10105,1842595,-61.75,95,0,0.0500
10106,1842834,605.27,239,1,0.0500
10107,1843109,607.64,275,1,0.0500
10108,1843218,-60.88,109,0,0.0500
10109,1843470,606.12,252,1,0.0500
10110,1843729,606.96,259,1,0.0500
10111,1843833,-61.93,104,0,0.0500
10112,1844062,606.11,229,1,0.0500
10113,1844299,608.25,237,1,0.0500
10114,1844552,606.21,253,1,0.0500
10115,1844637,-59.05,85,0,0.0500
10116,1844745,-62.38,108,0,0.0500
10117,1844926,-20.20,181,0,0.0500
10118,1845187,608.02,261,1,0.0500
10119,1845467,608.55,280,1,0.0500
10120,1845654,-20.99,187,0,0.0500
10121,1845735,-64.26,81,0,0.0500
10122,1845986,606.83,251,1,0.0500
10123,1846089,-61.37,103,0,0.0500
10124,1846359,606.31,270,1,0.0500
10125,1846466,-61.25,107,0,0.0500
10126,1846662,-22.45,196,0,0.0500
10127,1846715,-79.72,53,0,0.0500
10128,1846971,607.02,256,1,0.0500
10129,1847148,-32.34,177,0,0.0500
10130,1847236,-59.91,88,0,0.0500
10131,1847344,-60.33,108,0,0.0500
10132,1847624,608.74,280,1,0.0500
10133,1847728,-62.27,104,0,0.0500
10134,1847877,-32.36,149,0,0.0500
10135,1848131,605.54,254,1,0.0500
10136,1848236,-61.65,105,0,0.0500
10137,1848329,-61.79,93,0,0.0500
10138,1848350,-91.80,21,0,0.0500
10139,1848455,-62.00,105,0,0.0500
10140,1848716,607.15,261,1,0.0500
10141,1848862,-34.77,146,0,0.0500
10142,1849097,605.42,235,1,0.0500
10143,1849356,606.02,259,1,0.0500
10144,1849616,606.65,260,1,0.0500
10145,1849873,606.56,257,1,0.0500
10146,1850026,-32.03,153,0,0.0500
10147,1850200,-33.45,174,0,0.0500
10148,1850448,606.02,248,1,0.0500
10149,1850469,-92.00,21,0,0.0500
10150,1850555,-60.89,86,0,0.0500
10151,1850821,607.62,266,1,0.0500
10152,1851094,606.13,273,1,0.0500
10153,1851294,-22.69,200,0,0.0500
10154,1851315,-91.80,21,0,0.0500
10155,1851336,-91.80,21,0,0.0500
10156,1851615,608.23,279,1,0.0500
10157,1851704,-61.18,89,0,0.0500
10158,1851755,-80.18,51,0,0.0500
10159,1852011,606.56,256,1,0.0500
10160,1852064,-78.74,53,0,0.0500
10161,1852085,-91.80,21,0,0.0500
10162,1852321,606.15,236,1,0.0500
10163,1852562,606.20,241,1,0.0500
10164,1852665,-62.19,103,0,0.0500
10165,1852908,605.53,243,1,0.0500
10166,1853167,606.97,259,1,0.0500
10167,1853218,-80.18,51,0,0.0500
10168,1853329,-60.48,111,0,0.0500
10169,1853621,610.21,292,1,0.0500
10170,1853708,-62.06,87,0,0.0500
10171,1853818,-61.40,110,0,0.0500
10172,1853839,-91.80,21,0,0.0500
10173,1854017,-20.70,178,0,0.0500
10174,1854171,-33.49,154,0,0.0500
10175,1854404,605.54,233,1,0.0500
10176,1854667,608.41,263,1,0.0500
10177,1854896,607.47,229,1,0.0500
10178,1855177,607.76,281,1,0.0500
10179,1855413,606.78,236,1,0.0500
10180,1855655,605.23,242,1,0.0500
10181,1855753,-61.22,98,0,0.0500
10182,1856008,607.83,255,1,0.0500
10183,1856239,607.04,231,1,0.0500
10184,1856499,606.51,260,1,0.0500
10185,1856608,-62.14,109,0,0.0500
10186,1856862,606.39,254,1,0.0500
10187,1856968,-60.78,106,0,0.0500
10188,1857062,-61.74,94,0,0.0500
10189,1857313,607.66,251,1,0.0500
10190,1857405,-61.28,92,0,0.0500
10191,1857515,-61.73,110,0,0.0500
10192,1857790,606.80,275,1,0.0500
10193,1857941,-32.82,151,0,0.0500
10194,1858180,606.85,239,1,0.0500
10195,1858275,-61.44,95,0,0.0500
10196,1858530,607.62,255,1,0.0500
10197,1858801,607.26,271,1,0.0500
10198,1859031,606.10,230,1,0.0500
10199,1859290,606.22,259,1,0.0500
10200,1859542,606.30,252,1,0.0500
10201,1859563,-91.80,21,0,0.0500
10202,1859676,-60.08,113,0,0.0500
10203,1859949,606.82,273,1,0.0500
10204,1860044,-62.02,95,0,0.0500
10205,1860287,606.16,243,1,0.0500
10206,1860378,-60.15,91,0,0.0500
10207,1860474,-62.04,96,0,0.0500
10208,1860728,605.75,254,1,0.0500
10209,1860973,606.92,245,1,0.0500
10210,1861062,-59.74,89,0,0.0500
10211,1861163,-62.04,101,0,0.0500
10212,1861273,-60.21,110,0,0.0500
10213,1861543,606.52,270,1,0.0500
10214,1861650,-61.87,107,0,0.0500
10215,1861882,606.60,232,1,0.0500
10216,1861992,-61.89,110,0,0.0500
10217,1862249,606.76,257,1,0.0500
10218,1862355,-62.63,106,0,0.0500
10219,1862625,606.91,270,1,0.0500
10220,1862869,608.69,244,1,0.0500
10221,1863127,608.01,258,1,0.0500
10222,1863236,-60.88,109,0,0.0500
10223,1863500,607.53,264,1,0.0500
10224,1863759,607.68,259,1,0.0500
10225,1863791,-84.45,32,0,0.0500
10226,1864047,608.24,256,1,0.0500
10227,1864139,-61.40,92,0,0.0500
10228,1864232,-61.37,93,0,0.0500
10229,1864499,608.05,267,1,0.0500
10230,1864550,-79.34,51,0,0.0500
10231,1864808,607.70,258,1,0.0500
10232,1864841,-84.46,33,0,0.0500
10233,1864940,-61.74,99,0,0.0500
10234,1865145,-22.03,205,0,0.0500
10235,1865401,607.32,256,1,0.0500
10236,1865550,-34.16,149,0,0.0500
10237,1865727,-20.87,177,0,0.0500
10238,1865829,-62.59,102,0,0.0500
10239,1865924,-62.17,95,0,0.0500
10240,1866031,-61.05,107,0,0.0500
10241,1866254,606.48,223,1,0.0500
10242,1866529,607.10,275,1,0.0500
10243,1866550,-91.80,21,0,0.0500
10244,1866814,607.54,264,1,0.0500
10245,1867075,606.94,261,1,0.0500
10246,1867219,-35.37,144,0,0.0500
10247,1867491,610.21,272,1,0.0500
10248,1867722,607.03,231,1,0.0500
10249,1867811,-61.13,89,0,0.0500
10250,1867832,-91.80,21,0,0.0500
10251,1867853,-91.80,21,0,0.0500
10252,1867961,-62.55,108,0,0.0500
10253,1868225,606.48,264,1,0.0500
10254,1868489,606.71,264,1,0.0500
10255,1868574,-59.58,85,0,0.0500
10256,1868853,608.05,279,1,0.0500
10257,1869130,607.92,277,1,0.0500
10258,1869225,-62.17,95,0,0.0500
10259,1869497,606.91,272,1,0.0500
10260,1869595,-62.05,98,0,0.0500
10261,1869871,607.02,276,1,0.0500
10262,1869980,-61.72,109,0,0.0500
10263,1870087,-62.76,107,0,0.0500
10264,1870193,-62.57,106,0,0.0500
10265,1870463,606.41,270,1,0.0500
10266,1870736,605.77,273,1,0.0500
10267,1871011,607.32,275,1,0.0500
10268,1871275,607.96,264,1,0.0500
10269,1871382,-62.55,107,0,0.0500
10270,1871403,-91.80,21,0,0.0500
10271,1871424,-91.80,21,0,0.0500
10272,1871506,-59.97,82,0,0.0500
10273,1871558,-79.57,52,0,0.0500
10274,1871653,-61.75,95,0,0.0500
10275,1871751,-62.44,98,0,0.0500
10276,1872028,607.92,277,1,0.0500
10277,1872300,606.37,272,1,0.0500
10278,1872409,-61.06,109,0,0.0500
10279,1872652,607.14,243,1,0.0500
10280,1872755,-62.27,103,0,0.0500
10281,1872844,-60.98,89,0,0.0500
10282,1872865,-91.80,21,0,0.0500
10283,1873111,607.71,246,1,0.0500
10284,1873350,606.32,239,1,0.0500
10285,1873501,-32.41,151,0,0.0500
10286,1873745,607.31,244,1,0.0500
10287,1873849,-62.20,104,0,0.0500
10288,1873952,-62.25,103,0,0.0500
10289,1874061,-62.55,109,0,0.0500
10290,1874311,605.88,250,1,0.0500
10291,1874567,607.29,256,1,0.0500
10292,1874674,-61.68,107,0,0.0500
10293,1874782,-61.71,108,0,0.0500
10294,1874803,-91.80,21,0,0.0500
10295,1875050,607.53,247,1,0.0500
10296,1875236,-19.62,186,0,0.0500
10297,1875343,-62.54,107,0,0.0500
10298,1875598,606.15,255,1,0.0500
10299,1875862,606.78,264,1,0.0500
10300,1876140,607.81,278,1,0.0500
10301,1876409,607.91,269,1,0.0500
10302,1876657,605.33,248,1,0.0500
10303,1876742,-58.41,85,0,0.0500
10304,1876837,-61.75,95,0,0.0500
10305,1876944,-61.94,107,0,0.0500
10306,1877038,-61.74,94,0,0.0500
10307,1877287,606.55,249,1,0.0500
10308,1877560,606.72,273,1,0.0500
10309,1877817,607.58,257,1,0.0500
10310,1877838,-91.80,21,0,0.0500
10311,1877861,-91.60,23,0,0.0500
10312,1878096,607.63,235,1,0.0500
10313,1878117,-91.80,21,0,0.0500
10314,1878368,608.29,251,1,0.0500
10315,1878473,-62.06,105,0,0.0500
10316,1878730,606.89,257,1,0.0500
10317,1878821,-61.31,91,0,0.0500
10318,1878909,-60.33,88,0,0.0500
10319,1879154,606.89,245,1,0.0500
10320,1879333,-20.49,179,0,0.0500
10321,1879438,-61.45,105,0,0.0500
10322,1879692,605.96,254,1,0.0500
10323,1879780,-60.96,88,0,0.0500
10324,1880037,606.55,257,1,0.0500
10325,1880215,-21.08,178,0,0.0500
10326,1880477,605.97,262,1,0.0500
10327,1880730,607.29,253,1,0.0500
10328,1880914,-21.60,184,0,0.0500
10329,1881013,-61.70,99,0,0.0500
10330,1881268,607.84,255,1,0.0500
10331,1881449,-20.31,181,0,0.0500
10332,1881721,606.14,272,1,0.0500
10333,1881970,607.48,249,1,0.0500
10334,1882206,606.56,236,1,0.0500
10335,1882388,-22.10,182,0,0.0500
10336,1882623,606.80,235,1,0.0500
10337,1882802,-20.40,179,0,0.0500
10338,1883078,606.80,276,1,0.0500
10339,1883312,607.54,234,1,0.0500
10340,1883559,606.87,247,1,0.0500
10341,1883831,607.15,272,1,0.0500
10342,1884010,-20.48,179,0,0.0500
10343,1884254,606.80,244,1,0.0500
10344,1884514,607.33,260,1,0.0500
10345,1884747,606.38,233,1,0.0500
10346,1885001,606.25,254,1,0.0500
10347,1885249,606.52,248,1,0.0500
10348,1885355,-62.33,106,0,0.0500
10349,1885397,-85.20,42,0,0.0500
10350,1885643,605.61,246,1,0.0500
10351,1885749,-61.46,106,0,0.0500
10352,1886005,605.84,256,1,0.0500
10353,1886251,606.46,246,1,0.0500
10354,1886508,607.04,257,1,0.0500
10355,1886530,-91.95,22,0,0.0500
10356,1886800,606.01,270,1,0.0500
10357,1886911,-61.96,111,0,0.0500
10358,1887059,-33.19,148,0,0.0500
10359,1887333,606.90,274,1,0.0500
10360,1887582,607.80,249,1,0.0500
10361,1887634,-78.93,52,0,0.0500
10362,1887873,606.32,239,1,0.0500
10363,1888131,607.39,258,1,0.0500
10364,1888393,609.33,262,1,0.0500
10365,1888653,606.29,260,1,0.0500
10366,1888911,605.93,258,1,0.0500
10367,1889091,-22.19,180,0,0.0500
10368,1889199,-62.13,108,0,0.0500
10369,1889460,607.87,261,1,0.0500
10370,1889553,-62.00,93,0,0.0500
10371,1889814,607.35,261,1,0.0500
10372,1889836,-91.81,22,0,0.0500
10373,1890096,606.90,260,1,0.0500
10374,1890184,-60.75,88,0,0.0500
10375,1890457,606.69,273,1,0.0500
10376,1890601,-34.23,144,0,0.0500
10377,1890834,605.75,233,1,0.0500
10378,1890938,-62.27,104,0,0.0500
10379,1891173,606.58,235,1,0.0500
10380,1891423,605.16,250,1,0.0500
10381,1891663,606.63,240,1,0.0500
10382,1891892,607.47,229,1,0.0500
10383,1892145,608.18,253,1,0.0500
10384,1892247,-62.52,102,0,0.0500
10385,1892351,-62.36,104,0,0.0500
10386,1892434,-61.12,83,0,0.0500
10387,1892693,605.69,259,1,0.0500
10388,1892920,607.39,227,1,0.0500
10389,1893162,605.37,242,1,0.0500
10390,1893429,605.41,267,1,0.0500
10391,1893659,605.68,230,1,0.0500
10392,1893931,606.28,272,1,0.0500
10393,1894038,-61.61,107,0,0.0500
10394,1894216,-20.67,178,0,0.0500
10395,1894368,-32.31,152,0,0.0500
10396,1894390,-91.80,22,0,0.0500
10397,1894661,608.18,271,1,0.0500
10398,1894683,-91.80,22,0,0.0500
10399,1894935,606.49,252,1,0.0500
10400,1895172,606.87,237,1,0.0500
10401,1895420,607.05,248,1,0.0500
10402,1895641,607.45,221,1,0.0500
10403,1895896,608.43,255,1,0.0500
10404,1896002,-61.79,106,0,0.0500
10405,1896108,-61.96,106,0,0.0500
10406,1896160,-79.15,52,0,0.0500
10407,1896418,607.41,258,1,0.0500
10408,1896538,-63.08,120,0,0.0500
10409,1896687,-33.62,149,0,0.0500
10410,1896930,606.81,243,1,0.0500
10411,1897035,-62.40,105,0,0.0500
10412,1897134,-62.36,99,0,0.0500
10413,1897384,606.62,250,1,0.0500
10414,1897469,-60.30,85,0,0.0500
10415,1897727,608.03,258,1,0.0500
10416,1898007,608.54,280,1,0.0500
10417,1898186,-20.48,179,0,0.0500
10418,1898448,606.39,262,1,0.0500
10419,1898541,-61.41,93,0,0.0500
10420,1898623,-59.97,82,0,0.0500
10421,1898666,-79.16,43,0,0.0500
10422,1898936,607.57,270,1,0.0500
10423,1899039,-62.62,103,0,0.0500
10424,1899220,-20.74,181,0,0.0500
10425,1899324,-61.43,104,0,0.0500
10426,1899378,-79.54,54,0,0.0500
10427,1899610,606.72,232,1,0.0500
10428,1899701,-61.81,91,0,0.0500
10429,1899753,-78.73,52,0,0.0500
10430,1899942,-21.12,189,0,0.0500
10431,1900053,-56.55,111,0,0.0500
10432,1900280,605.92,227,1,0.0500
10433,1900538,606.45,258,1,0.0500
10434,1900783,606.58,245,1,0.0500
10435,1900969,-19.19,186,0,0.0500
10436,1901153,-21.60,184,0,0.0500
10437,1901355,-22.00,202,0,0.0500
10438,1901599,606.05,244,1,0.0500
10439,1901843,607.85,244,1,0.0500
10440,1901931,-60.33,88,0,0.0500
10441,1902072,-35.22,141,0,0.0500
10442,1902320,606.36,248,1,0.0500
10443,1902595,607.41,275,1,0.0500
10444,1902863,606.15,268,1,0.0500
10445,1902903,-84.85,40,0,0.0500
10446,1902992,-61.60,89,0,0.0500
10447,1903274,611.65,282,1,0.0500
10448,1903552,607.21,278,1,0.0500
10449,1903811,607.41,259,1,0.0500
10450,1903924,-56.72,113,0,0.0500
10451,1904169,605.53,245,1,0.0500
10452,1904222,-79.72,53,0,0.0500
10453,1904274,-78.73,52,0,0.0500
10454,1904376,-62.04,102,0,0.0500
10455,1904627,606.11,251,1,0.0500
10456,1904717,-60.71,90,0,0.0500
10457,1904768,-79.76,51,0,0.0500
10458,1905027,607.62,259,1,0.0500
10459,1905130,-54.10,103,0,0.0500
10460,1905378,605.48,248,1,0.0500
10461,1905482,-62.20,104,0,0.0500
10462,1905590,-62.55,108,0,0.0500
10463,1905860,605.96,270,1,0.0500
10464,1905911,-79.76,51,0,0.0500
10465,1906094,-21.05,183,0,0.0500
10466,1906352,606.55,258,1,0.0500
10467,1906449,-54.24,97,0,0.0500
10468,1906697,607.00,248,1,0.0500
10469,1906946,606.72,249,1,0.0500
10470,1907195,606.00,249,1,0.0500
10471,1907342,-34.86,147,0,0.0500
10472,1907612,608.95,270,1,0.0500
10473,1907858,606.76,246,1,0.0500
10474,1907962,-61.78,104,0,0.0500
10475,1908203,606.41,241,1,0.0500
10476,1908346,-35.44,143,0,0.0500
10477,1908498,-33.46,152,0,0.0500
10478,1908749,606.20,251,1,0.0500
10479,1908996,606.66,247,1,0.0500
10480,1909102,-61.21,106,0,0.0500
10481,1909124,-91.80,22,0,0.0500
10482,1909371,608.55,247,1,0.0500
10483,1909476,-62.34,105,0,0.0500
10484,1909710,605.95,234,1,0.0500
10485,1909815,-62.70,105,0,0.0500
10486,1909919,-62.19,104,0,0.0500
10487,1910024,-61.65,105,0,0.0500
10488,1910291,606.64,267,1,0.0500
10489,1910531,606.00,240,1,0.0500
10490,1910776,608.41,245,1,0.0500
10491,1910867,-61.46,91,0,0.0500
10492,1910956,-60.76,89,0,0.0500
10493,1911230,605.97,274,1,0.0500
10494,1911468,606.23,238,1,0.0500
10495,1911559,-61.41,91,0,0.0500
10496,1911808,606.21,249,1,0.0500
10497,1912050,606.40,242,1,0.0500
10498,1912195,-34.75,145,0,0.0500
10499,1912300,-62.45,105,0,0.0500
10500,1912563,607.64,263,1,0.0500
10501,1912846,606.62,283,1,0.0500
10502,1913096,605.73,250,1,0.0500
10503,1913204,-61.25,108,0,0.0500
10504,1913456,606.82,252,1,0.0500
10505,1913742,609.72,286,1,0.0500
10506,1913981,606.95,239,1,0.0500
10507,1914090,-60.88,109,0,0.0500
10508,1914338,606.32,248,1,0.0500
10509,1914440,-62.51,102,0,0.0500
10510,1914700,605.99,260,1,0.0500
10511,1914950,606.63,250,1,0.0500
10512,1915052,-61.34,102,0,0.0500
10513,1915164,-61.33,112,0,0.0500
10514,1915412,605.15,248,1,0.0500
10515,1915553,-36.48,141,0,0.0500
10516,1915610,-79.34,57,0,0.0500
10517,1915859,605.62,249,1,0.0500
10518,1916129,608.49,270,1,0.0500
10519,1916380,607.86,251,1,0.0500
10520,1916615,606.68,235,1,0.0500
10521,1916729,-57.09,114,0,0.0500
10522,1916986,606.98,257,1,0.0500
10523,1917252,608.17,266,1,0.0500
10524,1917340,-60.75,88,0,0.0500
10525,1917616,607.66,276,1,0.0500
10526,1917888,608.60,272,1,0.0500
10527,1918148,607.27,260,1,0.0500
10528,1918292,-32.96,144,0,0.0500
10529,1918545,607.11,253,1,0.0500
10530,1918776,607.14,231,1,0.0500
10531,1918955,-20.59,179,0,0.0500
10532,1919101,-34.01,146,0,0.0500
10533,1919200,-61.89,99,0,0.0500
10534,1919478,608.55,278,1,0.0500
10535,1919627,-32.74,149,0,0.0500
10536,1919805,-32.65,178,0,0.0500
10537,1919946,-36.48,141,0,0.0500
10538,1920180,606.37,234,1,0.0500
10539,1920281,-62.73,101,0,0.0500
10540,1920510,608.52,229,1,0.0500
10541,1920741,606.82,231,1,0.0500
10542,1920849,-62.29,108,0,0.0500
10543,1920998,-35.42,149,0,0.0500
10544,1921250,605.99,252,1,0.0500
10545,1921472,605.23,222,1,0.0500
10546,1921650,-20.89,178,0,0.0500
10547,1921933,606.50,283,1,0.0500
10548,1921985,-79.15,52,0,0.0500
10549,1922037,-78.73,52,0,0.0500
10550,1922089,-78.93,52,0,0.0500
10551,1922325,606.67,236,1,0.0500
10552,1922429,-62.28,104,0,0.0500
10553,1922533,-61.78,104,0,0.0500
10554,1922638,-61.95,105,0,0.0500
10555,1922913,607.64,275,1,0.0500
10556,1923177,608.05,264,1,0.0500
10557,1923426,606.64,249,1,0.0500
10558,1923667,605.16,241,1,0.0500
10559,1923816,-32.08,149,0,0.0500
10560,1923915,-62.36,99,0,0.0500
10561,1924012,-61.52,97,0,0.0500
10562,1924294,607.78,282,1,0.0500
10563,1924394,-62.01,100,0,0.0500
10564,1924416,-91.80,22,0,0.0500
10565,1924671,607.72,255,1,0.0500
10566,1924918,606.84,247,1,0.0500
10567,1925027,-61.08,109,0,0.0500
10568,1925276,605.99,249,1,0.0500
10569,1925537,607.98,261,1,0.0500
10570,1925629,-61.45,92,0,0.0500
10571,1925807,-21.31,178,0,0.0500
10572,1926059,606.99,252,1,0.0500
10573,1926305,606.12,246,1,0.0500
10574,1926546,604.74,241,1,0.0500
10575,1926824,607.49,278,1,0.0500
10576,1926920,-63.39,96,0,0.0500
10577,1927023,-62.20,103,0,0.0500
10578,1927302,606.88,279,1,0.0500
10579,1927450,-33.19,148,0,0.0500
10580,1927536,-60.95,86,0,0.0500
10581,1927781,606.25,245,1,0.0500
10582,1928042,608.39,261,1,0.0500
10583,1928287,606.04,245,1,0.0500
10584,1928541,607.42,254,1,0.0500
10585,1928776,606.78,235,1,0.0500
10586,1928880,-61.86,104,0,0.0500
10587,1929028,-33.19,148,0,0.0500
10588,1929299,606.10,271,1,0.0500
10589,1929407,-61.75,108,0,0.0500
10590,1929649,605.57,242,1,0.0500
10591,1929755,-61.88,106,0,0.0500
10592,1929841,-60.89,86,0,0.0500
10593,1930088,605.78,247,1,0.0500
10594,1930370,609.43,282,1,0.0500
10595,1930617,606.24,247,1,0.0500
10596,1930799,-20.42,182,0,0.0500
10597,1930980,-20.52,181,0,0.0500
10598,1931217,606.34,237,1,0.0500
10599,1931462,608.14,245,1,0.0500
10600,1931713,606.38,251,1,0.0500
10601,1931735,-92.00,22,0,0.0500
10602,1931839,-55.57,104,0,0.0500
10603,1932112,607.33,273,1,0.0500
10604,1932373,607.26,261,1,0.0500
10605,1932651,607.07,278,1,0.0500
10606,1932736,-59.05,85,0,0.0500
10607,1932820,-63.86,84,0,0.0500
10608,1933070,608.10,250,1,0.0500
10609,1933325,606.49,255,1,0.0500
10610,1933414,-60.76,89,0,0.0500
10611,1933677,606.38,263,1,0.0500
10612,1933955,608.57,278,1,0.0500
10613,1934066,-59.44,111,0,0.0500
10614,1934156,-61.45,90,0,0.0500
10615,1934305,-32.98,149,0,0.0500
10616,1934441,-53.40,136,0,0.0500
10617,1934545,-61.78,104,0,0.0500
10618,1934805,606.74,260,1,0.0500
10619,1935049,606.60,244,1,0.0500
10620,1935307,606.21,258,1,0.0500
10621,1935536,605.90,229,1,0.0500
10622,1935785,606.97,249,1,0.0500
10623,1936037,605.95,252,1,0.0500
10624,1936130,-61.62,93,0,0.0500
10625,1936383,607.20,253,1,0.0500
10626,1936532,-33.31,149,0,0.0500
10627,1936639,-62.02,107,0,0.0500
10628,1936743,-61.82,104,0,0.0500
10629,1937018,608.08,275,1,0.0500
10630,1937128,-60.05,110,0,0.0500
10631,1937386,606.64,258,1,0.0500
10632,1937628,605.12,242,1,0.0500
10633,1937907,607.16,279,1,0.0500
10634,1938160,607.61,253,1,0.0500
10635,1938393,605.86,233,1,0.0500
10636,1938647,607.22,254,1,0.0500
10637,1938915,606.54,268,1,0.0500
10638,1939100,-20.76,185,0,0.0500
10639,1939291,-21.55,191,0,0.0500
10640,1939385,-61.28,94,0,0.0500
10641,1939477,-61.40,92,0,0.0500
10642,1939748,607.78,271,1,0.0500
10643,1939853,-55.38,105,0,0.0500
10644,1940029,-21.29,176,0,0.0500
10645,1940127,-62.22,98,0,0.0500
10646,1940392,606.90,265,1,0.0500
10647,1940647,606.16,255,1,0.0500
10648,1940906,606.52,259,1,0.0500
10649,1941189,607.36,283,1,0.0500
10650,1941298,-62.47,109,0,0.0500
10651,1941546,606.64,248,1,0.0500
10652,1941798,605.97,252,1,0.0500
10653,1942031,605.75,233,1,0.0500
10654,1942140,-59.92,109,0,0.0500
10655,1942288,-32.89,148,0,0.0500
10656,1942529,606.62,241,1,0.0500
10657,1942710,-21.20,181,0,0.0500
10658,1942971,607.56,261,1,0.0500
10659,1943222,608.21,251,1,0.0500
10660,1943460,606.03,238,1,0.0500
10661,1943720,607.52,260,1,0.0500
10662,1943829,-62.37,109,0,0.0500
10663,1944104,608.48,275,1,0.0500
10664,1944206,-61.21,102,0,0.0500
10665,1944457,605.15,251,1,0.0500
10666,1944712,606.37,255,1,0.0500
10667,1944799,-59.74,87,0,0.0500
10668,1945054,606.36,255,1,0.0500
10669,1945316,607.95,262,1,0.0500
10670,1945571,607.85,255,1,0.0500
10671,1945754,-21.79,183,0,0.0500
10672,1946007,607.26,253,1,0.0500
10673,1946256,606.43,249,1,0.0500
10674,1946511,605.30,255,1,0.0500
10675,1946620,-61.37,109,0,0.0500
10676,1946724,-61.97,104,0,0.0500
10677,1946979,607.10,255,1,0.0500
10678,1947239,607.77,260,1,0.0500
10679,1947477,606.65,238,1,0.0500
10680,1947731,606.15,254,1,0.0500
10681,1947980,605.71,249,1,0.0500
10682,1948070,-61.23,90,0,0.0500
10683,1948330,607.07,260,1,0.0500
10684,1948562,607.55,232,1,0.0500
10685,1948807,606.38,245,1,0.0500
10686,1948988,-22.20,181,0,0.0500
10687,1949165,-21.00,177,0,0.0500
10688,1949416,607.04,251,1,0.0500
10689,1949663,606.44,247,1,0.0500
10690,1949771,-61.28,108,0,0.0500
10691,1950030,606.63,259,1,0.0500
10692,1950289,607.26,259,1,0.0500
10693,1950439,-32.49,150,0,0.0500
10694,1950674,605.95,235,1,0.0500
10695,1950931,605.73,257,1,0.0500
10696,1951038,-61.15,107,0,0.0500
10697,1951271,606.38,233,1,0.0500
10698,1951376,-61.55,105,0,0.0500
10699,1951610,606.06,234,1,0.0500
10700,1951873,606.20,263,1,0.0500
10701,1952116,606.40,243,1,0.0500
10702,1952338,605.77,222,1,0.0500
10703,1952595,606.35,257,1,0.0500
10704,1952854,606.78,259,1,0.0500
10705,1952910,-79.88,56,0,0.0500
10706,1952951,-85.05,41,0,0.0500
10707,1953193,607.04,242,1,0.0500
10708,1953455,609.14,262,1,0.0500
10709,1953694,606.44,239,1,0.0500
10710,1953944,607.04,250,1,0.0500
10711,1954048,-61.45,104,0,0.0500
10712,1954193,-33.28,145,0,0.0500
10713,1954443,606.43,250,1,0.0500
10714,1954699,606.36,256,1,0.0500
10715,1954791,-60.72,92,0,0.0500
10716,1954870,-63.55,79,0,0.0500
10717,1955124,606.38,254,1,0.0500
10718,1955228,-62.19,104,0,0.0500
10719,1955489,606.37,261,1,0.0500
10720,1955735,605.83,246,1,0.0500
10721,1955843,-62.65,108,0,0.0500
10722,1956091,606.85,248,1,0.0500
10723,1956269,-19.95,178,0,0.0500
10724,1956519,607.26,250,1,0.0500
10725,1956770,606.22,251,1,0.0500
10726,1957004,607.11,234,1,0.0500
10727,1957112,-62.55,108,0,0.0500
10728,1957359,606.53,247,1,0.0500
10729,1957615,606.77,256,1,0.0500
10730,1957864,606.02,249,1,0.0500
10731,1958106,605.69,242,1,0.0500
10732,1958354,608.99,248,1,0.0500
10733,1958601,606.42,247,1,0.0500
10734,1958870,607.81,269,1,0.0500
10735,1959132,607.87,262,1,0.0500
10736,1959359,606.13,227,1,0.0500
10737,1959613,605.84,254,1,0.0500
10738,1959862,605.06,249,1,0.0500
10739,1959956,-60.95,94,0,0.0500
10740,1960045,-60.65,89,0,0.0500
10741,1960297,607.03,252,1,0.0500
10742,1960557,606.21,260,1,0.0500
10743,1960666,-60.86,109,0,0.0500
10744,1960917,606.42,251,1,0.0500
10745,1961064,-32.90,147,0,0.0500
10746,1961212,-32.89,148,0,0.0500
10747,1961293,-60.38,81,0,0.0500
10748,1961379,-61.09,86,0,0.0500
10749,1961462,-63.22,83,0,0.0500
10750,1961721,606.96,259,1,0.0500
10751,1961820,-62.15,99,0,0.0500
10752,1962071,608.08,251,1,0.0500
10753,1962307,605.72,236,1,0.0500
10754,1962577,608.22,270,1,0.0500
10755,1962718,-34.38,141,0,0.0500
10756,1962971,606.78,253,1,0.0500
10757,1963148,-32.22,177,0,0.0500
10758,1963255,-60.94,107,0,0.0500
10759,1963507,608.40,252,1,0.0500
10760,1963593,-59.69,86,0,0.0500
10761,1963687,-61.10,94,0,0.0500
10762,1963937,606.21,250,1,0.0500
10763,1964195,607.42,258,1,0.0500
10764,1964280,-59.56,85,0,0.0500
10765,1964534,606.91,254,1,0.0500
10766,1964783,606.93,249,1,0.0500
10767,1965041,609.07,258,1,0.0500
10768,1965149,-61.00,108,0,0.0500
10769,1965380,606.30,231,1,0.0500
10770,1965633,606.59,253,1,0.0500
10771,1965911,607.71,278,1,0.0500
10772,1966162,608.30,251,1,0.0500
10773,1966422,606.52,260,1,0.0500
10774,1966570,-34.22,148,0,0.0500
10775,1966821,607.66,251,1,0.0500
10776,1966923,-60.32,102,0,0.0500
10777,1967163,608.01,240,1,0.0500
10778,1967415,605.53,252,1,0.0500
10779,1967675,607.00,260,1,0.0500
10780,1967923,606.54,248,1,0.0500
10781,1968178,606.47,255,1,0.0500
10782,1968432,605.96,254,1,0.0500
10783,1968520,-60.97,88,0,0.0500
10784,1968781,608.20,261,1,0.0500
10785,1968968,-20.47,187,0,0.0500
10786,1969223,605.95,255,1,0.0500
10787,1969469,606.55,246,1,0.0500
10788,1969717,605.81,248,1,0.0500
10789,1969817,-54.49,100,0,0.0500
10790,1970065,605.16,248,1,0.0500
10791,1970312,606.35,247,1,0.0500
10792,1970550,608.12,238,1,0.0500
10793,1970793,605.42,243,1,0.0500
10794,1971037,605.97,244,1,0.0500
10795,1971290,605.49,253,1,0.0500
10796,1971551,607.58,261,1,0.0500
10797,1971741,-21.86,190,0,0.0500
10798,1971980,605.18,239,1,0.0500
10799,1972080,-61.49,100,0,0.0500
10800,1972342,607.97,262,1,0.0500
10801,1972585,607.02,243,1,0.0500
10802,1972852,608.35,267,1,0.0500
10803,1973118,607.73,266,1,0.0500
10804,1973352,607.32,234,1,0.0500
10805,1973603,608.63,251,1,0.0500
10806,1973844,608.52,241,1,0.0500
10807,1973952,-61.73,108,0,0.0500
10808,1974223,607.98,271,1,0.0500
10809,1974474,605.67,251,1,0.0500
10810,1974697,605.96,223,1,0.0500
10811,1974952,605.31,255,1,0.0500
10812,1975194,605.55,242,1,0.0500
10813,1975431,606.24,237,1,0.0500
10814,1975686,605.74,255,1,0.0500
10815,1975947,606.72,261,1,0.0500
10816,1976187,606.42,240,1,0.0500
10817,1976296,-60.57,109,0,0.0500
10818,1976546,606.53,250,1,0.0500
10819,1976781,606.47,235,1,0.0500
10820,1976927,-32.95,146,0,0.0500
10821,1977200,606.85,273,1,0.0500
10822,1977465,607.94,265,1,0.0500
10823,1977706,605.58,241,1,0.0500
10824,1977808,-62.74,102,0,0.0500
10825,1978075,605.51,267,1,0.0500
10826,1978178,-61.73,103,0,0.0500
10827,1978419,607.46,241,1,0.0500
10828,1978525,-60.88,106,0,0.0500
10829,1978793,606.63,268,1,0.0500
10830,1979044,608.18,251,1,0.0500
10831,1979296,606.91,252,1,0.0500
10832,1979537,606.41,241,1,0.0500
10833,1979679,-36.45,142,0,0.0500
10834,1979952,606.71,273,1,0.0500
10835,1980210,606.76,258,1,0.0500
10836,1980354,-33.15,144,0,0.0500
10837,1980434,-63.29,80,0,0.0500
10838,1980695,606.95,261,1,0.0500
10839,1980747,-79.71,52,0,0.0500
10840,1980834,-61.16,87,0,0.0500
10841,1981057,607.01,223,1,0.0500
10842,1981198,-35.00,141,0,0.0500
10843,1981344,-32.75,146,0,0.0500
10844,1981456,-62.07,112,0,0.0500
10845,1981556,-62.50,100,0,0.0500
10846,1981636,-60.67,80,0,0.0500
10847,1981722,-61.15,86,0,0.0500
10848,1981810,-60.75,88,0,0.0500
10849,1982059,606.96,249,1,0.0500
10850,1982080,-91.80,21,0,0.0500
10851,1982365,608.18,285,1,0.0500
10852,1982468,-61.75,103,0,0.0500
10853,1982700,607.86,232,1,0.0500
10854,1982941,606.41,241,1,0.0500
10855,1983025,-61.03,84,0,0.0500
10856,1983103,-60.44,78,0,0.0500
10857,1983326,606.38,223,1,0.0500
10858,1983585,608.64,259,1,0.0500
10859,1983673,-60.75,88,0,0.0500
10860,1983938,610.26,265,1,0.0500
10861,1984196,607.38,258,1,0.0500
10862,1984376,-21.02,180,0,0.0500
10863,1984556,-20.07,180,0,0.0500
10864,1984790,607.74,234,1,0.0500
10865,1984875,-61.14,85,0,0.0500
10866,1984966,-59.10,91,0,0.0500
10867,1985201,607.32,235,1,0.0500
10868,1985290,-61.39,89,0,0.0500
10869,1985378,-60.55,88,0,0.0500
10870,1985471,-60.80,93,0,0.0500
10871,1985615,-33.15,144,0,0.0500
10872,1985841,605.72,226,1,0.0500
10873,1986089,606.21,248,1,0.0500
10874,1986174,-61.08,85,0,0.0500
10875,1986407,607.01,233,1,0.0500
10876,1986669,606.93,262,1,0.0500
10877,1986815,-33.19,146,0,0.0500
10878,1986901,-60.11,86,0,0.0500
10879,1986985,-61.35,84,0,0.0500
10880,1987087,-61.11,102,0,0.0500
10881,1987192,-61.12,105,0,0.0500
10882,1987303,-58.35,111,0,0.0500
10883,1987388,-61.14,85,0,0.0500
10884,1987474,-60.94,86,0,0.0500
10885,1987735,608.83,261,1,0.0500
10886,1987996,607.58,261,1,0.0500
10887,1988086,-61.35,90,0,0.0500
10888,1988174,-62.85,88,0,0.0500
10889,1988249,-62.84,75,0,0.0500
10890,1988331,-60.69,82,0,0.0500
10891,1988417,-61.14,86,0,0.0500
10892,1988501,-60.97,84,0,0.0500
10893,1988598,-61.68,97,0,0.0500
10894,1988744,-33.59,146,0,0.0500
10895,1989001,606.56,257,1,0.0500
10896,1989022,-92.00,21,0,0.0500
10897,1989263,605.78,241,1,0.0500
10898,1989354,-59.83,91,0,0.0500
10899,1989594,606.00,240,1,0.0500
10900,1989669,-62.72,75,0,0.0500
10901,1989780,-61.33,111,0,0.0500
10902,1990019,605.18,239,1,0.0500
10903,1990297,607.41,278,1,0.0500
10904,1990410,-55.04,113,0,0.0500
10905,1990660,607.66,250,1,0.0500
10906,1990761,-61.62,101,0,0.0500
10907,1990912,-33.55,151,0,0.0500
10908,1991153,605.87,241,1,0.0500
10909,1991243,-59.93,90,0,0.0500
10910,1991490,607.50,247,1,0.0500
10911,1991769,607.80,279,1,0.0500
10912,1991915,-32.87,146,0,0.0500
10913,1992171,607.83,256,1,0.0500
10914,1992424,606.39,253,1,0.0500
10915,1992527,-61.75,103,0,0.0500
10916,1992707,-21.83,180,0,0.0500
10917,1992966,607.05,259,1,0.0500
10918,1993226,607.37,260,1,0.0500
10919,1993485,607.16,259,1,0.0500
10920,1993729,606.45,244,1,0.0500
10921,1993963,607.43,234,1,0.0500
10922,1994206,605.96,243,1,0.0500
10923,1994427,605.66,221,1,0.0500
10924,1994679,606.19,252,1,0.0500
10925,1994921,605.57,242,1,0.0500
10926,1995027,-62.60,106,0,0.0500
10927,1995272,606.56,245,1,0.0500
10928,1995532,608.62,260,1,0.0500
10929,1995782,606.61,250,1,0.0500
10930,1995978,-20.89,196,0,0.0500
10931,1996033,-79.78,55,0,0.0500
10932,1996305,605.90,272,1,0.0500
10933,1996546,606.74,241,1,0.0500
10934,1996567,-91.80,21,0,0.0500
10935,1996813,606.17,246,1,0.0500
10936,1997063,606.54,250,1,0.0500
10937,1997147,-63.17,84,0,0.0500
10938,1997391,606.05,244,1,0.0500
10939,1997412,-91.80,21,0,0.0500
10940,1997661,607.16,249,1,0.0500
10941,1997754,-53.57,93,0,0.0500
10942,1998008,606.49,254,1,0.0500
10943,1998257,609.16,249,1,0.0500
10944,1998527,606.00,270,1,0.0500
10945,1998793,608.35,266,1,0.0500
10946,1998902,-60.04,109,0,0.0500
10947,1999002,-62.33,100,0,0.0500
10948,1999274,606.21,272,1,0.0500
10949,1999467,-21.36,193,0,0.0500
10950,1999568,-63.14,101,0,0.0500
10951,1999674,-63.44,106,0,0.0500
10952,1999931,607.58,257,1,0.0500
10953,2000207,607.35,276,1,0.0500
10954,2000459,605.97,252,1,0.0500
10955,2000565,-61.76,106,0,0.0500
10956,2000812,606.76,247,1,0.0500
10957,2001056,606.19,244,1,0.0500
10958,2001313,606.88,257,1,0.0500
10959,2001574,606.54,261,1,0.0500
10960,2001625,-79.14,51,0,0.0500
10961,2001878,607.10,253,1,0.0500
10962,2002125,606.78,247,1,0.0500
10963,2002229,-62.20,104,0,0.0500
10964,2002370,-35.22,141,0,0.0500
10965,2002612,605.87,242,1,0.0500
10966,2002860,607.28,248,1,0.0500
10967,2002947,-60.96,87,0,0.0500
10968,2003042,-59.60,95,0,0.0500
10969,2003227,-20.02,185,0,0.0500
10970,2003480,606.37,253,1,0.0500
10971,2003727,606.68,247,1,0.0500
10972,2003977,606.23,250,1,0.0500
10973,2004084,-61.28,107,0,0.0500
10974,2004277,-19.69,193,0,0.0500
10975,2004529,606.45,252,1,0.0500
10976,2004630,-61.72,101,0,0.0500
10977,2004816,-20.15,186,0,0.0500
10978,2004996,-20.50,180,0,0.0500
10979,2005109,-55.46,113,0,0.0500
10980,2005371,607.06,262,1,0.0500
10981,2005615,606.07,244,1,0.0500
10982,2005873,607.27,258,1,0.0500
10983,2005979,-62.20,106,0,0.0500
10984,2006235,606.32,256,1,0.0500
10985,2006431,-22.23,196,0,0.0500
10986,2006686,607.44,255,1,0.0500
10987,2006948,607.89,262,1,0.0500
10988,2007038,-60.03,90,0,0.0500
10989,2007132,-60.69,94,0,0.0500
10990,2007380,607.15,248,1,0.0500
10991,2007467,-63.06,87,0,0.0500
10992,2007712,605.84,245,1,0.0500
10993,2007957,606.68,245,1,0.0500
10994,2008202,605.51,245,1,0.0500
10995,2008442,605.58,240,1,0.0500
10996,2008539,-54.46,97,0,0.0500
10997,2008794,605.72,255,1,0.0500
10998,2009042,605.69,248,1,0.0500
10999,2009292,605.77,250,1,0.0500
11000,2009561,608.98,269,1,0.0500
11001,2009729,-34.56,168,0,0.0500
11002,2010000,607.08,271,1,0.0500
11003,2010252,606.49,252,1,0.0500
11004,2010359,-61.93,107,0,0.0500
11005,2010612,607.20,253,1,0.0500
11006,2010717,-61.36,105,0,0.0500
11007,2010963,606.16,246,1,0.0500
11008,2011222,607.71,259,1,0.0500
11009,2011327,-61.92,105,0,0.0500
11010,2011586,606.96,259,1,0.0500
11011,2011732,-32.56,146,0,0.0500
11012,2011879,-32.79,147,0,0.0500
11013,2012141,607.65,262,1,0.0500
11014,2012404,606.11,263,1,0.0500
11015,2012656,607.22,252,1,0.0500
11016,2012920,607.38,264,1,0.0500
11017,2013169,605.59,249,1,0.0500
11018,2013431,607.88,262,1,0.0500
11019,2013544,-56.30,113,0,0.0500
11020,2013648,-62.48,104,0,0.0500
11021,2013904,606.89,256,1,0.0500
11022,2014174,607.16,270,1,0.0500
11023,2014277,-62.53,103,0,0.0500
11024,2014553,607.16,276,1,0.0500
11025,2014804,607.24,251,1,0.0500
11026,2015063,606.78,259,1,0.0500
11027,2015311,606.00,248,1,0.0500
11028,2015414,-62.74,103,0,0.0500
11029,2015659,607.22,245,1,0.0500
11030,2015772,-59.52,113,0,0.0500
11031,2016025,607.75,253,1,0.0500
11032,2016291,607.41,266,1,0.0500
11033,2016549,606.95,258,1,0.0500
11034,2016800,605.68,251,1,0.0500
11035,2017067,607.09,267,1,0.0500
11036,2017170,-61.50,103,0,0.0500
11037,2017248,-60.35,78,0,0.0500
11038,2017269,-92.00,21,0,0.0500
11039,2017306,-84.64,37,0,0.0500
11040,2017409,-60.39,103,0,0.0500
11041,2017685,607.35,276,1,0.0500
11042,2017926,605.48,241,1,0.0500
11043,2018174,606.50,248,1,0.0500
11044,2018420,605.71,246,1,0.0500
11045,2018596,-21.71,176,0,0.0500
11046,2018618,-91.80,22,0,0.0500
11047,2018728,-56.27,110,0,0.0500
11048,2018876,-33.11,148,0,0.0500
11049,2019130,607.84,254,1,0.0500
11050,2019386,607.58,256,1,0.0500
11051,2019632,606.38,246,1,0.0500
11052,2019885,605.46,253,1,0.0500
11053,2020073,-21.51,188,0,0.0500
11054,2020146,-63.86,73,0,0.0500
11055,2020403,606.56,257,1,0.0500
11056,2020589,-22.14,186,0,0.0500
11057,2020845,607.26,256,1,0.0500
11058,2020995,-32.70,150,0,0.0500
11059,2021253,607.38,258,1,0.0500
11060,2021274,-92.00,21,0,0.0500
11061,2021548,606.69,274,1,0.0500
11062,2021646,-62.21,98,0,0.0500
11063,2021830,-20.83,184,0,0.0500
11064,2021981,-32.34,151,0,0.0500
11065,2022255,606.49,274,1,0.0500
11066,2022437,-21.69,182,0,0.0500
11067,2022529,-63.68,92,0,0.0500
11068,2022638,-61.25,109,0,0.0500
11069,2022934,611.30,296,1,0.0500
11070,2023195,606.71,261,1,0.0500
11071,2023382,-19.65,187,0,0.0500
11072,2023462,-60.37,80,0,0.0500
11073,2023565,-55.36,103,0,0.0500
11074,2023812,607.21,247,1,0.0500
11075,2024067,607.82,255,1,0.0500
11076,2024319,607.44,252,1,0.0500
11077,2024405,-63.40,86,0,0.0500
11078,2024592,-21.73,187,0,0.0500
11079,2024740,-32.88,148,0,0.0500
11080,2024988,606.44,248,1,0.0500
11081,2025094,-61.98,106,0,0.0500
11082,2025275,-20.50,181,0,0.0500
11083,2025522,606.65,247,1,0.0500
11084,2025631,-61.95,109,0,0.0500
11085,2025887,605.95,256,1,0.0500
11086,2026134,606.63,247,1,0.0500
11087,2026280,-32.97,146,0,0.0500
11088,2026427,-33.09,147,0,0.0500
11089,2026536,-61.13,109,0,0.0500
11090,2026799,608.61,263,1,0.0500
11091,2026910,-59.93,111,0,0.0500
11092,2027014,-62.05,104,0,0.0500
11093,2027268,607.24,254,1,0.0500
11094,2027356,-62.22,88,0,0.0500
11095,2027603,606.64,247,1,0.0500
11096,2027852,606.73,249,1,0.0500
11097,2028097,607.22,245,1,0.0500
11098,2028351,607.12,254,1,0.0500
11099,2028451,-54.49,100,0,0.0500
11100,2028541,-60.56,90,0,0.0500
11101,2028818,608.06,277,1,0.0500
11102,2028902,-59.67,84,0,0.0500
11103,2029181,609.04,279,1,0.0500
11104,2029435,606.05,254,1,0.0500
11105,2029714,610.23,279,1,0.0500
11106,2029820,-62.16,106,0,0.0500
11107,2030071,606.60,251,1,0.0500
11108,2030175,-62.92,104,0,0.0500
11109,2030320,-33.16,145,0,0.0500
11110,2030465,-33.08,145,0,0.0500
11111,2030569,-62.01,104,0,0.0500
11112,2030810,608.72,241,1,0.0500
11113,2030831,-91.80,21,0,0.0500
11114,2031101,608.12,270,1,0.0500
11115,2031144,-79.27,43,0,0.0500
11116,2031404,606.24,260,1,0.0500
11117,2031510,-61.93,106,0,0.0500
11118,2031607,-60.75,97,0,0.0500
11119,2031864,606.56,257,1,0.0500
11120,2032135,608.52,271,1,0.0500
11121,2032383,607.93,248,1,0.0500
11122,2032645,608.58,262,1,0.0500
11123,2032920,607.73,275,1,0.0500
11124,2033026,-61.94,106,0,0.0500
11125,2033296,607.57,270,1,0.0500
11126,2033551,606.26,255,1,0.0500
11127,2033707,-33.80,156,0,0.0500
11128,2033853,-33.58,146,0,0.0500
11129,2034107,606.17,254,1,0.0500
11130,2034212,-61.88,105,0,0.0500
11131,2034365,-32.73,153,0,0.0500
11132,2034614,608.20,249,1,0.0500
11133,2034635,-91.80,21,0,0.0500
11134,2034814,-30.76,179,0,0.0500
11135,2034963,-32.48,149,0,0.0500
11136,2035210,606.70,247,1,0.0500
11137,2035463,606.09,253,1,0.0500
11138,2035703,605.79,240,1,0.0500
11139,2035956,606.48,253,1,0.0500
11140,2036063,-61.13,107,0,0.0500
11141,2036304,605.78,241,1,0.0500
11142,2036562,607.48,258,1,0.0500
11143,2036791,605.90,229,1,0.0500
11144,2036875,-63.13,84,0,0.0500
11145,2037128,607.43,253,1,0.0500
11146,2037389,607.96,261,1,0.0500
11147,2037632,605.95,243,1,0.0500
11148,2037893,608.43,261,1,0.0500
11149,2038166,606.92,273,1,0.0500
11150,2038271,-61.97,105,0,0.0500
11151,2038471,-22.59,200,0,0.0500
11152,2038583,-61.10,112,0,0.0500
11153,2038849,606.14,266,1,0.0500
11154,2039115,608.23,266,1,0.0500
11155,2039365,605.98,250,1,0.0500
11156,2039472,-61.51,107,0,0.0500
11157,2039577,-62.20,105,0,0.0500
11158,2039680,-61.78,103,0,0.0500
11159,2039941,608.85,261,1,0.0500
11160,2040198,605.91,257,1,0.0500
11161,2040313,-56.31,115,0,0.0500
11162,2040566,606.36,253,1,0.0500
11163,2040765,-22.48,199,0,0.0500
11164,2041003,606.24,238,1,0.0500
11165,2041263,607.47,260,1,0.0500
11166,2041518,606.48,255,1,0.0500
11167,2041781,607.76,263,1,0.0500
11168,2042038,606.98,257,1,0.0500
11169,2042289,606.51,251,1,0.0500
11170,2042446,-33.34,157,0,0.0500
11171,2042696,606.74,250,1,0.0500
11172,2042784,-60.45,88,0,0.0500
11173,2043027,606.18,243,1,0.0500
11174,2043274,606.68,247,1,0.0500
11175,2043528,607.10,254,1,0.0500
11176,2043789,607.36,261,1,0.0500
11177,2044025,605.62,236,1,0.0500
11178,2044174,-32.56,149,0,0.0500
11179,2044251,-62.53,77,0,0.0500
11180,2044515,607.96,264,1,0.0500
11181,2044614,-62.23,99,0,0.0500
11182,2044870,606.57,256,1,0.0500
11183,2045120,607.25,250,1,0.0500
11184,2045391,607.14,271,1,0.0500
11185,2045502,-60.99,111,0,0.0500
11186,2045754,606.35,252,1,0.0500
11187,2046013,607.70,259,1,0.0500
11188,2046117,-61.77,104,0,0.0500
11189,2046364,606.34,247,1,0.0500
11190,2046622,607.29,258,1,0.0500
11191,2046772,-32.81,150,0,0.0500
11192,2047045,610.51,273,1,0.0500
11193,2047290,605.69,245,1,0.0500
11194,2047550,607.24,260,1,0.0500
11195,2047649,-61.01,99,0,0.0500
11196,2047878,606.32,229,1,0.0500
11197,2048130,607.56,252,1,0.0500
11198,2048389,607.37,259,1,0.0500
11199,2048410,-91.80,21,0,0.0500
11200,2048671,607.90,261,1,0.0500
11201,2048919,606.22,248,1,0.0500
11202,2049167,606.45,248,1,0.0500
11203,2049449,608.31,282,1,0.0500
11204,2049545,-61.62,96,0,0.0500
11205,2049809,607.44,264,1,0.0500
11206,2049894,-60.10,85,0,0.0500
11207,2050120,607.20,226,1,0.0500
11208,2050346,606.77,226,1,0.0500
11209,2050601,605.44,255,1,0.0500
11210,2050677,-63.16,76,0,0.0500
11211,2050782,-61.33,105,0,0.0500
11212,2050958,-33.18,176,0,0.0500
11213,2051042,-63.06,84,0,0.0500
11214,2051274,606.72,232,1,0.0500
11215,2051537,609.02,263,1,0.0500
11216,2051641,-62.28,104,0,0.0500
11217,2051888,606.66,247,1,0.0500
11218,2052143,606.67,255,1,0.0500
11219,2052376,606.70,233,1,0.0500
11220,2052644,606.12,268,1,0.0500
11221,2052700,-79.88,56,0,0.0500
11222,2052959,607.38,259,1,0.0500
11223,2053219,607.15,260,1,0.0500
11224,2053458,606.64,239,1,0.0500
11225,2053709,606.10,251,1,0.0500
11226,2053960,605.83,251,1,0.0500
11227,2054046,-59.69,86,0,0.0500
11228,2054272,606.04,226,1,0.0500
11229,2054527,606.16,255,1,0.0500
11230,2054774,606.54,247,1,0.0500
11231,2055027,607.66,253,1,0.0500
11232,2055283,607.02,256,1,0.0500
11233,2055534,606.82,251,1,0.0500
11234,2055784,606.11,250,1,0.0500
11235,2056046,607.55,262,1,0.0500
11236,2056302,606.36,256,1,0.0500
11237,2056449,-32.76,147,0,0.0500
11238,2056551,-62.68,102,0,0.0500
11239,2056602,-79.14,51,0,0.0500
11240,2056856,606.59,254,1,0.0500
11241,2056962,-60.36,106,0,0.0500
11242,2057194,606.92,232,1,0.0500
11243,2057468,607.95,274,1,0.0500
11244,2057744,607.83,276,1,0.0500
11245,2057966,607.02,222,1,0.0500
11246,2058068,-62.68,102,0,0.0500
11247,2058221,-33.15,153,0,0.0500
11248,2058322,-61.64,101,0,0.0500
11249,2058561,607.48,239,1,0.0500
11250,2058820,606.72,259,1,0.0500
11251,2059019,-22.15,199,0,0.0500
11252,2059279,607.37,260,1,0.0500
11253,2059375,-60.26,96,0,0.0500
11254,2059465,-63.95,90,0,0.0500
11255,2059644,-20.68,179,0,0.0500
11256,2059919,607.62,275,1,0.0500
11257,2060166,607.06,247,1,0.0500
11258,2060426,607.15,260,1,0.0500
11259,2060684,607.19,258,1,0.0500
11260,2060922,607.38,238,1,0.0500
11261,2061031,-61.72,109,0,0.0500
11262,2061264,606.29,233,1,0.0500
11263,2061515,606.08,251,1,0.0500
11264,2061774,606.75,259,1,0.0500
11265,2062048,607.53,274,1,0.0500
11266,2062325,606.99,277,1,0.0500
11267,2062591,606.88,266,1,0.0500
11268,2062843,607.75,252,1,0.0500
11269,2063126,608.27,283,1,0.0500
11270,2063314,-21.53,188,0,0.0500
11271,2063549,606.06,235,1,0.0500
11272,2063698,-32.78,149,0,0.0500
11273,2063800,-61.52,102,0,0.0500
11274,2064051,607.85,251,1,0.0500
11275,2064212,-33.74,161,0,0.0500
11276,2064464,606.94,252,1,0.0500
11277,2064712,606.43,248,1,0.0500
11278,2064895,-21.75,183,0,0.0500
11279,2065162,607.51,267,1,0.0500
11280,2065274,-61.09,112,0,0.0500
11281,2065383,-61.30,109,0,0.0500
11282,2065493,-60.24,110,0,0.0500
11283,2065674,-31.96,181,0,0.0500
11284,2065926,606.61,252,1,0.0500
11285,2066178,608.42,252,1,0.0500
11286,2066340,-31.23,162,0,0.0500
11287,2066441,-62.48,101,0,0.0500
11288,2066693,606.51,252,1,0.0500
11289,2066798,-61.53,105,0,0.0500
11290,2067039,606.20,241,1,0.0500
11291,2067304,609.18,265,1,0.0500
11292,2067560,606.15,256,1,0.0500
11293,2067758,-21.63,198,0,0.0500
11294,2068013,606.67,255,1,0.0500
11295,2068286,607.14,273,1,0.0500
11296,2068529,607.02,243,1,0.0500
11297,2068627,-62.11,98,0,0.0500
11298,2068882,607.21,255,1,0.0500
11299,2069125,606.18,243,1,0.0500
11300,2069239,-56.81,114,0,0.0500
11301,2069327,-59.07,88,0,0.0500
11302,2069576,607.26,249,1,0.0500
11303,2069837,607.03,261,1,0.0500
11304,2070096,608.02,259,1,0.0500
11305,2070349,606.28,253,1,0.0500
11306,2070601,606.28,252,1,0.0500
11307,2070837,607.73,236,1,0.0500
11308,2071098,609.03,261,1,0.0500
11309,2071360,607.98,262,1,0.0500
11310,2071650,610.01,290,1,0.0500
11311,2071891,606.32,241,1,0.0500
11312,2072153,607.25,262,1,0.0500
11313,2072411,605.93,258,1,0.0500
11314,2072518,-61.42,107,0,0.0500
11315,2072775,610.67,257,1,0.0500
11316,2072796,-91.80,21,0,0.0500
11317,2073042,605.96,246,1,0.0500
11318,2073268,606.87,226,1,0.0500
11319,2073364,-63.20,96,0,0.0500
11320,2073461,-62.49,97,0,0.0500
11321,2073719,608.24,258,1,0.0500
11322,2073966,608.45,247,1,0.0500
11323,2074214,607.20,248,1,0.0500
11324,2074288,-63.67,74,0,0.0500
11325,2074347,-80.24,59,0,0.0500
11326,2074448,-61.64,101,0,0.0500
11327,2074548,-62.46,100,0,0.0500
11328,2074651,-62.47,103,0,0.0500
11329,2074916,606.69,265,1,0.0500
11330,2075016,-54.27,100,0,0.0500
11331,2075273,606.65,257,1,0.0500
11332,2075371,-62.21,98,0,0.0500
11333,2075445,-63.45,74,0,0.0500
11334,2075542,-62.49,97,0,0.0500
11335,2075796,607.52,254,1,0.0500
11336,2075889,-58.70,93,0,0.0500
11337,2076032,-34.32,143,0,0.0500
11338,2076293,607.99,261,1,0.0500
11339,2076574,608.85,281,1,0.0500
11340,2076847,607.24,273,1,0.0500
11341,2076958,-60.90,111,0,0.0500
11342,2077071,-55.46,113,0,0.0500
11343,2077170,-62.57,99,0,0.0500
11344,2077419,606.01,249,1,0.0500
11345,2077688,605.68,269,1,0.0500
11346,2077960,607.17,272,1,0.0500
11347,2078193,606.17,233,1,0.0500
11348,2078293,-62.39,100,0,0.0500
11349,2078399,-61.40,106,0,0.0500
11350,2078647,606.85,248,1,0.0500
11351,2078907,606.64,260,1,0.0500
11352,2079155,605.50,248,1,0.0500
11353,2079180,-91.42,25,0,0.0500
11354,2079284,-61.52,104,0,0.0500
11355,2079542,607.06,258,1,0.0500
11356,2079696,-32.97,154,0,0.0500
11357,2079989,610.72,293,1,0.0500
11358,2080098,-62.26,109,0,0.0500
11359,2080349,607.46,251,1,0.0500
11360,2080493,-33.98,144,0,0.0500
11361,2080646,-32.09,153,0,0.0500
11362,2080718,-63.21,72,0,0.0500
11363,2080973,605.99,255,1,0.0500
11364,2081234,607.78,261,1,0.0500
11365,2081475,606.93,241,1,0.0500
11366,2081704,606.74,229,1,0.0500
11367,2081816,-60.97,112,0,0.0500
11368,2082063,606.35,247,1,0.0500
11369,2082150,-60.94,87,0,0.0500
11370,2082396,607.27,246,1,0.0500
11371,2082648,605.57,252,1,0.0500
11372,2082750,-61.04,102,0,0.0500
11373,2082903,-32.31,153,0,0.0500
11374,2083138,605.73,235,1,0.0500
11375,2083243,-61.10,105,0,0.0500
11376,2083356,-60.40,113,0,0.0500
11377,2083599,606.60,243,1,0.0500
11378,2083877,606.86,278,1,0.0500
11379,2084124,606.87,247,1,0.0500
11380,2084214,-60.14,90,0,0.0500
11381,2084235,-92.00,21,0,0.0500
11382,2084459,605.32,224,1,0.0500
11383,2084607,-33.51,148,0,0.0500
11384,2084853,606.32,246,1,0.0500
11385,2085007,-34.83,154,0,0.0500
11386,2085253,605.82,246,1,0.0500
11387,2085346,-63.48,93,0,0.0500
11388,2085606,606.94,260,1,0.0500
11389,2085753,-32.76,147,0,0.0500
11390,2085984,605.77,231,1,0.0500
11391,2086206,605.13,222,1,0.0500
11392,2086310,-61.86,104,0,0.0500
11393,2086459,-32.78,149,0,0.0500
11394,2086702,605.97,243,1,0.0500
11395,2086959,607.61,257,1,0.0500
11396,2087063,-61.86,104,0,0.0500
11397,2087317,605.63,254,1,0.0500
11398,2087578,608.83,261,1,0.0500
11399,2087835,608.04,257,1,0.0500
11400,2088085,606.62,250,1,0.0500
11401,2088311,605.62,226,1,0.0500
11402,2088560,606.13,249,1,0.0500
11403,2088819,606.75,259,1,0.0500
11404,2088916,-62.57,97,0,0.0500
11405,2089152,608.66,236,1,0.0500
11406,2089395,607.86,243,1,0.0500
11407,2089546,-32.58,151,0,0.0500
11408,2089696,-32.91,150,0,0.0500
11409,2089970,607.11,274,1,0.0500
11410,2090242,607.03,272,1,0.0500
11411,2090479,606.87,237,1,0.0500
11412,2090733,607.43,254,1,0.0500
11413,2090981,605.07,248,1,0.0500
11414,2091165,-21.65,184,0,0.0500
11415,2091272,-61.32,107,0,0.0500
11416,2091378,-61.15,106,0,0.0500
11417,2091474,-63.45,96,0,0.0500
11418,2091496,-91.80,22,0,0.0500
11419,2091590,-63.67,94,0,0.0500
11420,2091857,608.54,267,1,0.0500
11421,2091948,-60.72,91,0,0.0500
11422,2092191,605.53,243,1,0.0500
11423,2092447,606.45,256,1,0.0500
11424,2092491,-85.73,44,0,0.0500
11425,2092758,607.62,267,1,0.0500
11426,2093014,610.26,256,1,0.0500
11427,2093292,606.76,278,1,0.0500
11428,2093558,607.52,266,1,0.0500
11429,2093655,-62.57,97,0,0.0500
11430,2093896,605.73,241,1,0.0500
11431,2094163,606.46,267,1,0.0500
11432,2094251,-62.85,88,0,0.0500
11433,2094458,-22.34,207,0,0.0500
11434,2094713,607.50,255,1,0.0500
11435,2094737,-91.81,24,0,0.0500
11436,2094992,605.53,255,1,0.0500
11437,2095245,606.49,253,1,0.0500
11438,2095348,-61.64,103,0,0.0500
11439,2095606,608.11,258,1,0.0500
11440,2095845,605.26,239,1,0.0500
11441,2095990,-33.91,145,0,0.0500
11442,2096239,605.56,249,1,0.0500
11443,2096513,606.71,274,1,0.0500
11444,2096615,-61.75,102,0,0.0500
11445,2096868,607.51,253,1,0.0500
11446,2096967,-62.23,99,0,0.0500
11447,2097240,607.21,273,1,0.0500
11448,2097345,-61.80,105,0,0.0500
11449,2097425,-60.67,80,0,0.0500
11450,2097512,-61.16,87,0,0.0500
11451,2097656,-33.38,144,0,0.0500
11452,2097896,606.21,240,1,0.0500
11453,2097982,-61.57,86,0,0.0500
11454,2098081,-62.87,99,0,0.0500
11455,2098161,-60.37,80,0,0.0500
11456,2098245,-61.45,84,0,0.0500
11457,2098501,605.53,256,1,0.0500
11458,2098587,-61.10,86,0,0.0500
11459,2098682,-60.99,95,0,0.0500
11460,2098929,605.70,247,1,0.0500
11461,2099166,607.50,237,1,0.0500
11462,2099250,-61.25,84,0,0.0500
11463,2099502,605.82,252,1,0.0500
11464,2099748,606.99,246,1,0.0500
11465,2099995,605.82,247,1,0.0500
11466,2100251,606.68,256,1,0.0500
11467,2100328,-63.06,77,0,0.0500
11468,2100578,605.58,250,1,0.0500
11469,2100728,-31.89,150,0,0.0500
11470,2100906,-21.08,178,0,0.0500
11471,2101166,606.62,260,1,0.0500
11472,2101423,606.97,257,1,0.0500
11473,2101665,605.77,242,1,0.0500
11474,2101926,606.21,261,1,0.0500
11475,2102201,606.91,275,1,0.0500
11476,2102480,609.03,279,1,0.0500
11477,2102583,-62.37,103,0,0.0500
11478,2102817,606.69,234,1,0.0500
11479,2103071,606.72,254,1,0.0500
11480,2103273,-21.78,202,0,0.0500
11481,2103523,605.42,250,1,0.0500
11482,2103676,-33.72,153,0,0.0500
11483,2103929,606.06,253,1,0.0500
11484,2104037,-61.58,108,0,0.0500
11485,2104297,607.76,260,1,0.0500
11486,2104542,605.24,245,1,0.0500
11487,2104647,-62.30,105,0,0.0500
11488,2104792,-34.00,145,0,0.0500
11489,2105043,608.41,251,1,0.0500
11490,2105288,606.02,245,1,0.0500
11491,2105527,606.53,239,1,0.0500
11492,2105765,607.60,238,1,0.0500
11493,2105806,-85.05,41,0,0.0500
11494,2106064,606.75,258,1,0.0500
11495,2106136,-64.07,72,0,0.0500
11496,2106372,606.36,236,1,0.0500
11497,2106608,605.72,236,1,0.0500
11498,2106694,-58.95,86,0,0.0500
11499,2106971,607.94,277,1,0.0500
11500,2107080,-61.11,109,0,0.0500
11501,2107192,-60.40,112,0,0.0500
11502,2107448,606.98,256,1,0.0500
11503,2107554,-61.27,106,0,0.0500
11504,2107803,607.18,249,1,0.0500
11505,2108056,605.55,253,1,0.0500
11506,2108301,606.58,245,1,0.0500
11507,2108559,606.77,258,1,0.0500
11508,2108819,607.26,260,1,0.0500
11509,2109063,605.61,244,1,0.0500
11510,2109329,606.68,266,1,0.0500
11511,2109574,605.74,245,1,0.0500
11512,2109665,-60.15,91,0,0.0500
11513,2109716,-78.72,51,0,0.0500
11514,2109967,606.11,251,1,0.0500
11515,2110142,-21.06,175,0,0.0500
11516,2110244,-61.77,102,0,0.0500
11517,2110509,608.05,265,1,0.0500
11518,2110758,605.29,249,1,0.0500
11519,2111010,606.07,252,1,0.0500
11520,2111258,607.82,248,1,0.0500
11521,2111333,-63.90,75,0,0.0500
11522,2111593,606.37,260,1,0.0500
11523,2111843,607.46,250,1,0.0500
11524,2111948,-62.48,105,0,0.0500
11525,2112197,605.59,249,1,0.0500
11526,2112424,605.80,227,1,0.0500
11527,2112662,606.44,238,1,0.0500
11528,2112896,606.27,234,1,0.0500
11529,2112980,-61.25,84,0,0.0500
11530,2113021,-85.05,41,0,0.0500
11531,2113271,607.96,250,1,0.0500
11532,2113519,607.42,248,1,0.0500
11533,2113774,605.00,255,1,0.0500
11534,2114034,607.35,260,1,0.0500
11535,2114141,-62.12,107,0,0.0500
11536,2114371,605.78,230,1,0.0500
11537,2114479,-61.65,108,0,0.0500
11538,2114501,-91.81,22,0,0.0500
11539,2114611,-56.63,110,0,0.0500
11540,2114856,605.72,245,1,0.0500
11541,2114908,-78.93,52,0,0.0500
11542,2115164,606.66,256,1,0.0500
11543,2115270,-61.24,106,0,0.0500
11544,2115522,607.57,252,1,0.0500
11545,2115778,606.68,256,1,0.0500
11546,2116012,606.59,234,1,0.0500
11547,2116257,606.17,245,1,0.0500
11548,2116511,605.50,254,1,0.0500
11549,2116741,606.52,230,1,0.0500
11550,2116987,607.83,246,1,0.0500
11551,2117139,-33.79,152,0,0.0500
11552,2117386,606.67,247,1,0.0500
11553,2117641,606.58,255,1,0.0500
11554,2117886,605.64,245,1,0.0500
11555,2118144,605.82,258,1,0.0500
11556,2118392,607.27,248,1,0.0500
11557,2118632,605.25,240,1,0.0500
11558,2118742,-60.84,110,0,0.0500
11559,2118985,605.78,243,1,0.0500
11560,2119242,606.43,257,1,0.0500
11561,2119392,-32.15,150,0,0.0500
11562,2119648,607.59,256,1,0.0500
11563,2119911,605.89,263,1,0.0500
11564,2120172,607.25,261,1,0.0500
11565,2120319,-32.76,147,0,0.0500
11566,2120564,605.11,245,1,0.0500
11567,2120800,608.35,236,1,0.0500
11568,2121058,606.73,258,1,0.0500
11569,2121302,605.52,244,1,0.0500
11570,2121447,-33.70,145,0,0.0500
11571,2121545,-61.12,98,0,0.0500
11572,2121803,607.80,258,1,0.0500
11573,2121916,-60.73,113,0,0.0500
11574,2122160,605.88,244,1,0.0500
11575,2122404,606.27,244,1,0.0500
11576,2122670,607.39,266,1,0.0500
11577,2122778,-62.00,108,0,0.0500
11578,2123011,606.91,233,1,0.0500
11579,2123258,606.45,247,1,0.0500
11580,2123350,-60.57,92,0,0.0500
11581,2123584,606.69,234,1,0.0500
11582,2123691,-61.91,107,0,0.0500
11583,2123928,606.66,237,1,0.0500
11584,2124018,-60.77,90,0,0.0500
11585,2124271,605.22,253,1,0.0500
11586,2124545,605.90,274,1,0.0500
11587,2124789,606.27,244,1,0.0500
11588,2124829,-85.05,40,0,0.0500
11589,2125106,606.99,277,1,0.0500
11590,2125355,606.64,249,1,0.0500
11591,2125630,607.73,275,1,0.0500
11592,2125892,607.23,262,1,0.0500
11593,2126147,606.24,255,1,0.0500
11594,2126301,-32.84,154,0,0.0500
11595,2126542,605.64,241,1,0.0500
11596,2126689,-32.50,147,0,0.0500
11597,2126935,606.24,246,1,0.0500
11598,2127181,606.04,246,1,0.0500
11599,2127423,606.71,242,1,0.0500
11600,2127656,605.86,233,1,0.0500
11601,2127912,607.51,256,1,0.0500
11602,2128168,606.80,256,1,0.0500
11603,2128317,-32.36,149,0,0.0500
11604,2128368,-79.14,51,0,0.0500
11605,2128611,605.65,243,1,0.0500
11606,2128754,-34.34,143,0,0.0500
11607,2128795,-85.05,41,0,0.0500
11608,2129066,606.53,271,1,0.0500
11609,2129145,-60.36,79,0,0.0500
11610,2129196,-79.14,51,0,0.0500
11611,2129458,608.37,262,1,0.0500
11612,2129608,-32.07,150,0,0.0500
11613,2129752,-33.27,144,0,0.0500
11614,2129857,-61.69,105,0,0.0500
11615,2130135,606.03,278,1,0.0500
11616,2130239,-62.81,104,0,0.0500
11617,2130475,606.56,236,1,0.0500
11618,2130616,-34.38,141,0,0.0500
11619,2130861,606.26,245,1,0.0500
11620,2130944,-63.01,83,0,0.0500
11621,2131190,606.05,246,1,0.0500
11622,2131393,-21.88,203,0,0.0500
11623,2131628,606.90,235,1,0.0500
11624,2131773,-33.78,145,0,0.0500
11625,2132023,605.25,250,1,0.0500
11626,2132296,607.56,273,1,0.0500
11627,2132555,606.95,259,1,0.0500
11628,2132778,606.06,223,1,0.0500
11629,2133023,607.84,245,1,0.0500
11630,2133111,-60.75,88,0,0.0500
11631,2133374,607.22,263,1,0.0500
11632,2133620,606.10,246,1,0.0500
11633,2133804,-31.87,184,0,0.0500
11634,2134067,607.64,263,1,0.0500
11635,2134315,608.23,248,1,0.0500
11636,2134393,-60.29,78,0,0.0500
11637,2134642,605.56,249,1,0.0500
11638,2134903,606.21,261,1,0.0500
11639,2135166,607.34,263,1,0.0500
11640,2135244,-60.35,78,0,0.0500
11641,2135504,608.42,260,1,0.0500
11642,2135605,-63.87,101,0,0.0500
11643,2135838,605.98,233,1,0.0500
11644,2136094,606.95,256,1,0.0500
11645,2136241,-34.30,147,0,0.0500
11646,2136499,606.45,258,1,0.0500
11647,2136640,-35.66,141,0,0.0500
11648,2136896,606.57,256,1,0.0500
11649,2137139,605.65,243,1,0.0500
11650,2137223,-61.49,84,0,0.0500
11651,2137324,-62.66,101,0,0.0500
11652,2137578,605.75,254,1,0.0500
11653,2137822,606.18,244,1,0.0500
11654,2138088,607.61,266,1,0.0500
11655,2138332,605.76,244,1,0.0500
11656,2138580,606.32,248,1,0.0500
11657,2138835,607.27,255,1,0.0500
11658,2139076,607.25,241,1,0.0500
11659,2139315,605.05,239,1,0.0500
11660,2139367,-79.15,52,0,0.0500
11661,2139438,-63.44,71,0,0.0500
11662,2139695,607.10,257,1,0.0500
11663,2139927,606.71,232,1,0.0500
11664,2140075,-32.69,148,0,0.0500
11665,2140334,607.78,259,1,0.0500
11666,2140597,606.30,263,1,0.0500
11667,2140834,606.66,237,1,0.0500
11668,2140975,-35.22,141,0,0.0500
11669,2141223,605.81,248,1,0.0500
11670,2141495,607.34,272,1,0.0500
11671,2141757,608.40,262,1,0.0500
11672,2141808,-79.13,51,0,0.0500
11673,2141958,-32.28,150,0,0.0500
11674,2142204,605.65,246,1,0.0500
11675,2142451,606.57,247,1,0.0500
11676,2142700,606.84,249,1,0.0500
11677,2142953,607.02,253,1,0.0500
11678,2143209,607.74,256,1,0.0500
11679,2143473,608.07,264,1,0.0500
11680,2143628,-33.89,155,0,0.0500
11681,2143777,-32.36,149,0,0.0500
11682,2143927,-32.15,150,0,0.0500
11683,2144178,607.15,251,1,0.0500
11684,2144419,608.51,241,1,0.0500
11685,2144671,607.58,252,1,0.0500
11686,2144913,607.46,242,1,0.0500
11687,2145188,605.76,275,1,0.0500
11688,2145446,605.80,258,1,0.0500
11689,2145702,606.99,256,1,0.0500
11690,2145944,605.31,242,1,0.0500
11691,2146049,-61.54,105,0,0.0500
11692,2146190,-35.24,141,0,0.0500
11693,2146434,605.33,244,1,0.0500
11694,2146504,-64.36,70,0,0.0500
11695,2146763,606.64,259,1,0.0500
11696,2146815,-78.93,52,0,0.0500
11697,2147065,607.23,250,1,0.0500
11698,2147310,606.68,245,1,0.0500
11699,2147413,-62.31,103,0,0.0500
11700,2147650,606.54,237,1,0.0500
11701,2147872,605.23,222,1,0.0500
11702,2148140,608.01,268,1,0.0500
11703,2148368,605.91,228,1,0.0500
11704,2148625,608.53,257,1,0.0500
11705,2148865,605.35,240,1,0.0500
11706,2149010,-32.97,145,0,0.0500
11707,2149062,-78.93,52,0,0.0500
11708,2149301,605.60,239,1,0.0500
11709,2149553,606.58,252,1,0.0500
11710,2149798,605.84,245,1,0.0500
11711,2150044,606.51,246,1,0.0500
11712,2150305,607.78,261,1,0.0500
11713,2150557,607.56,252,1,0.0500
11714,2150664,-60.64,107,0,0.0500
11715,2150892,605.91,228,1,0.0500
11716,2151137,607.84,245,1,0.0500
11717,2151360,605.33,223,1,0.0500
11718,2151597,605.62,237,1,0.0500
11719,2151830,606.38,233,1,0.0500
11720,2152086,606.15,256,1,0.0500
11721,2152157,-64.56,71,0,0.0500
11722,2152403,606.36,246,1,0.0500
11723,2152494,-63.46,91,0,0.0500
11724,2152747,607.38,253,1,0.0500
11725,2153034,608.26,287,1,0.0500
11726,2153177,-36.08,143,0,0.0500
11727,2153276,-61.96,99,0,0.0500
11728,2153542,607.81,266,1,0.0500
11729,2153815,607.11,273,1,0.0500
11730,2153956,-36.44,141,0,0.0500
11731,2154227,606.30,271,1,0.0500
11732,2154380,-33.15,153,0,0.0500
11733,2154627,606.34,247,1,0.0500
11734,2154728,-62.74,101,0,0.0500
11735,2154749,-91.80,21,0,0.0500
11736,2154990,605.99,241,1,0.0500
11737,2155250,607.68,260,1,0.0500
11738,2155489,605.36,239,1,0.0500
11739,2155541,-78.93,52,0,0.0500
11740,2155787,606.96,246,1,0.0500
11741,2155869,-63.42,82,0,0.0500
11742,2155962,-61.01,93,0,0.0500
11743,2156108,-32.56,146,0,0.0500
11744,2156162,-80.07,54,0,0.0500
11745,2156402,606.23,240,1,0.0500
11746,2156655,607.29,253,1,0.0500
11747,2156892,606.63,237,1,0.0500
11748,2157153,606.31,261,1,0.0500
11749,2157382,606.74,229,1,0.0500
11750,2157532,-32.60,150,0,0.0500
11751,2157730,-22.89,198,0,0.0500
11752,2157876,-32.78,146,0,0.0500
11753,2157897,-92.00,21,0,0.0500
11754,2158160,606.58,263,1,0.0500
11755,2158291,-58.03,131,0,0.0500
11756,2158398,-62.34,107,0,0.0500
11757,2158665,607.48,267,1,0.0500
11758,2158917,605.04,252,1,0.0500
11759,2159182,606.24,265,1,0.0500
11760,2159460,606.94,278,1,0.0500
11761,2159737,606.68,277,1,0.0500
11762,2159978,606.39,241,1,0.0500
11763,2160230,606.81,252,1,0.0500
11764,2160376,-32.36,146,0,0.0500
11765,2160636,607.04,260,1,0.0500
11766,2160718,-63.64,82,0,0.0500
11767,2160978,606.63,260,1,0.0500
11768,2161225,606.99,247,1,0.0500
11769,2161309,-63.45,84,0,0.0500
11770,2161559,606.09,250,1,0.0500
11771,2161704,-36.52,145,0,0.0500
11772,2161956,608.05,252,1,0.0500
11773,2162101,-33.81,145,0,0.0500
11774,2162369,609.06,268,1,0.0500
11775,2162516,-32.76,147,0,0.0500
11776,2162659,-36.08,143,0,0.0500
11777,2162898,607.79,239,1,0.0500
11778,2162997,-61.64,99,0,0.0500
11779,2163262,607.44,265,1,0.0500
11780,2163512,605.68,250,1,0.0500
11781,2163653,-36.06,141,0,0.0500
11782,2163800,-32.76,147,0,0.0500
11783,2163945,-33.33,145,0,0.0500
11784,2164193,607.09,248,1,0.0500
11785,2164340,-34.04,147,0,0.0500
11786,2164488,-33.61,148,0,0.0500
11787,2164746,605.17,258,1,0.0500
11788,2164987,605.78,241,1,0.0500
11789,2165134,-33.51,147,0,0.0500
11790,2165233,-63.18,99,0,0.0500
11791,2165491,607.18,258,1,0.0500
11792,2165592,-63.42,101,0,0.0500
11793,2165834,606.62,242,1,0.0500
11794,2166019,-21.10,185,0,0.0500
11795,2166168,-31.97,149,0,0.0500
11796,2166405,606.13,237,1,0.0500
11797,2166487,-63.42,82,0,0.0500
11798,2166739,607.61,252,1,0.0500
11799,2166885,-32.56,146,0,0.0500
11800,2167140,606.16,255,1,0.0500
11801,2167401,608.00,261,1,0.0500
11802,2167509,-61.55,108,0,0.0500
11803,2167779,606.88,270,1,0.0500
11804,2168054,606.48,275,1,0.0500
11805,2168149,-60.82,95,0,0.0500
11806,2168394,606.26,245,1,0.0500
11807,2168479,-61.35,85,0,0.0500
11808,2168578,-62.76,99,0,0.0500
11809,2168723,-33.39,145,0,0.0500
11810,2168959,605.93,236,1,0.0500
11811,2169100,-34.38,141,0,0.0500
11812,2169345,606.56,245,1,0.0500
11813,2169572,606.87,227,1,0.0500
11814,2169683,-62.20,111,0,0.0500
11815,2169933,605.92,250,1,0.0500
11816,2170077,-34.19,144,0,0.0500
11817,2170183,-62.11,106,0,0.0500
11818,2170330,-32.76,147,0,0.0500
11819,2170408,-60.24,78,0,0.0500
11820,2170673,607.94,265,1,0.0500
11821,2170903,606.52,230,1,0.0500
11822,2171105,-21.57,202,0,0.0500
11823,2171361,607.22,256,1,0.0500
11824,2171471,-61.31,110,0,0.0500
11825,2171713,607.24,242,1,0.0500
11826,2171962,606.82,249,1,0.0500
11827,2172194,606.71,232,1,0.0500
11828,2172447,607.65,253,1,0.0500
11829,2172589,-35.04,142,0,0.0500
11830,2172818,605.69,229,1,0.0500
11831,2173068,607.06,250,1,0.0500
11832,2173216,-33.51,148,0,0.0500
11833,2173237,-91.80,21,0,0.0500
11834,2173345,-60.98,108,0,0.0500
11835,2173570,606.25,225,1,0.0500
11836,2173814,606.05,244,1,0.0500
11837,2173920,-61.51,106,0,0.0500
11838,2174179,606.44,259,1,0.0500
11839,2174282,-62.59,103,0,0.0500
11840,2174538,606.35,256,1,0.0500
11841,2174794,606.44,256,1,0.0500
11842,2174846,-79.15,52,0,0.0500
11843,2175090,606.25,244,1,0.0500
11844,2175332,606.07,242,1,0.0500
11845,2175482,-32.51,150,0,0.0500
11846,2175628,-31.49,146,0,0.0500
11847,2175875,606.12,247,1,0.0500
11848,2176036,-33.05,161,0,0.0500
11849,2176186,-33.02,150,0,0.0500
11850,2176434,605.41,248,1,0.0500
11851,2176596,-32.70,162,0,0.0500
11852,2176835,607.37,239,1,0.0500
11853,2177082,606.06,247,1,0.0500
11854,2177332,606.87,250,1,0.0500
11855,2177490,-34.56,158,0,0.0500
11856,2177669,-21.01,179,0,0.0500
11857,2177813,-33.99,144,0,0.0500
11858,2177958,-33.28,145,0,0.0500
11859,2178207,606.75,249,1,0.0500
11860,2178462,606.54,255,1,0.0500
11861,2178613,-32.71,151,0,0.0500
11862,2178861,607.07,248,1,0.0500
11863,2179124,606.82,263,1,0.0500
11864,2179269,-34.42,145,0,0.0500
11865,2179356,-61.92,87,0,0.0500
11866,2179609,607.32,253,1,0.0500
11867,2179634,-91.42,25,0,0.0500
11868,2179815,-21.48,181,0,0.0500
11869,2180069,606.37,254,1,0.0500
11870,2180327,606.97,258,1,0.0500
11871,2180574,606.86,247,1,0.0500
11872,2180818,607.85,244,1,0.0500
11873,2180866,-79.95,48,0,0.0500
11874,2181102,606.68,236,1,0.0500
11875,2181151,-79.54,49,0,0.0500
11876,2181331,-21.02,180,0,0.0500
11877,2181400,-63.84,69,0,0.0500
11878,2181452,-78.51,52,0,0.0500
11879,2181697,606.66,245,1,0.0500
11880,2181801,-62.39,104,0,0.0500
11881,2182061,607.34,260,1,0.0500
11882,2182209,-32.55,148,0,0.0500
11883,2182261,-78.93,52,0,0.0500
11884,2182337,-60.64,76,0,0.0500
11885,2182594,607.27,257,1,0.0500
11886,2182679,-59.47,85,0,0.0500
11887,2182827,-33.30,148,0,0.0500
11888,2182878,-79.14,51,0,0.0500
11889,2182929,-78.72,51,0,0.0500
11890,2183187,607.18,258,1,0.0500
11891,2183272,-60.52,85,0,0.0500
11892,2183454,-19.90,182,0,0.0500
11893,2183604,-32.92,150,0,0.0500
11894,2183854,607.47,250,1,0.0500
11895,2183941,-60.53,87,0,0.0500
11896,2184013,-63.54,72,0,0.0500
11897,2184196,-20.40,183,0,0.0500
11898,2184437,605.87,241,1,0.0500
11899,2184518,-60.27,81,0,0.0500
11900,2184776,606.78,258,1,0.0500
11901,2184797,-91.80,21,0,0.0500
11902,2185038,605.78,241,1,0.0500
11903,2185089,-78.93,51,0,0.0500
11904,2185350,607.36,261,1,0.0500
11905,2185591,605.78,241,1,0.0500
11906,2185843,606.45,252,1,0.0500
11907,2185987,-33.35,144,0,0.0500
11908,2186238,605.18,251,1,0.0500
11909,2186472,605.74,234,1,0.0500
11910,2186725,605.71,253,1,0.0500
11911,2186797,-64.16,72,0,0.0500
11912,2187050,607.01,253,1,0.0500
11913,2187295,606.36,245,1,0.0500
11914,2187537,606.42,242,1,0.0500
11915,2187782,605.52,245,1,0.0500
11916,2188019,607.18,237,1,0.0500
11917,2188307,608.88,288,1,0.0500
11918,2188587,608.10,280,1,0.0500
11919,2188638,-79.14,51,0,0.0500
11920,2188879,605.57,241,1,0.0500
11921,2189137,607.49,258,1,0.0500
11922,2189188,-79.14,51,0,0.0500
11923,2189428,605.46,240,1,0.0500
11924,2189669,607.25,241,1,0.0500
11925,2189893,605.53,224,1,0.0500
11926,2190155,607.01,262,1,0.0500
11927,2190412,606.38,257,1,0.0500
11928,2190453,-85.05,41,0,0.0500
11929,2190698,607.00,245,1,0.0500
11930,2190948,607.08,250,1,0.0500
11931,2191191,607.02,243,1,0.0500
11932,2191344,-34.00,153,0,0.0500
11933,2191365,-91.80,21,0,0.0500
11934,2191627,606.80,262,1,0.0500
11935,2191884,606.35,257,1,0.0500
11936,2192132,606.12,248,1,0.0500
11937,2192239,-62.96,107,0,0.0500
11938,2192499,608.32,260,1,0.0500
11939,2192610,-63.62,111,0,0.0500
11940,2192709,-62.63,99,0,0.0500
11941,2192822,-56.87,113,0,0.0500
11942,2192930,-61.48,108,0,0.0500
11943,2193189,609.03,259,1,0.0500
11944,2193296,-61.40,107,0,0.0500
11945,2193539,605.20,243,1,0.0500
11946,2193616,-62.44,77,0,0.0500
11947,2193886,606.21,270,1,0.0500
11948,2194135,605.20,249,1,0.0500
11949,2194385,607.16,250,1,0.0500
11950,2194436,-78.93,51,0,0.0500
11951,2194686,606.95,250,1,0.0500
11952,2194932,605.72,246,1,0.0500
11953,2195186,606.70,254,1,0.0500
11954,2195467,606.08,281,1,0.0500
11955,2195570,-62.25,103,0,0.0500
11956,2195591,-91.80,21,0,0.0500
11957,2195859,608.11,268,1,0.0500
11958,2196134,607.80,275,1,0.0500
11959,2196386,606.72,252,1,0.0500
11960,2196642,604.98,256,1,0.0500
11961,2196888,606.43,246,1,0.0500
11962,2197034,-32.97,146,0,0.0500
11963,2197141,-62.64,107,0,0.0500
11964,2197384,605.98,243,1,0.0500
11965,2197482,-63.19,98,0,0.0500
11966,2197747,607.95,265,1,0.0500
11967,2197997,607.77,250,1,0.0500
11968,2198251,606.07,254,1,0.0500
11969,2198489,607.80,238,1,0.0500
11970,2198736,606.80,247,1,0.0500
11971,2198966,605.68,230,1,0.0500
11972,2199210,607.23,244,1,0.0500
11973,2199463,607.85,253,1,0.0500
11974,2199709,606.25,246,1,0.0500
11975,2199982,606.17,273,1,0.0500
11976,2200209,606.65,227,1,0.0500
11977,2200445,606.56,236,1,0.0500
11978,2200496,-79.14,51,0,0.0500
11979,2200647,-33.33,151,0,0.0500
11980,2200892,605.76,245,1,0.0500
11981,2201140,607.40,248,1,0.0500
11982,2201396,609.46,256,1,0.0500
11983,2201638,606.92,242,1,0.0500
11984,2201866,606.22,228,1,0.0500
11985,2201970,-62.86,104,0,0.0500
11986,2202057,-60.53,87,0,0.0500
11987,2202278,605.66,221,1,0.0500
11988,2202514,606.67,236,1,0.0500
11989,2202606,-60.43,92,0,0.0500
11990,2202750,-33.57,144,0,0.0500
11991,2203020,607.29,270,1,0.0500
11992,2203166,-33.17,146,0,0.0500
11993,2203321,-33.07,155,0,0.0500
11994,2203596,607.22,275,1,0.0500
11995,2203822,606.14,226,1,0.0500
11996,2204071,606.13,249,1,0.0500
11997,2204122,-79.14,51,0,0.0500
11998,2204355,606.07,233,1,0.0500
11999,2204498,-35.24,143,0,0.0500
12000,2204646,-33.33,148,0,0.0500
12001,2204890,606.39,244,1,0.0500
12002,2205145,607.30,255,1,0.0500
12003,2205233,-59.49,88,0,0.0500
12004,2205284,-78.72,51,0,0.0500
12005,2205425,-34.19,141,0,0.0500
12006,2205605,-20.50,180,0,0.0500
12007,2205657,-78.94,52,0,0.0500
12008,2205914,607.09,257,1,0.0500
12009,2206168,606.55,254,1,0.0500
12010,2206409,606.41,241,1,0.0500
12011,2206557,-32.27,148,0,0.0500
12012,2206663,-60.98,106,0,0.0500
12013,2206741,-63.93,78,0,0.0500
12014,2206985,606.78,244,1,0.0500
12015,2207129,-34.75,144,0,0.0500
12016,2207395,607.92,266,1,0.0500
12017,2207626,608.40,231,1,0.0500
12018,2207677,-79.55,51,0,0.0500
12019,2207926,605.68,249,1,0.0500
12020,2208127,-22.88,201,0,0.0500
12021,2208383,606.26,256,1,0.0500
12022,2208610,606.65,227,1,0.0500
12023,2208756,-33.09,146,0,0.0500
12024,2208855,-60.90,99,0,0.0500
12025,2209126,609.05,271,1,0.0500
12026,2209403,607.62,277,1,0.0500
12027,2209653,607.38,250,1,0.0500
12028,2209674,-91.80,21,0,0.0500
12029,2209824,-33.18,150,0,0.0500
12030,2210099,606.95,275,1,0.0500
12031,2210377,607.84,278,1,0.0500
12032,2210656,607.50,279,1,0.0500
12033,2210833,-21.08,177,0,0.0500
12034,2211086,607.46,253,1,0.0500
12035,2211237,-32.29,151,0,0.0500
12036,2211386,-32.81,149,0,0.0500
12037,2211532,-33.31,146,0,0.0500
12038,2211768,607.19,236,1,0.0500
12039,2212028,606.63,260,1,0.0500
12040,2212287,607.28,259,1,0.0500
12041,2212538,606.07,251,1,0.0500
12042,2212789,606.92,251,1,0.0500
12043,2212939,-33.21,150,0,0.0500
12044,2213186,607.50,247,1,0.0500
12045,2213429,607.44,243,1,0.0500
12046,2213705,607.51,276,1,0.0500
12047,2213805,-62.44,100,0,0.0500
12048,2213903,-61.42,98,0,0.0500
12049,2214156,608.18,253,1,0.0500
12050,2214427,606.84,271,1,0.0500
12051,2214507,-60.57,80,0,0.0500
12052,2214658,-33.74,151,0,0.0500
12053,2214901,605.66,243,1,0.0500
12054,2215049,-32.77,148,0,0.0500
12055,2215279,607.37,230,1,0.0500
12056,2215378,-61.85,99,0,0.0500
12057,2215629,606.92,251,1,0.0500
12058,2215868,606.04,239,1,0.0500
12059,2216068,-22.02,200,0,0.0500
12060,2216307,605.59,239,1,0.0500
12061,2216560,606.36,253,1,0.0500
12062,2216668,-61.09,108,0,0.0500
12063,2216912,605.78,244,1,0.0500
12064,2217014,-61.31,102,0,0.0500
12065,2217288,609.30,274,1,0.0500
12066,2217468,-32.45,180,0,0.0500
12067,2217725,606.24,257,1,0.0500
12068,2217830,-62.91,105,0,0.0500
12069,2218111,607.68,281,1,0.0500
12070,2218260,-32.81,149,0,0.0500
12071,2218503,606.91,243,1,0.0500
12072,2218594,-60.37,91,0,0.0500
12073,2218695,-61.94,101,0,0.0500
12074,2218934,607.69,239,1,0.0500
12075,2219174,607.57,240,1,0.0500
12076,2219280,-54.55,106,0,0.0500
12077,2219536,606.81,256,1,0.0500
12078,2219799,608.59,263,1,0.0500
12079,2220032,606.59,233,1,0.0500
12080,2220273,606.29,241,1,0.0500
12081,2220354,-59.63,81,0,0.0500
12082,2220616,607.58,262,1,0.0500
12083,2220847,607.66,231,1,0.0500
12084,2220995,-32.25,148,0,0.0500
12085,2221272,608.28,277,1,0.0500
12086,2221515,605.97,243,1,0.0500
12087,2221567,-78.93,52,0,0.0500
12088,2221666,-62.76,99,0,0.0500
12089,2221902,606.99,236,1,0.0500
12090,2221957,-80.33,55,0,0.0500
12091,2222219,606.93,262,1,0.0500
12092,2222362,-34.60,143,0,0.0500
12093,2222613,605.56,251,1,0.0500
12094,2222855,606.08,242,1,0.0500
12095,2223112,606.86,257,1,0.0500
12096,2223291,-21.01,179,0,0.0500
12097,2223462,-32.61,171,0,0.0500
12098,2223695,607.64,233,1,0.0500
12099,2223953,606.73,258,1,0.0500
12100,2224205,606.70,252,1,0.0500
12101,2224450,607.12,245,1,0.0500
12102,2224707,607.08,257,1,0.0500
12103,2224952,605.55,245,1,0.0500
12104,2225038,-59.69,86,0,0.0500
12105,2225278,607.26,240,1,0.0500
12106,2225536,606.68,258,1,0.0500
12107,2225780,606.25,244,1,0.0500
12108,2225870,-60.15,90,0,0.0500
12109,2225958,-60.75,88,0,0.0500
12110,2226194,606.36,236,1,0.0500
12111,2226282,-60.97,88,0,0.0500
12112,2226543,607.94,261,1,0.0500
12113,2226777,607.00,234,1,0.0500
12114,2226864,-60.54,87,0,0.0500
12115,2227012,-32.90,148,0,0.0500
12116,2227194,-22.00,182,0,0.0500
12117,2227345,-33.98,151,0,0.0500
12118,2227587,605.57,242,1,0.0500
12119,2227693,-61.58,106,0,0.0500
12120,2227954,606.74,261,1,0.0500
12121,2228207,607.26,253,1,0.0500
12122,2228259,-79.35,52,0,0.0500
12123,2228513,606.17,254,1,0.0500
12124,2228758,605.61,245,1,0.0500
12125,2229006,606.64,248,1,0.0500
12126,2229093,-60.96,87,0,0.0500
12127,2229323,605.89,230,1,0.0500
12128,2229571,606.02,248,1,0.0500
12129,2229658,-60.80,87,0,0.0500
12130,2229915,605.33,257,1,0.0500
12131,2230161,606.24,246,1,0.0500
12132,2230391,606.31,230,1,0.0500
12133,2230636,606.59,245,1,0.0500
12134,2230780,-36.51,144,0,0.0500
12135,2231050,607.15,270,1,0.0500
12136,2231308,607.65,258,1,0.0500
12137,2231457,-33.11,149,0,0.0500
12138,2231722,607.16,265,1,0.0500
12139,2231872,-34.29,150,0,0.0500
12140,2232107,606.47,235,1,0.0500
12141,2232256,-32.70,149,0,0.0500
12142,2232361,-61.38,105,0,0.0500
12143,2232614,605.98,253,1,0.0500
12144,2232712,-62.53,98,0,0.0500
12145,2232930,606.01,218,1,0.0500
12146,2233152,606.07,222,1,0.0500
12147,2233406,606.61,254,1,0.0500
12148,2233551,-33.19,145,0,0.0500
12149,2233796,606.04,245,1,0.0500
12150,2234046,606.12,250,1,0.0500
12151,2234286,605.57,240,1,0.0500
12152,2234427,-36.06,141,0,0.0500
12153,2234584,-33.61,157,0,0.0500
12154,2234819,607.20,235,1,0.0500
12155,2234969,-32.70,150,0,0.0500
12156,2235210,605.76,241,1,0.0500
12157,2235358,-33.29,148,0,0.0500
12158,2235614,607.32,256,1,0.0500
12159,2235756,-35.46,142,0,0.0500
12160,2235901,-35.26,145,0,0.0500
12161,2236050,-32.37,149,0,0.0500
12162,2236153,-61.88,103,0,0.0500
12163,2236302,-31.97,149,0,0.0500
12164,2236545,605.97,243,1,0.0500
12165,2236710,-32.75,165,0,0.0500
12166,2236956,606.88,246,1,0.0500
12167,2237237,607.79,281,1,0.0500
12168,2237493,606.14,256,1,0.0500
12169,2237753,606.21,260,1,0.0500
12170,2238009,606.55,256,1,0.0500
12171,2238271,606.93,262,1,0.0500
12172,2238422,-35.77,151,0,0.0500
12173,2238459,-83.74,37,0,0.0500
12174,2238733,608.94,274,1,0.0500
12175,2238995,609.02,262,1,0.0500
12176,2239244,606.57,249,1,0.0500
12177,2239488,607.43,244,1,0.0500
12178,2239745,606.14,257,1,0.0500
12179,2240006,607.66,261,1,0.0500
12180,2240254,605.92,248,1,0.0500
12181,2240306,-79.92,52,0,0.0500
12182,2240413,-61.60,107,0,0.0500
12183,2240499,-63.08,86,0,0.0500
12184,2240551,-79.92,52,0,0.0500
12185,2240695,-35.28,144,0,0.0500
12186,2240953,606.78,258,1,0.0500
12187,2241221,607.59,268,1,0.0500
12188,2241467,606.76,246,1,0.0500
12189,2241712,606.38,245,1,0.0500
12190,2241977,606.90,265,1,0.0500
12191,2242225,606.44,248,1,0.0500
12192,2242470,605.84,245,1,0.0500
12193,2242693,606.48,223,1,0.0500
12194,2242778,-60.94,85,0,0.0500
12195,2242875,-62.52,97,0,0.0500
12196,2243114,605.38,239,1,0.0500
12197,2243336,606.07,222,1,0.0500
12198,2243592,606.60,256,1,0.0500
12199,2243674,-62.58,82,0,0.0500
12200,2243927,607.03,253,1,0.0500
12201,2244185,607.39,258,1,0.0500
12202,2244447,607.27,262,1,0.0500
12203,2244698,607.24,251,1,0.0500
12204,2244945,606.03,247,1,0.0500
12205,2245089,-34.19,144,0,0.0500
12206,2245343,605.63,254,1,0.0500
12207,2245495,-33.05,152,0,0.0500
12208,2245605,-60.99,110,0,0.0500
12209,2245713,-61.96,108,0,0.0500
12210,2245819,-61.34,106,0,0.0500
12211,2246075,606.14,256,1,0.0500
12212,2246325,606.83,250,1,0.0500
12213,2246580,606.26,255,1,0.0500
12214,2246761,-20.01,181,0,0.0500
12215,2246902,-36.06,141,0,0.0500
12216,2247000,-61.68,98,0,0.0500
12217,2247244,605.54,244,1,0.0500
12218,2247325,-63.72,81,0,0.0500
12219,2247409,-61.35,84,0,0.0500
12220,2247661,608.11,252,1,0.0500
12221,2247910,606.84,249,1,0.0500
12222,2248152,606.28,242,1,0.0500
12223,2248407,606.70,255,1,0.0500
12224,2248668,606.72,261,1,0.0500
12225,2248720,-78.93,52,0,0.0500
12226,2248808,-60.55,88,0,0.0500
12227,2248908,-62.52,100,0,0.0500
12228,2249154,606.67,246,1,0.0500
12229,2249382,607.17,228,1,0.0500
12230,2249635,606.06,253,1,0.0500
12231,2249776,-35.22,141,0,0.0500
12232,2249916,-35.86,140,0,0.0500
12233,2250022,-61.12,106,0,0.0500
12234,2250123,-62.26,101,0,0.0500
12235,2250377,606.16,254,1,0.0500
12236,2250521,-35.58,144,0,0.0500
12237,2250600,-60.25,79,0,0.0500
12238,2250741,-35.84,141,0,0.0500
12239,2250883,-34.82,142,0,0.0500
12240,2251062,-20.29,179,0,0.0500
12241,2251294,607.03,232,1,0.0500
12242,2251533,606.24,239,1,0.0500
12243,2251783,607.25,250,1,0.0500
12244,2251835,-78.93,52,0,0.0500
12245,2252093,606.84,258,1,0.0500
12246,2252199,-61.71,106,0,0.0500
12247,2252459,606.93,260,1,0.0500
12248,2252703,605.87,244,1,0.0500
12249,2252950,606.35,247,1,0.0500
12250,2253172,606.07,222,1,0.0500
12251,2253428,606.46,256,1,0.0500
12252,2253577,-31.97,149,0,0.0500
12253,2253663,-60.95,86,0,0.0500
12254,2253815,-33.89,152,0,0.0500
12255,2253963,-32.79,148,0,0.0500
12256,2254235,606.71,272,1,0.0500
12257,2254287,-79.35,52,0,0.0500
12258,2254308,-91.80,21,0,0.0500
12259,2254552,605.76,244,1,0.0500
12260,2254805,605.54,253,1,0.0500
12261,2255069,608.08,264,1,0.0500
12262,2255293,605.74,224,1,0.0500
12263,2255542,606.54,249,1,0.0500
12264,2255789,606.24,247,1,0.0500
12265,2256042,607.76,253,1,0.0500
12266,2256287,606.28,245,1,0.0500
12267,2256396,-59.13,109,0,0.0500
12268,2256657,607.26,261,1,0.0500
12269,2256891,606.79,234,1,0.0500
12270,2257134,606.18,243,1,0.0500
12271,2257399,607.42,265,1,0.0500
12272,2257626,606.65,227,1,0.0500
12273,2257873,606.35,247,1,0.0500
12274,2258122,607.18,249,1,0.0500
12275,2258364,606.40,242,1,0.0500
12276,2258592,606.64,228,1,0.0500
12277,2258837,607.10,245,1,0.0500
12278,2259084,606.07,247,1,0.0500
12279,2259326,606.40,242,1,0.0500
12280,2259502,-19.94,176,0,0.0500
12281,2259761,606.44,259,1,0.0500
12282,2259844,-59.66,83,0,0.0500
12283,2260100,608.57,256,1,0.0500
12284,2260360,606.95,260,1,0.0500
12285,2260471,-61.92,111,0,0.0500
12286,2260705,606.38,234,1,0.0500
12287,2260795,-62.09,90,0,0.0500
12288,2261042,607.08,247,1,0.0500
12289,2261093,-77.45,51,0,0.0500
12290,2261145,-79.35,52,0,0.0500
12291,2261250,-61.55,105,0,0.0500
12292,2261496,605.96,246,1,0.0500
12293,2261754,608.65,258,1,0.0500
12294,2262026,607.24,272,1,0.0500
12295,2262188,-32.60,162,0,0.0500
12296,2262341,-35.78,153,0,0.0500
12297,2262591,608.20,250,1,0.0500
12298,2262826,606.15,235,1,0.0500
12299,2263071,608.05,245,1,0.0500
12300,2263315,606.39,244,1,0.0500
12301,2263572,606.34,257,1,0.0500
12302,2263624,-78.72,52,0,0.0500
12303,2263676,-78.93,52,0,0.0500
12304,2263934,606.14,258,1,0.0500
12305,2264182,608.24,248,1,0.0500
12306,2264433,606.38,251,1,0.0500
12307,2264539,-61.50,106,0,0.0500
12308,2264788,606.75,249,1,0.0500
12309,2264937,-33.64,149,0,0.0500
12310,2264959,-91.81,22,0,0.0500
12311,2265209,608.51,250,1,0.0500
12312,2265482,607.96,273,1,0.0500
12313,2265586,-60.45,104,0,0.0500
12314,2265683,-61.48,97,0,0.0500
12315,2265831,-33.30,148,0,0.0500
12316,2265936,-61.70,105,0,0.0500
12317,2266086,-34.07,150,0,0.0500
12318,2266228,-35.34,142,0,0.0500
12319,2266450,606.07,222,1,0.0500
12320,2266558,-61.26,108,0,0.0500
12321,2266579,-91.80,21,0,0.0500
12322,2266828,606.63,249,1,0.0500
12323,2267077,605.12,249,1,0.0500
12324,2267160,-63.04,83,0,0.0500
12325,2267406,606.04,246,1,0.0500
12326,2267556,-32.07,150,0,0.0500
12327,2267649,-60.69,93,0,0.0500
12328,2267745,-62.28,96,0,0.0500
12329,2267857,-60.74,112,0,0.0500
12330,2268110,605.96,253,1,0.0500
12331,2268350,606.43,240,1,0.0500
12332,2268610,607.37,260,1,0.0500
12333,2268866,607.61,256,1,0.0500
12334,2268972,-61.99,106,0,0.0500
12335,2269203,608.30,231,1,0.0500
12336,2269463,607.66,260,1,0.0500
12337,2269692,607.26,229,1,0.0500
12338,2269928,605.30,236,1,0.0500
12339,2269980,-79.15,52,0,0.0500
12340,2270132,-34.82,152,0,0.0500
12341,2270379,606.87,247,1,0.0500
12342,2270486,-61.26,107,0,0.0500
12343,2270731,605.73,245,1,0.0500
12344,2270977,607.51,246,1,0.0500
12345,2271067,-60.94,90,0,0.0500
12346,2271316,606.55,249,1,0.0500
12347,2271423,-62.76,107,0,0.0500
12348,2271578,-34.43,155,0,0.0500
12349,2271818,608.00,240,1,0.0500
12350,2272069,608.09,251,1,0.0500
12351,2272316,607.70,247,1,0.0500
12352,2272462,-32.95,146,0,0.0500
12353,2272721,607.70,259,1,0.0500
12354,2272983,608.24,262,1,0.0500
12355,2273131,-33.39,148,0,0.0500
12356,2273231,-61.49,100,0,0.0500
12357,2273475,605.01,244,1,0.0500
12358,2273724,606.52,249,1,0.0500
12359,2273976,605.65,252,1,0.0500
12360,2274080,-61.30,104,0,0.0500
12361,2274344,607.65,264,1,0.0500
12362,2274495,-32.82,151,0,0.0500
12363,2274735,605.79,240,1,0.0500
12364,2274885,-32.81,150,0,0.0500
12365,2274988,-62.19,103,0,0.0500
12366,2275086,-61.68,98,0,0.0500
12367,2275169,-63.79,83,0,0.0500
12368,2275415,606.43,246,1,0.0500
12369,2275668,606.38,253,1,0.0500
12370,2275689,-91.80,21,0,0.0500
12371,2275948,606.75,259,1,0.0500
12372,2276199,607.16,251,1,0.0500
12373,2276460,606.42,261,1,0.0500
12374,2276710,606.96,250,1,0.0500
12375,2276938,607.38,228,1,0.0500
12376,2277161,606.15,223,1,0.0500
12377,2277408,605.81,247,1,0.0500
12378,2277456,-79.21,48,0,0.0500
12379,2277711,607.87,255,1,0.0500
12380,2277956,606.44,245,1,0.0500
12381,2278007,-78.71,51,0,0.0500
12382,2278254,606.54,247,1,0.0500
12383,2278498,605.73,244,1,0.0500
12384,2278604,-62.35,106,0,0.0500
12385,2278711,-61.52,107,0,0.0500
12386,2278941,605.68,230,1,0.0500
12387,2279094,-31.89,153,0,0.0500
12388,2279115,-91.80,21,0,0.0500
12389,2279384,605.41,269,1,0.0500
12390,2279530,-33.40,146,0,0.0500
12391,2279629,-62.70,99,0,0.0500
12392,2279869,604.85,240,1,0.0500
12393,2280149,606.85,280,1,0.0500
12394,2280250,-61.95,101,0,0.0500
12395,2280507,607.31,257,1,0.0500
12396,2280653,-32.86,146,0,0.0500
12397,2280755,-62.17,102,0,0.0500
12398,2281009,606.37,254,1,0.0500
12399,2281184,-32.97,175,0,0.0500
12400,2281289,-61.78,105,0,0.0500
12401,2281437,-32.87,148,0,0.0500
12402,2281669,607.76,232,1,0.0500
12403,2281938,607.28,269,1,0.0500
12404,2282184,607.72,246,1,0.0500
12405,2282435,606.73,251,1,0.0500
12406,2282545,-60.87,110,0,0.0500
12407,2282790,605.41,245,1,0.0500
12408,2283047,606.23,257,1,0.0500
12409,2283198,-33.50,151,0,0.0500
12410,2283453,605.95,255,1,0.0500
12411,2283641,-21.84,188,0,0.0500
12412,2283736,-61.03,95,0,0.0500
12413,2283983,605.95,247,1,0.0500
12414,2284241,608.97,258,1,0.0500
12415,2284394,-32.33,153,0,0.0500
12416,2284651,607.30,257,1,0.0500
12417,2284925,608.47,274,1,0.0500
12418,2285025,-59.60,100,0,0.0500
12419,2285279,606.47,254,1,0.0500
12420,2285552,608.19,273,1,0.0500
12421,2285809,606.01,257,1,0.0500
12422,2285961,-33.67,152,0,0.0500
12423,2286184,605.86,223,1,0.0500
12424,2286420,605.93,236,1,0.0500
12425,2286654,605.22,234,1,0.0500
12426,2286876,605.23,222,1,0.0500
12427,2286976,-62.93,100,0,0.0500
12428,2287219,605.34,243,1,0.0500
12429,2287360,-35.84,141,0,0.0500
12430,2287448,-61.01,88,0,0.0500
12431,2287680,605.56,232,1,0.0500
12432,2287781,-62.09,101,0,0.0500
12433,2287802,-91.80,21,0,0.0500
12434,2288052,608.85,250,1,0.0500
12435,2288292,605.49,240,1,0.0500
12436,2288543,607.04,251,1,0.0500
12437,2288791,605.78,248,1,0.0500
12438,2288939,-33.09,148,0,0.0500
12439,2289193,605.86,254,1,0.0500
12440,2289339,-32.56,146,0,0.0500
12441,2289593,607.10,254,1,0.0500
12442,2289844,607.15,251,1,0.0500
12443,2289953,-61.41,109,0,0.0500
12444,2290224,606.61,271,1,0.0500
12445,2290328,-63.22,104,0,0.0500
12446,2290582,605.42,254,1,0.0500
12447,2290840,607.17,258,1,0.0500
12448,2291109,606.56,269,1,0.0500
12449,2291131,-91.80,22,0,0.0500
12450,2291272,-36.08,141,0,0.0500
12451,2291522,605.99,250,1,0.0500
12452,2291609,-60.75,87,0,0.0500
12453,2291859,606.53,250,1,0.0500
12454,2292108,607.05,249,1,0.0500
12455,2292365,607.82,257,1,0.0500
12456,2292554,-20.70,189,0,0.0500
12457,2292782,607.48,228,1,0.0500
12458,2293014,605.87,232,1,0.0500
12459,2293123,-61.30,109,0,0.0500
12460,2293382,608.12,259,1,0.0500
12461,2293626,605.98,244,1,0.0500
12462,2293886,607.45,260,1,0.0500
12463,2294142,606.38,256,1,0.0500
12464,2294388,604.69,246,1,0.0500
12465,2294496,-60.05,108,0,0.0500
12466,2294767,608.10,271,1,0.0500
12467,2295019,606.19,252,1,0.0500
12468,2295265,606.79,246,1,0.0500
12469,2295506,605.78,241,1,0.0500
12470,2295745,608.53,239,1,0.0500
12471,2295977,606.71,232,1,0.0500
12472,2296259,607.36,282,1,0.0500
12473,2296514,605.74,255,1,0.0500
12474,2296536,-91.80,22,0,0.0500
12475,2296792,606.77,256,1,0.0500
12476,2296902,-61.10,110,0,0.0500
12477,2297147,606.56,245,1,0.0500
12478,2297397,607.36,250,1,0.0500
12479,2297650,606.39,253,1,0.0500
12480,2297899,605.79,249,1,0.0500
12481,2298133,607.64,234,1,0.0500
12482,2298396,607.97,263,1,0.0500
12483,2298622,606.24,226,1,0.0500
12484,2298783,-32.39,161,0,0.0500
12485,2299037,606.18,254,1,0.0500
12486,2299089,-78.93,52,0,0.0500
12487,2299189,-62.03,100,0,0.0500
12488,2299438,605.68,249,1,0.0500
12489,2299688,606.05,250,1,0.0500
12490,2299934,605.71,246,1,0.0500
12491,2300178,605.52,244,1,0.0500
12492,2300228,-78.70,50,0,0.0500
12493,2300331,-62.25,103,0,0.0500
12494,2300586,606.76,255,1,0.0500
12495,2300816,609.35,230,1,0.0500
12496,2301069,607.44,253,1,0.0500
12497,2301216,-32.76,147,0,0.0500
12498,2301364,-33.39,148,0,0.0500
12499,2301510,-32.67,146,0,0.0500
12500,2301695,-19.84,185,0,0.0500
12501,2301945,605.97,250,1,0.0500
12502,2302027,-63.56,82,0,0.0500
12503,2302249,605.03,222,1,0.0500
12504,2302403,-33.27,154,0,0.0500
12505,2302654,607.04,251,1,0.0500
12506,2302763,-60.08,109,0,0.0500
12507,2303004,605.67,241,1,0.0500
12508,2303155,-32.71,151,0,0.0500
12509,2303403,605.27,248,1,0.0500
12510,2303651,606.96,248,1,0.0500
12511,2303894,605.74,243,1,0.0500
12512,2304122,607.06,228,1,0.0500
12513,2304306,-21.54,184,0,0.0500
12514,2304560,606.68,254,1,0.0500
12515,2304812,607.45,252,1,0.0500
12516,2305058,607.96,246,1,0.0500
12517,2305325,608.44,267,1,0.0500
12518,2305573,605.27,248,1,0.0500
12519,2305821,607.40,248,1,0.0500
12520,2306090,607.16,269,1,0.0500
12521,2306337,607.92,247,1,0.0500
12522,2306557,605.67,220,1,0.0500
12523,2306811,606.69,254,1,0.0500
12524,2306919,-61.12,108,0,0.0500
12525,2307175,607.31,256,1,0.0500
12526,2307443,608.79,268,1,0.0500
12527,2307689,606.27,246,1,0.0500
12528,2307711,-91.80,22,0,0.0500
12529,2307971,606.74,260,1,0.0500
12530,2308208,606.24,237,1,0.0500
12531,2308454,606.58,246,1,0.0500
12532,2308687,606.17,233,1,0.0500
12533,2308922,605.73,235,1,0.0500
12534,2309145,606.17,223,1,0.0500
12535,2309387,608.30,242,1,0.0500
12536,2309633,606.13,246,1,0.0500
12537,2309895,609.03,262,1,0.0500
12538,2309949,-78.54,54,0,0.0500
12539,2310095,-32.78,146,0,0.0500
12540,2310358,606.40,263,1,0.0500
12541,2310602,605.64,244,1,0.0500
12542,2310836,606.16,234,1,0.0500
12543,2310932,-64.01,96,0,0.0500
12544,2311018,-60.53,86,0,0.0500
12545,2311271,605.54,253,1,0.0500
12546,2311525,607.00,254,1,0.0500
12547,2311776,606.53,251,1,0.0500
12548,2311801,-91.42,25,0,0.0500
12549,2312045,606.36,244,1,0.0500
12550,2312296,606.50,251,1,0.0500
12551,2312548,607.32,252,1,0.0500
12552,2312806,605.92,258,1,0.0500
12553,2312912,-60.84,106,0,0.0500
12554,2312999,-60.54,87,0,0.0500
12555,2313105,-61.87,106,0,0.0500
12556,2313357,605.97,252,1,0.0500
12557,2313601,607.01,244,1,0.0500
12558,2313855,605.54,254,1,0.0500
12559,2313937,-60.89,82,0,0.0500
12560,2314185,606.34,248,1,0.0500
12561,2314333,-32.68,148,0,0.0500
12562,2314593,607.19,260,1,0.0500
12563,2314853,607.16,260,1,0.0500
12564,2315108,605.00,255,1,0.0500
12565,2315360,605.02,252,1,0.0500
12566,2315446,-61.16,86,0,0.0500
12567,2315681,606.99,235,1,0.0500
12568,2315792,-60.95,111,0,0.0500
12569,2316039,607.20,247,1,0.0500
12570,2316272,606.28,233,1,0.0500
12571,2316529,607.64,257,1,0.0500
12572,2316773,606.21,244,1,0.0500
12573,2317023,605.68,250,1,0.0500
12574,2317273,606.01,250,1,0.0500
12575,2317522,605.07,249,1,0.0500
12576,2317778,606.87,256,1,0.0500
12577,2317999,605.46,221,1,0.0500
12578,2318252,607.06,253,1,0.0500
12579,2318497,605.76,245,1,0.0500
12580,2318748,607.15,251,1,0.0500
12581,2318891,-33.98,143,0,0.0500
12582,2318914,-91.81,23,0,0.0500
12583,2319007,-61.22,93,0,0.0500
12584,2319261,607.99,254,1,0.0500
12585,2319510,605.58,249,1,0.0500
12586,2319774,607.96,264,1,0.0500
12587,2319994,605.67,220,1,0.0500
12588,2320227,607.12,233,1,0.0500
12589,2320281,-80.28,54,0,0.0500
12590,2320515,607.84,234,1,0.0500
12591,2320606,-60.77,91,0,0.0500
12592,2320839,606.17,233,1,0.0500
12593,2320860,-91.80,21,0,0.0500
12594,2321107,606.58,247,1,0.0500
12595,2321334,605.71,227,1,0.0500
12596,2321590,606.77,256,1,0.0500
12597,2321843,605.56,253,1,0.0500
12598,2321953,-56.27,110,0,0.0500
12599,2322154,-21.66,201,0,0.0500
12600,2322408,606.17,254,1,0.0500
12601,2322518,-60.25,110,0,0.0500
12602,2322775,606.98,257,1,0.0500
12603,2323013,605.19,238,1,0.0500
12604,2323240,605.81,227,1,0.0500
12605,2323294,-79.72,54,0,0.0500
12606,2323476,-20.08,182,0,0.0500
12607,2323736,606.74,260,1,0.0500
12608,2323981,606.37,245,1,0.0500
12609,2324226,606.35,245,1,0.0500
12610,2324469,606.17,243,1,0.0500
12611,2324723,608.17,254,1,0.0500
12612,2324834,-60.61,111,0,0.0500
12613,2325100,606.37,266,1,0.0500
12614,2325248,-32.67,148,0,0.0500
12615,2325503,607.55,255,1,0.0500
12616,2325760,608.23,257,1,0.0500
12617,2326033,607.56,273,1,0.0500
12618,2326284,607.35,251,1,0.0500
12619,2326526,605.86,242,1,0.0500
12620,2326630,-61.67,104,0,0.0500
12621,2326888,606.97,258,1,0.0500
12622,2326992,-60.64,104,0,0.0500
12623,2327252,606.29,260,1,0.0500
12624,2327402,-32.15,150,0,0.0500
12625,2327655,606.17,253,1,0.0500
12626,2327892,605.22,237,1,0.0500
12627,2327974,-63.13,82,0,0.0500
12628,2328229,606.04,255,1,0.0500
12629,2328375,-32.36,146,0,0.0500
12630,2328627,607.24,252,1,0.0500
12631,2328861,605.74,234,1,0.0500
12632,2329002,-35.64,141,0,0.0500
12633,2329281,608.55,279,1,0.0500
12634,2329422,-36.06,141,0,0.0500
12635,2329680,605.82,258,1,0.0500
12636,2329864,-20.69,184,0,0.0500
12637,2330043,-20.81,179,0,0.0500
12638,2330297,606.59,254,1,0.0500
12639,2330543,606.13,246,1,0.0500
12640,2330791,606.14,248,1,0.0500
12641,2331025,605.96,234,1,0.0500
12642,2331274,607.68,249,1,0.0500
12643,2331419,-33.16,145,0,0.0500
12644,2331670,606.19,251,1,0.0500
12645,2331722,-78.51,52,0,0.0500
12646,2331776,-80.46,54,0,0.0500
12647,2331922,-34.00,146,0,0.0500
12648,2332183,608.23,261,1,0.0500
12649,2332421,604.89,238,1,0.0500
12650,2332511,-62.56,90,0,0.0500
12651,2332623,-60.51,112,0,0.0500
12652,2332814,-21.75,191,0,0.0500
12653,2333065,607.46,251,1,0.0500
12654,2333294,606.11,229,1,0.0500
12655,2333346,-78.93,52,0,0.0500
12656,2333451,-60.69,105,0,0.0500
12657,2333696,604.68,245,1,0.0500
12658,2333954,606.43,258,1,0.0500
12659,2334204,606.27,250,1,0.0500
12660,2334350,-33.17,146,0,0.0500
12661,2334446,-61.86,96,0,0.0500
12662,2334494,-78.79,48,0,0.0500
12663,2334583,-60.76,89,0,0.0500
12664,2334815,606.82,232,1,0.0500
12665,2335071,606.55,256,1,0.0500
12666,2335148,-60.65,77,0,0.0500
12667,2335381,607.23,233,1,0.0500
12668,2335642,610.22,261,1,0.0500
12669,2335875,606.59,233,1,0.0500
12670,2335961,-60.74,86,0,0.0500
12671,2336238,608.24,277,1,0.0500
12672,2336485,607.39,247,1,0.0500
12673,2336735,607.92,250,1,0.0500
12674,2336990,609.20,255,1,0.0500
12675,2337042,-78.93,52,0,0.0500
12676,2337307,607.31,265,1,0.0500
12677,2337555,607.02,248,1,0.0500
12678,2337802,606.65,247,1,0.0500
12679,2337999,-22.90,197,0,0.0500
12680,2338243,606.25,244,1,0.0500
12681,2338512,608.84,269,1,0.0500
12682,2338616,-62.09,104,0,0.0500
12683,2338763,-32.78,147,0,0.0500
12684,2338941,-21.00,178,0,0.0500
12685,2339195,605.55,254,1,0.0500
12686,2339455,606.75,260,1,0.0500
12687,2339703,605.82,248,1,0.0500
12688,2339948,606.16,245,1,0.0500
12689,2340182,606.27,234,1,0.0500
12690,2340282,-61.89,100,0,0.0500
12691,2340335,-79.92,53,0,0.0500
12692,2340484,-32.56,149,0,0.0500
12693,2340532,-78.79,48,0,0.0500
12694,2340683,-31.11,151,0,0.0500
12695,2340771,-60.16,88,0,0.0500
12696,2341018,606.35,247,1,0.0500
12697,2341094,-60.64,76,0,0.0500
12698,2341339,607.01,245,1,0.0500
12699,2341486,-34.35,147,0,0.0500
12700,2341729,607.44,243,1,0.0500
12701,2341809,-59.63,80,0,0.0500
12702,2341955,-32.96,146,0,0.0500
12703,2342216,607.34,261,1,0.0500
12704,2342461,605.72,245,1,0.0500
12705,2342735,607.35,274,1,0.0500
12706,2342977,605.43,242,1,0.0500
12707,2343067,-60.56,90,0,0.0500
12708,2343342,608.04,275,1,0.0500
12709,2343590,606.63,248,1,0.0500
12710,2343845,606.36,255,1,0.0500
12711,2344097,606.08,252,1,0.0500
12712,2344357,607.58,260,1,0.0500
12713,2344624,607.51,267,1,0.0500
12714,2344725,-62.62,101,0,0.0500
12715,2344979,606.87,254,1,0.0500
12716,2345078,-61.82,99,0,0.0500
12717,2345340,607.77,262,1,0.0500
12718,2345591,607.45,251,1,0.0500
12719,2345848,607.37,257,1,0.0500
12720,2345954,-61.35,106,0,0.0500
12721,2346196,605.03,242,1,0.0500
12722,2346450,607.22,254,1,0.0500
12723,2346692,606.83,242,1,0.0500
12724,2346957,608.04,265,1,0.0500
12725,2347056,-61.41,99,0,0.0500
12726,2347142,-60.94,86,0,0.0500
12727,2347295,-33.48,153,0,0.0500
12728,2347553,608.02,258,1,0.0500
12729,2347812,608.63,259,1,0.0500
12730,2348058,606.16,246,1,0.0500
12731,2348298,604.84,240,1,0.0500
12732,2348550,607.01,252,1,0.0500
12733,2348808,608.25,258,1,0.0500
12734,2348898,-60.56,90,0,0.0500
12735,2349145,605.62,247,1,0.0500
12736,2349387,605.86,242,1,0.0500
12737,2349633,606.24,246,1,0.0500
12738,2349887,605.99,254,1,0.0500
12739,2350145,606.31,258,1,0.0500
12740,2350405,606.22,260,1,0.0500
12741,2350650,606.06,245,1,0.0500
12742,2350911,609.56,261,1,0.0500
12743,2351164,605.45,253,1,0.0500
12744,2351266,-63.45,102,0,0.0500
12745,2351370,-61.53,104,0,0.0500
12746,2351613,605.85,243,1,0.0500
12747,2351855,607.45,242,1,0.0500
12748,2351895,-84.85,40,0,0.0500
12749,2352134,605.36,239,1,0.0500
12750,2352291,-34.03,157,0,0.0500
12751,2352547,606.25,256,1,0.0500
12752,2352806,607.38,259,1,0.0500
12753,2352915,-61.08,109,0,0.0500
12754,2353158,605.56,243,1,0.0500
12755,2353417,609.26,259,1,0.0500
12756,2353652,605.94,235,1,0.0500
12757,2353708,-79.89,56,0,0.0500
12758,2353816,-60.64,108,0,0.0500
12759,2353973,-33.19,157,0,0.0500
12760,2354219,606.37,246,1,0.0500
12761,2354477,605.71,258,1,0.0500
12762,2354584,-60.73,107,0,0.0500
12763,2354767,-21.58,183,0,0.0500
12764,2355007,605.51,240,1,0.0500
12765,2355028,-92.00,21,0,0.0500
12766,2355293,606.90,265,1,0.0500
12767,2355529,606.14,236,1,0.0500
12768,2355580,-78.71,51,0,0.0500
12769,2355821,606.68,241,1,0.0500
12770,2355965,-33.77,144,0,0.0500
12771,2356190,606.25,225,1,0.0500
12772,2356424,607.32,234,1,0.0500
12773,2356573,-32.78,149,0,0.0500
12774,2356596,-91.60,23,0,0.0500
12775,2356668,-63.54,72,0,0.0500
12776,2356914,606.66,246,1,0.0500
12777,2357151,606.45,237,1,0.0500
12778,2357203,-78.72,52,0,0.0500
12779,2357442,606.85,239,1,0.0500
12780,2357680,605.61,238,1,0.0500
12781,2357720,-84.85,40,0,0.0500
12782,2357943,605.86,223,1,0.0500
12783,2358164,605.66,221,1,0.0500
12784,2358416,605.56,252,1,0.0500
12785,2358659,606.04,243,1,0.0500
12786,2358902,606.60,243,1,0.0500
12787,2359050,-32.58,148,0,0.0500
12788,2359191,-35.64,141,0,0.0500
12789,2359301,-60.74,110,0,0.0500
12790,2359539,606.65,238,1,0.0500
12791,2359767,606.85,228,1,0.0500
12792,2359875,-59.99,108,0,0.0500
12793,2359969,-61.16,94,0,0.0500
12794,2360075,-61.87,106,0,0.0500
12795,2360180,-62.06,105,0,0.0500
12796,2360326,-32.36,146,0,0.0500
12797,2360575,609.88,249,1,0.0500
12798,2360656,-63.12,81,0,0.0500
12799,2360915,605.93,259,1,0.0500
12800,2360955,-85.05,40,0,0.0500
12801,2361212,607.70,257,1,0.0500
12802,2361389,-18.58,177,0,0.0500
12803,2361648,607.68,259,1,0.0500
12804,2361731,-63.98,83,0,0.0500
12805,2361982,605.60,251,1,0.0500
12806,2362068,-60.74,86,0,0.0500
12807,2362307,606.02,239,1,0.0500
12808,2362416,-61.04,109,0,0.0500
12809,2362571,-32.69,155,0,0.0500
12810,2362807,608.26,236,1,0.0500
12811,2363064,605.90,257,1,0.0500
12812,2363116,-78.93,52,0,0.0500
12813,2363172,-79.53,56,0,0.0500
12814,2363421,606.96,249,1,0.0500
12815,2363509,-60.34,88,0,0.0500
12816,2363750,606.84,241,1,0.0500
12817,2363985,606.37,235,1,0.0500
12818,2364232,607.62,247,1,0.0500
12819,2364467,605.73,235,1,0.0500
12820,2364645,-20.63,178,0,0.0500
12821,2364722,-60.95,77,0,0.0500
12822,2364966,607.13,244,1,0.0500
12823,2365050,-61.14,84,0,0.0500
12824,2365092,-84.65,42,0,0.0500
12825,2365153,-80.03,61,0,0.0500
12826,2365398,606.35,245,1,0.0500
12827,2365484,-60.94,86,0,0.0500
12828,2365736,605.87,252,1,0.0500
12829,2365776,-84.85,40,0,0.0500
12830,2365924,-32.38,148,0,0.0500
12831,2366071,-32.58,147,0,0.0500
12832,2366220,-32.46,149,0,0.0500
12833,2366333,-59.18,113,0,0.0500
12834,2366574,606.56,241,1,0.0500
12835,2366831,605.72,257,1,0.0500
12836,2367072,605.76,241,1,0.0500
12837,2367331,607.14,259,1,0.0500
12838,2367583,606.63,252,1,0.0500
12839,2367671,-60.54,88,0,0.0500
12840,2367761,-60.14,90,0,0.0500
12841,2367800,-85.04,39,0,0.0500
12842,2367958,-34.35,158,0,0.0500
12843,2368211,607.44,253,1,0.0500
12844,2368296,-60.82,85,0,0.0500
12845,2368393,-61.85,97,0,0.0500
12846,2368534,-33.56,141,0,0.0500
12847,2368788,605.63,254,1,0.0500
12848,2369037,606.84,249,1,0.0500
12849,2369124,-60.74,87,0,0.0500
12850,2369175,-79.34,51,0,0.0500
12851,2369430,605.45,255,1,0.0500
12852,2369679,605.71,249,1,0.0500
12853,2369777,-62.32,98,0,0.0500
12854,2369926,-32.17,149,0,0.0500
12855,2369965,-85.04,39,0,0.0500
12856,2370051,-61.16,86,0,0.0500
12857,2370297,606.57,246,1,0.0500
12858,2370388,-60.15,91,0,0.0500
12859,2370409,-91.80,21,0,0.0500
12860,2370659,607.68,250,1,0.0500
12861,2370681,-91.81,22,0,0.0500
12862,2370902,605.36,221,1,0.0500
12863,2371160,609.16,258,1,0.0500
12864,2371201,-84.85,41,0,0.0500
12865,2371347,-32.36,146,0,0.0500
12866,2371570,605.54,223,1,0.0500
12867,2371810,606.00,240,1,0.0500
12868,2371903,-61.89,93,0,0.0500
12869,2372048,-33.38,145,0,0.0500
12870,2372135,-60.95,87,0,0.0500
12871,2372385,606.84,250,1,0.0500
12872,2372539,-31.57,154,0,0.0500
12873,2372624,-60.99,85,0,0.0500
12874,2372765,-34.32,141,0,0.0500
12875,2372908,-33.98,143,0,0.0500
12876,2373052,-33.37,144,0,0.0500
12877,2373157,-61.92,105,0,0.0500
12878,2373410,606.59,253,1,0.0500
12879,2373679,605.84,269,1,0.0500
12880,2373825,-32.36,146,0,0.0500
12881,2374069,606.18,244,1,0.0500
12882,2374219,-32.39,150,0,0.0500
12883,2374460,605.67,241,1,0.0500
12884,2374697,605.42,237,1,0.0500
12885,2374944,605.82,247,1,0.0500
12886,2375179,606.15,235,1,0.0500
12887,2375441,608.07,262,1,0.0500
12888,2375481,-84.85,40,0,0.0500
12889,2375753,608.32,272,1,0.0500
12890,2375995,605.66,242,1,0.0500
12891,2376272,607.58,277,1,0.0500
12892,2376379,-62.10,107,0,0.0500
12893,2376525,-33.37,146,0,0.0500
12894,2376624,-62.69,99,0,0.0500
12895,2376708,-61.76,84,0,0.0500
12896,2376808,-62.03,100,0,0.0500
12897,2377056,607.48,248,1,0.0500
12898,2377207,-32.71,151,0,0.0500
12899,2377260,-79.92,53,0,0.0500
12900,2377520,608.08,260,1,0.0500
12901,2377761,605.31,241,1,0.0500
12902,2378004,606.70,243,1,0.0500
12903,2378250,605.82,246,1,0.0500
12904,2378482,606.51,232,1,0.0500
12905,2378660,-20.89,178,0,0.0500
12906,2378907,607.61,247,1,0.0500
12907,2379053,-32.36,146,0,0.0500
12908,2379280,606.76,227,1,0.0500
12909,2379522,605.57,242,1,0.0500
12910,2379765,605.32,243,1,0.0500
12911,2380019,605.96,254,1,0.0500
12912,2380295,607.34,276,1,0.0500
12913,2380546,608.09,251,1,0.0500
12914,2380586,-84.85,40,0,0.0500
12915,2380677,-61.20,91,0,0.0500
12916,2380920,606.06,243,1,0.0500
12917,2381061,-35.00,141,0,0.0500
12918,2381167,-61.04,106,0,0.0500
12919,2381314,-32.57,147,0,0.0500
12920,2381467,-33.89,153,0,0.0500
12921,2381699,605.98,232,1,0.0500
12922,2381933,607.21,234,1,0.0500
12923,2381973,-84.85,40,0,0.0500
12924,2382220,606.77,247,1,0.0500
12925,2382457,605.62,237,1,0.0500
12926,2382562,-62.01,105,0,0.0500
12927,2382818,605.94,256,1,0.0500
12928,2383062,606.16,244,1,0.0500
12929,2383316,607.21,254,1,0.0500
12930,2383548,606.39,232,1,0.0500
12931,2383804,606.22,256,1,0.0500
12932,2383953,-32.56,149,0,0.0500
12933,2384219,609.10,266,1,0.0500
12934,2384459,606.97,240,1,0.0500
12935,2384709,606.12,250,1,0.0500
12936,2384949,606.84,240,1,0.0500
12937,2384973,-91.61,24,0,0.0500
12938,2385076,-54.10,103,0,0.0500
12939,2385181,-61.86,105,0,0.0500
12940,2385435,606.38,254,1,0.0500
12941,2385681,606.45,246,1,0.0500
12942,2385932,607.55,251,1,0.0500
12943,2386183,607.06,251,1,0.0500
12944,2386433,604.93,250,1,0.0500
12945,2386661,604.96,228,1,0.0500
12946,2386802,-36.06,141,0,0.0500
12947,2387062,607.16,260,1,0.0500
12948,2387307,606.17,245,1,0.0500
12949,2387562,606.34,255,1,0.0500
12950,2387800,606.34,238,1,0.0500
12951,2387946,-32.77,146,0,0.0500
12952,2388181,607.41,235,1,0.0500
12953,2388236,-79.72,55,0,0.0500
12954,2388500,607.20,264,1,0.0500
12955,2388780,606.85,280,1,0.0500
12956,2388833,-79.92,53,0,0.0500
12957,2388980,-32.54,147,0,0.0500
12958,2389001,-91.80,21,0,0.0500
12959,2389147,-32.36,146,0,0.0500
12960,2389387,605.80,240,1,0.0500
12961,2389655,607.47,268,1,0.0500
12962,2389891,607.40,236,1,0.0500
12963,2390037,-32.75,146,0,0.0500
12964,2390190,-33.24,153,0,0.0500
12965,2390431,607.04,241,1,0.0500
12966,2390517,-60.79,86,0,0.0500
12967,2390569,-78.51,52,0,0.0500
12968,2390715,-32.78,146,0,0.0500
12969,2390971,606.99,256,1,0.0500
12970,2391227,607.46,256,1,0.0500
12971,2391494,608.32,267,1,0.0500
12972,2391739,606.14,245,1,0.0500
12973,2391970,606.30,231,1,0.0500
12974,2392221,607.05,251,1,0.0500
12975,2392479,606.96,258,1,0.0500
12976,2392583,-62.28,104,0,0.0500
12977,2392820,607.19,237,1,0.0500
12978,2393059,606.43,239,1,0.0500
12979,2393300,606.62,241,1,0.0500
12980,2393450,-32.15,150,0,0.0500
12981,2393591,-36.06,141,0,0.0500
12982,2393734,-35.24,143,0,0.0500
12983,2393976,605.76,242,1,0.0500
12984,2394027,-79.03,51,0,0.0500
12985,2394082,-79.72,55,0,0.0500
12986,2394134,-78.51,52,0,0.0500
12987,2394392,606.45,258,1,0.0500
12988,2394651,606.35,259,1,0.0500
12989,2394896,607.32,245,1,0.0500
12990,2395042,-35.60,146,0,0.0500
12991,2395187,-35.58,145,0,0.0500
12992,2395239,-78.93,52,0,0.0500
12993,2395383,-36.09,144,0,0.0500
12994,2395615,606.71,232,1,0.0500
12995,2395868,607.43,253,1,0.0500
12996,2396118,605.79,250,1,0.0500
12997,2396219,-61.65,101,0,0.0500
12998,2396467,606.41,248,1,0.0500
12999,2396654,-19.74,187,0,0.0500
13000,2396916,606.41,262,1,0.0500
13001,2397125,-19.22,209,0,0.0500
13002,2397378,606.06,253,1,0.0500
13003,2397431,-79.72,53,0,0.0500
13004,2397653,606.07,222,1,0.0500
13005,2397902,606.75,249,1,0.0500
13006,2398007,-62.28,105,0,0.0500
13007,2398059,-78.93,52,0,0.0500
13008,2398202,-36.08,143,0,0.0500
13009,2398348,-32.75,146,0,0.0500
13010,2398497,-33.11,149,0,0.0500
13011,2398678,-21.78,181,0,0.0500
13012,2398730,-79.14,52,0,0.0500
13013,2398976,606.56,246,1,0.0500
13014,2399117,-36.18,141,0,0.0500
13015,2399358,606.41,241,1,0.0500
13016,2399409,-79.34,51,0,0.0500
13017,2399656,605.70,247,1,0.0500
13018,2399899,606.81,243,1,0.0500
13019,2400005,-61.84,106,0,0.0500
13020,2400089,-61.34,84,0,0.0500
13021,2400340,606.30,251,1,0.0500
13022,2400445,-60.27,105,0,0.0500
13023,2400543,-62.64,98,0,0.0500
13024,2400795,608.71,252,1,0.0500
13025,2400897,-62.64,102,0,0.0500
13026,2401162,607.95,265,1,0.0500
13027,2401274,-59.51,112,0,0.0500
13028,2401380,-61.89,106,0,0.0500
13029,2401625,606.56,245,1,0.0500
13030,2401808,-21.59,183,0,0.0500
13031,2402055,606.24,247,1,0.0500
13032,2402301,608.57,246,1,0.0500
13033,2402384,-61.54,83,0,0.0500
13034,2402635,607.45,251,1,0.0500
13035,2402659,-91.96,24,0,0.0500
13036,2402758,-61.49,99,0,0.0500
13037,2403013,606.46,255,1,0.0500
13038,2403265,606.43,252,1,0.0500
13039,2403440,-21.08,175,0,0.0500
13040,2403546,-62.16,106,0,0.0500
13041,2403644,-60.42,98,0,0.0500
13042,2403906,606.61,262,1,0.0500
13043,2404163,606.65,257,1,0.0500
13044,2404411,606.47,248,1,0.0500
13045,2404523,-61.82,112,0,0.0500
13046,2404756,605.44,233,1,0.0500
13047,2405026,606.73,270,1,0.0500
13048,2405265,605.18,239,1,0.0500
13049,2405450,-21.71,185,0,0.0500
13050,2405553,-62.72,103,0,0.0500
13051,2405700,-32.76,147,0,0.0500
13052,2405740,-85.05,40,0,0.0500
13053,2405838,-61.75,98,0,0.0500
13054,2406082,606.56,244,1,0.0500
13055,2406330,605.94,248,1,0.0500
13056,2406382,-78.93,52,0,0.0500
13057,2406661,607.82,279,1,0.0500
13058,2406917,607.40,256,1,0.0500
13059,2407164,607.52,247,1,0.0500
13060,2407310,-33.20,146,0,0.0500
13061,2407546,605.42,236,1,0.0500
13062,2407598,-79.96,52,0,0.0500
13063,2407701,-62.30,103,0,0.0500
13064,2407952,606.44,251,1,0.0500
13065,2408205,607.46,253,1,0.0500
13066,2408351,-33.17,146,0,0.0500
13067,2408403,-78.51,52,0,0.0500
13068,2408554,-33.09,151,0,0.0500
13069,2408790,607.31,236,1,0.0500
13070,2408893,-62.59,103,0,0.0500
13071,2409134,605.76,241,1,0.0500
13072,2409282,-32.25,148,0,0.0500
13073,2409526,606.36,244,1,0.0500
13074,2409773,606.45,247,1,0.0500
13075,2410021,605.35,248,1,0.0500
13076,2410242,606.19,221,1,0.0500
13077,2410495,605.96,253,1,0.0500
13078,2410599,-62.48,104,0,0.0500
13079,2410686,-60.65,87,0,0.0500
13080,2410937,605.25,251,1,0.0500
13081,2411177,605.36,240,1,0.0500
13082,2411421,606.18,244,1,0.0500
13083,2411520,-63.13,99,0,0.0500
13084,2411666,-33.79,146,0,0.0500
13085,2411768,-62.68,102,0,0.0500
13086,2411909,-36.17,141,0,0.0500
13087,2412008,-61.83,99,0,0.0500
13088,2412284,607.87,276,1,0.0500
13089,2412540,606.43,256,1,0.0500
13090,2412812,606.65,272,1,0.0500
13091,2413091,607.92,279,1,0.0500
13092,2413189,-62.63,98,0,0.0500
13093,2413213,-91.61,24,0,0.0500
13094,2413469,606.35,256,1,0.0500
13095,2413706,606.03,237,1,0.0500
13096,2413847,-35.22,141,0,0.0500
13097,2414074,606.34,227,1,0.0500
13098,2414319,605.84,245,1,0.0500
13099,2414423,-61.45,104,0,0.0500
13100,2414681,608.04,258,1,0.0500
13101,2414926,607.61,245,1,0.0500
13102,2415067,-36.06,141,0,0.0500
13103,2415213,-32.95,146,0,0.0500
13104,2415297,-59.24,84,0,0.0500
13105,2415369,-63.54,72,0,0.0500
13106,2415626,608.23,257,1,0.0500
13107,2415877,607.54,251,1,0.0500
13108,2416155,608.36,278,1,0.0500
13109,2416406,607.04,251,1,0.0500
13110,2416655,606.85,249,1,0.0500
13111,2416800,-34.84,145,0,0.0500
13112,2417064,608.39,264,1,0.0500
13113,2417209,-34.65,145,0,0.0500
13114,2417454,606.26,245,1,0.0500
13115,2417691,607.81,237,1,0.0500
13116,2417934,605.77,243,1,0.0500
13117,2418075,-36.08,141,0,0.0500
13118,2418305,606.20,230,1,0.0500
13119,2418446,-36.06,141,0,0.0500
13120,2418667,605.88,221,1,0.0500
13121,2418809,-34.17,142,0,0.0500
13122,2419044,605.52,235,1,0.0500
13123,2419122,-62.54,78,0,0.0500
13124,2419366,605.76,244,1,0.0500
13125,2419619,607.22,253,1,0.0500
13126,2419728,-61.30,109,0,0.0500
13127,2419832,-62.66,104,0,0.0500
13128,2420066,607.64,234,1,0.0500
13129,2420351,607.44,285,1,0.0500
13130,2420534,-20.64,183,0,0.0500
13131,2420680,-32.36,146,0,0.0500
13132,2420769,-60.35,89,0,0.0500
13133,2420992,606.28,223,1,0.0500
13134,2421247,607.51,255,1,0.0500
13135,2421388,-36.06,141,0,0.0500
13136,2421635,605.08,247,1,0.0500
13137,2421909,607.68,274,1,0.0500
13138,2422143,605.96,234,1,0.0500
13139,2422362,604.95,219,1,0.0500
13140,2422597,606.99,235,1,0.0500
13141,2422820,606.28,223,1,0.0500
13142,2423077,607.60,257,1,0.0500
13143,2423224,-32.54,147,0,0.0500
13144,2423459,606.36,235,1,0.0500
13145,2423566,-62.04,107,0,0.0500
13146,2423656,-59.94,90,0,0.0500
13147,2423708,-78.93,52,0,0.0500
13148,2423953,606.16,245,1,0.0500
13149,2424201,606.85,248,1,0.0500
13150,2424352,-32.91,151,0,0.0500
13151,2424607,605.56,255,1,0.0500
13152,2424851,606.09,244,1,0.0500
13153,2425099,606.55,248,1,0.0500
13154,2425357,607.17,258,1,0.0500
13155,2425609,606.48,252,1,0.0500
13156,2425661,-79.15,52,0,0.0500
13157,2425912,607.37,251,1,0.0500
13158,2426170,605.19,258,1,0.0500
13159,2426252,-61.02,82,0,0.0500
13160,2426492,606.42,240,1,0.0500
13161,2426642,-32.15,150,0,0.0500
13162,2426733,-60.56,91,0,0.0500
13163,2426831,-61.66,98,0,0.0500
13164,2426938,-61.00,107,0,0.0500
13165,2427020,-59.29,82,0,0.0500
13166,2427125,-61.27,105,0,0.0500
13167,2427197,-63.74,72,0,0.0500
13168,2427459,607.47,262,1,0.0500
13169,2427694,607.63,235,1,0.0500
13170,2427938,607.85,244,1,0.0500
13171,2428196,606.98,258,1,0.0500
13172,2428341,-32.76,145,0,0.0500
13173,2428588,606.96,247,1,0.0500
13174,2428838,606.81,250,1,0.0500
13175,2428988,-32.70,150,0,0.0500
13176,2429134,-32.95,146,0,0.0500
13177,2429368,607.21,234,1,0.0500
13178,2429615,606.98,247,1,0.0500
13179,2429762,-32.57,147,0,0.0500
13180,2429904,-33.97,142,0,0.0500
13181,2430144,607.68,240,1,0.0500
13182,2430243,-62.17,99,0,0.0500
13183,2430355,-61.06,112,0,0.0500
13184,2430500,-32.76,145,0,0.0500
13185,2430601,-59.96,101,0,0.0500
13186,2430711,-60.58,110,0,0.0500
13187,2430857,-32.36,146,0,0.0500
13188,2431007,-32.69,150,0,0.0500
13189,2431230,605.86,223,1,0.0500
13190,2431284,-78.54,54,0,0.0500
13191,2431306,-91.80,22,0,0.0500
13192,2431543,607.60,237,1,0.0500
13193,2431795,605.66,252,1,0.0500
13194,2431936,-35.84,141,0,0.0500
13195,2432191,606.24,255,1,0.0500
13196,2432264,-63.02,73,0,0.0500
13197,2432362,-61.70,98,0,0.0500
13198,2432546,-21.39,184,0,0.0500
13199,2432806,606.94,260,1,0.0500
13200,2432947,-36.06,141,0,0.0500
13201,2433200,606.18,253,1,0.0500
13202,2433303,-60.95,103,0,0.0500
13203,2433554,605.87,251,1,0.0500
13204,2433700,-32.98,146,0,0.0500
13205,2433961,606.84,261,1,0.0500
13206,2434220,606.98,259,1,0.0500
13207,2434271,-78.71,51,0,0.0500
13208,2434516,606.37,245,1,0.0500
13209,2434750,605.95,234,1,0.0500
13210,2435002,606.11,252,1,0.0500
13211,2435258,607.28,256,1,0.0500
13212,2435507,606.19,249,1,0.0500
13213,2435610,-62.58,103,0,0.0500
13214,2435846,606.78,236,1,0.0500
13215,2436111,608.15,265,1,0.0500
13216,2436382,605.34,271,1,0.0500
13217,2436628,606.56,246,1,0.0500
13218,2436774,-32.36,146,0,0.0500
13219,2436857,-61.55,83,0,0.0500
13220,2437103,606.55,246,1,0.0500
13221,2437354,607.57,251,1,0.0500
13222,2437460,-62.29,106,0,0.0500
13223,2437711,605.96,251,1,0.0500
13224,2437961,606.12,250,1,0.0500
13225,2438235,605.94,274,1,0.0500
13226,2438381,-32.78,146,0,0.0500
13227,2438659,605.41,278,1,0.0500
13228,2438907,606.96,248,1,0.0500
13229,2439157,605.19,250,1,0.0500
13230,2439405,606.74,248,1,0.0500
13231,2439650,605.85,245,1,0.0500
13232,2439702,-78.51,52,0,0.0500
13233,2439852,-32.15,150,0,0.0500
13234,2440110,607.04,258,1,0.0500
13235,2440357,607.18,247,1,0.0500
13236,2440498,-35.36,141,0,0.0500
13237,2440731,606.08,233,1,0.0500
13238,2440878,-32.90,147,0,0.0500
13239,2441022,-32.45,144,0,0.0500
13240,2441284,606.75,262,1,0.0500
13241,2441382,-62.96,98,0,0.0500
13242,2441626,606.18,244,1,0.0500
13243,2441767,-35.64,141,0,0.0500
13244,2441877,-62.01,110,0,0.0500
13245,2441929,-78.93,52,0,0.0500
13246,2442078,-32.99,149,0,0.0500
13247,2442360,609.25,282,1,0.0500
13248,2442608,607.04,248,1,0.0500
13249,2442629,-92.00,21,0,0.0500
13250,2442737,-61.29,108,0,0.0500
13251,2442982,605.63,245,1,0.0500
13252,2443262,607.38,280,1,0.0500
13253,2443537,606.61,275,1,0.0500
13254,2443638,-62.98,101,0,0.0500
13255,2443894,606.78,256,1,0.0500
13256,2443995,-62.71,101,0,0.0500
13257,2444253,605.22,258,1,0.0500
13258,2444404,-32.18,151,0,0.0500
13259,2444581,-20.06,177,0,0.0500
13260,2444679,-62.48,98,0,0.0500
13261,2444781,-61.63,102,0,0.0500
13262,2444960,-21.97,179,0,0.0500
13263,2445227,608.32,267,1,0.0500
13264,2445250,-91.76,23,0,0.0500
13265,2445302,-78.93,52,0,0.0500
13266,2445548,605.93,246,1,0.0500
13267,2445796,607.28,248,1,0.0500
13268,2446068,606.48,272,1,0.0500
13269,2446319,605.25,251,1,0.0500
13270,2446569,607.29,250,1,0.0500
13271,2446677,-61.47,108,0,0.0500
13272,2446957,606.45,280,1,0.0500
13273,2447065,-62.14,108,0,0.0500
13274,2447311,607.21,246,1,0.0500
13275,2447545,606.48,234,1,0.0500
13276,2447789,606.18,244,1,0.0500
13277,2448041,606.19,252,1,0.0500
13278,2448306,607.74,265,1,0.0500
13279,2448484,-32.77,178,0,0.0500
13280,2448593,-63.37,109,0,0.0500
13281,2448742,-32.37,149,0,0.0500
13282,2449005,605.90,263,1,0.0500
13283,2449259,607.63,254,1,0.0500
13284,2449504,606.16,245,1,0.0500
13285,2449525,-91.80,21,0,0.0500
13286,2449790,606.93,265,1,0.0500
13287,2449812,-91.80,22,0,0.0500
13288,2449869,-79.53,57,0,0.0500
13289,2449973,-62.68,104,0,0.0500
13290,2450200,605.39,227,1,0.0500
13291,2450398,-22.93,198,0,0.0500
13292,2450635,607.39,237,1,0.0500
13293,2450857,606.07,222,1,0.0500
13294,2450998,-36.06,141,0,0.0500
13295,2451238,605.39,240,1,0.0500
13296,2451286,-78.79,48,0,0.0500
13297,2451529,605.62,243,1,0.0500
13298,2451581,-78.93,52,0,0.0500
13299,2451831,605.68,250,1,0.0500
13300,2452082,606.62,251,1,0.0500
13301,2452231,-32.78,149,0,0.0500
13302,2452474,606.16,243,1,0.0500
13303,2452649,-20.97,175,0,0.0500
13304,2452883,605.74,234,1,0.0500
13305,2453129,606.45,246,1,0.0500
13306,2453199,-64.27,70,0,0.0500
13307,2453300,-61.88,101,0,0.0500
13308,2453547,605.00,247,1,0.0500
13309,2453623,-60.64,76,0,0.0500
13310,2453882,606.84,259,1,0.0500
13311,2454131,605.17,249,1,0.0500
13312,2454366,606.99,235,1,0.0500
13313,2454612,605.08,246,1,0.0500
13314,2454845,607.33,233,1,0.0500
13315,2454991,-32.77,146,0,0.0500
13316,2455039,-78.79,48,0,0.0500
13317,2455275,605.72,236,1,0.0500
13318,2455520,605.93,245,1,0.0500
13319,2455604,-62.60,84,0,0.0500
13320,2455847,606.27,243,1,0.0500
13321,2455994,-32.56,147,0,0.0500
13322,2456250,604.88,256,1,0.0500
13323,2456351,-62.25,101,0,0.0500
13324,2456606,606.99,255,1,0.0500
13325,2456657,-79.14,51,0,0.0500
13326,2456731,-62.63,74,0,0.0500
13327,2456884,-33.80,153,0,0.0500
13328,2457119,606.26,235,1,0.0500
13329,2457343,605.84,224,1,0.0500
13330,2457593,605.36,250,1,0.0500
13331,2457849,606.37,256,1,0.0500
13332,2458102,605.64,253,1,0.0500
13333,2458243,-35.22,141,0,0.0500
13334,2458487,605.87,244,1,0.0500
13335,2458779,613.46,292,1,0.0500
13336,2458892,-58.67,113,0,0.0500
13337,2459153,606.72,261,1,0.0500
13338,2459392,605.36,239,1,0.0500
13339,2459645,606.05,253,1,0.0500
13340,2459788,-34.82,143,0,0.0500
13341,2460048,606.82,260,1,0.0500
13342,2460307,607.38,259,1,0.0500
13343,2460556,606.84,249,1,0.0500
13344,2460702,-32.75,146,0,0.0500
13345,2460759,-79.74,57,0,0.0500
13346,2461020,607.79,261,1,0.0500
13347,2461168,-32.47,148,0,0.0500
13348,2461219,-79.34,51,0,0.0500
13349,2461331,-59.29,112,0,0.0500
13350,2461484,-33.34,153,0,0.0500
13351,2461587,-62.26,103,0,0.0500
13352,2461832,606.14,245,1,0.0500
13353,2462139,613.40,307,1,0.0500
13354,2462280,-35.22,141,0,0.0500
13355,2462332,-78.93,52,0,0.0500
13356,2462384,-78.93,52,0,0.0500
13357,2462536,-31.96,152,0,0.0500
13358,2462645,-60.98,109,0,0.0500
13359,2462681,-84.63,36,0,0.0500
13360,2462933,606.43,252,1,0.0500
13361,2462979,-79.19,46,0,0.0500
13362,2463120,-35.22,141,0,0.0500
13363,2463342,606.07,222,1,0.0500
13364,2463599,606.14,257,1,0.0500
13365,2463653,-79.93,54,0,0.0500
13366,2463877,606.68,224,1,0.0500
13367,2464139,607.32,262,1,0.0500
13368,2464385,606.76,246,1,0.0500
13369,2464632,607.20,247,1,0.0500
13370,2464858,606.15,226,1,0.0500
13371,2465116,606.33,258,1,0.0500
13372,2465257,-34.38,141,0,0.0500
13373,2465507,606.54,250,1,0.0500
13374,2465658,-32.31,151,0,0.0500
13375,2465710,-78.93,52,0,0.0500
13376,2465959,605.58,249,1,0.0500
13377,2466064,-62.87,105,0,0.0500
13378,2466367,609.55,303,1,0.0500
13379,2466647,607.05,280,1,0.0500
13380,2466894,606.23,247,1,0.0500
13381,2467048,-34.54,154,0,0.0500
13382,2467189,-35.64,141,0,0.0500
13383,2467445,605.94,256,1,0.0500
13384,2467703,606.88,258,1,0.0500
13385,2467844,-34.58,141,0,0.0500
13386,2467923,-60.67,79,0,0.0500
13387,2468156,607.65,233,1,0.0500
13388,2468423,608.14,267,1,0.0500
13389,2468671,607.11,248,1,0.0500
13390,2468918,606.26,247,1,0.0500
13391,2469025,-62.54,107,0,0.0500
13392,2469174,-31.97,149,0,0.0500
13393,2469419,605.84,245,1,0.0500
13394,2469535,-56.73,116,0,0.0500
13395,2469676,-36.48,141,0,0.0500
13396,2469755,-60.67,79,0,0.0500
13397,2469904,-32.79,149,0,0.0500
13398,2470156,606.32,252,1,0.0500
13399,2470406,606.84,250,1,0.0500
13400,2470457,-79.03,51,0,0.0500
13401,2470705,606.95,248,1,0.0500
13402,2470948,605.95,243,1,0.0500
13403,2471193,605.94,245,1,0.0500
13404,2471464,605.81,271,1,0.0500
13405,2471575,-62.64,111,0,0.0500
13406,2471679,-62.06,104,0,0.0500
13407,2471787,-61.63,108,0,0.0500
13408,2471932,-34.45,145,0,0.0500
13409,2472199,606.46,267,1,0.0500
13410,2472435,606.14,236,1,0.0500
13411,2472541,-61.99,106,0,0.0500
13412,2472793,605.89,252,1,0.0500
13413,2473026,606.39,233,1,0.0500
13414,2473273,606.24,247,1,0.0500
13415,2473377,-62.70,104,0,0.0500
13416,2473456,-61.09,79,0,0.0500
13417,2473532,-60.84,76,0,0.0500
13418,2473774,604.93,242,1,0.0500
13419,2473877,-63.08,103,0,0.0500
13420,2473900,-91.60,23,0,0.0500
13421,2474078,-21.31,178,0,0.0500
13422,2474334,605.84,256,1,0.0500
13423,2474590,607.61,256,1,0.0500
13424,2474810,605.67,220,1,0.0500
13425,2475044,607.42,234,1,0.0500
13426,2475306,606.72,262,1,0.0500
13427,2475417,-61.47,111,0,0.0500
13428,2475646,607.05,229,1,0.0500
13429,2475893,605.72,247,1,0.0500
13430,2476144,606.01,251,1,0.0500
13431,2476196,-79.15,52,0,0.0500
13432,2476350,-32.52,154,0,0.0500
13433,2476457,-61.26,107,0,0.0500
13434,2476690,606.08,233,1,0.0500
13435,2476793,-62.26,103,0,0.0500
13436,2477040,606.37,247,1,0.0500
13437,2477181,-36.06,141,0,0.0500
13438,2477416,606.15,235,1,0.0500
13439,2477564,-32.76,148,0,0.0500
13440,2477803,606.55,239,1,0.0500
13441,2478044,605.26,241,1,0.0500
13442,2478150,-62.53,106,0,0.0500
13443,2478404,606.05,254,1,0.0500
13444,2478663,606.74,259,1,0.0500
13445,2478902,607.27,239,1,0.0500
13446,2479150,606.95,248,1,0.0500
13447,2479408,606.66,258,1,0.0500
13448,2479657,606.85,249,1,0.0500
13449,2479902,607.10,245,1,0.0500
13450,2480144,605.98,242,1,0.0500
13451,2480333,-19.64,189,0,0.0500
13452,2480585,606.38,252,1,0.0500
13453,2480690,-61.79,105,0,0.0500
13454,2480873,-21.59,183,0,0.0500
13455,2481117,607.74,244,1,0.0500
13456,2481371,606.17,254,1,0.0500
13457,2481597,606.25,226,1,0.0500
13458,2481694,-62.29,97,0,0.0500
13459,2481835,-34.99,141,0,0.0500
13460,2482093,607.69,258,1,0.0500
13461,2482144,-79.14,51,0,0.0500
13462,2482400,605.49,256,1,0.0500
13463,2482665,607.43,265,1,0.0500
13464,2482910,608.69,245,1,0.0500
13465,2483151,606.41,241,1,0.0500
13466,2483203,-79.35,52,0,0.0500
13467,2483442,605.18,239,1,0.0500
13468,2483686,605.63,244,1,0.0500
13469,2483834,-32.57,148,0,0.0500
13470,2484062,606.02,228,1,0.0500
13471,2484311,607.45,249,1,0.0500
13472,2484560,606.65,249,1,0.0500
13473,2484708,-32.97,148,0,0.0500
13474,2484981,607.23,273,1,0.0500
13475,2485223,605.66,242,1,0.0500
13476,2485471,606.44,248,1,0.0500
13477,2485721,607.27,250,1,0.0500
13478,2485818,-61.68,97,0,0.0500
13479,2485874,-79.47,56,0,0.0500
13480,2486020,-32.75,146,0,0.0500
13481,2486279,605.68,259,1,0.0500
13482,2486530,607.02,251,1,0.0500
13483,2486800,608.39,270,1,0.0500
13484,2487020,605.67,220,1,0.0500
13485,2487073,-79.86,53,0,0.0500
13486,2487327,606.20,254,1,0.0500
13487,2487437,-62.35,110,0,0.0500
13488,2487686,606.55,249,1,0.0500
13489,2487932,606.04,246,1,0.0500
13490,2488160,606.43,228,1,0.0500
13491,2488305,-32.65,145,0,0.0500
13492,2488398,-61.90,93,0,0.0500
13493,2488475,-62.94,77,0,0.0500
13494,2488727,605.56,252,1,0.0500
13495,2488970,606.28,243,1,0.0500
13496,2489213,606.06,243,1,0.0500
13497,2489476,606.71,263,1,0.0500
13498,2489576,-61.62,100,0,0.0500
13499,2489733,-34.43,157,0,0.0500
13500,2490001,608.85,268,1,0.0500
13501,2490240,605.59,239,1,0.0500
13502,2490292,-79.15,52,0,0.0500
13503,2490570,606.22,278,1,0.0500
13504,2490820,605.87,250,1,0.0500
13505,2491060,605.79,240,1,0.0500
13506,2491322,608.28,262,1,0.0500
13507,2491477,-31.19,155,0,0.0500
13508,2491737,605.96,260,1,0.0500
13509,2491914,-20.49,177,0,0.0500
13510,2492154,606.73,240,1,0.0500
13511,2492207,-79.92,53,0,0.0500
13512,2492439,607.14,232,1,0.0500
13513,2492492,-79.92,53,0,0.0500
13514,2492740,606.32,248,1,0.0500
13515,2492983,607.87,243,1,0.0500
13516,2493132,-32.36,149,0,0.0500
13517,2493367,608.46,235,1,0.0500
13518,2493615,607.18,248,1,0.0500
13519,2493722,-62.35,107,0,0.0500
13520,2493973,606.07,251,1,0.0500
13521,2494225,606.37,252,1,0.0500
13522,2494467,605.77,242,1,0.0500
13523,2494720,605.56,253,1,0.0500
13524,2494955,606.14,235,1,0.0500
13525,2495213,606.55,258,1,0.0500
13526,2495235,-91.95,22,0,0.0500
13527,2495484,606.46,249,1,0.0500
13528,2495754,605.80,270,1,0.0500
13529,2496010,606.56,256,1,0.0500
13530,2496256,605.08,246,1,0.0500
13531,2496510,606.17,254,1,0.0500
13532,2496559,-79.75,49,0,0.0500
13533,2496705,-33.49,146,0,0.0500
13534,2496757,-79.14,52,0,0.0500
13535,2497018,607.04,261,1,0.0500
13536,2497273,607.42,255,1,0.0500
13537,2497526,606.18,253,1,0.0500
13538,2497578,-78.73,52,0,0.0500
13539,2497820,606.53,242,1,0.0500
13540,2497910,-60.35,90,0,0.0500
13541,2498147,606.03,237,1,0.0500
13542,2498381,607.95,234,1,0.0500
13543,2498641,607.78,260,1,0.0500
13544,2498888,605.58,247,1,0.0500
13545,2498971,-59.03,83,0,0.0500
13546,2499172,-19.88,201,0,0.0500
13547,2499416,606.06,244,1,0.0500
13548,2499661,606.14,245,1,0.0500
13549,2499810,-33.00,149,0,0.0500
13550,2500058,606.95,248,1,0.0500
13551,2500305,608.12,247,1,0.0500
13552,2500450,-32.97,145,0,0.0500
13553,2500703,605.34,253,1,0.0500
13554,2500925,605.02,222,1,0.0500
13555,2501073,-32.35,148,0,0.0500
13556,2501318,606.08,245,1,0.0500
13557,2501553,607.63,235,1,0.0500
13558,2501808,606.57,255,1,0.0500
13559,2502066,606.56,258,1,0.0500
13560,2502319,605.95,253,1,0.0500
13561,2502567,605.34,248,1,0.0500
13562,2502815,607.28,248,1,0.0500
13563,2503113,606.36,298,1,0.0500
13564,2503254,-34.58,141,0,0.0500
13565,2503411,-35.07,157,0,0.0500
13566,2503665,606.17,254,1,0.0500
13567,2503921,609.20,256,1,0.0500
13568,2504012,-60.37,91,0,0.0500
13569,2504257,607.41,245,1,0.0500
13570,2504516,608.68,259,1,0.0500
13571,2504564,-79.11,48,0,0.0500
13572,2504711,-32.76,147,0,0.0500
13573,2504956,606.50,245,1,0.0500
13574,2505177,605.66,221,1,0.0500
13575,2505281,-62.81,104,0,0.0500
13576,2505459,-20.38,178,0,0.0500
13577,2505719,607.07,260,1,0.0500
13578,2505967,606.26,248,1,0.0500
13579,2506071,-61.46,104,0,0.0500
13580,2506147,-60.64,76,0,0.0500
13581,2506390,606.59,243,1,0.0500
13582,2506639,605.71,249,1,0.0500
13583,2506865,605.73,226,1,0.0500
13584,2507113,606.05,248,1,0.0500
13585,2507359,606.41,246,1,0.0500
13586,2507604,605.96,245,1,0.0500
13587,2507852,607.09,248,1,0.0500
13588,2508100,605.68,248,1,0.0500
13589,2508358,606.32,258,1,0.0500
13590,2508613,607.42,255,1,0.0500
13591,2508868,607.45,255,1,0.0500
13592,2509012,-33.56,144,0,0.0500
13593,2509255,606.60,243,1,0.0500
13594,2509364,-60.85,109,0,0.0500
13595,2509619,606.54,255,1,0.0500
13596,2509857,606.23,238,1,0.0500
13597,2510092,607.41,235,1,0.0500
13598,2510240,-33.10,148,0,0.0500
13599,2510474,606.69,234,1,0.0500
13600,2510622,-33.51,148,0,0.0500
13601,2510768,-32.36,146,0,0.0500
13602,2510949,-21.78,181,0,0.0500
13603,2511001,-78.93,52,0,0.0500
13604,2511254,605.76,253,1,0.0500
13605,2511400,-33.28,146,0,0.0500
13606,2511647,606.76,247,1,0.0500
13607,2511884,608.02,237,1,0.0500
13608,2512032,-32.68,148,0,0.0500
13609,2512173,-35.22,141,0,0.0500
13610,2512324,-33.34,151,0,0.0500
13611,2512567,605.82,243,1,0.0500
13612,2512820,606.10,253,1,0.0500
13613,2512921,-55.33,101,0,0.0500
13614,2513174,605.76,253,1,0.0500
13615,2513437,607.64,263,1,0.0500
13616,2513527,-60.14,90,0,0.0500
13617,2513708,-20.31,181,0,0.0500
13618,2513963,608.56,255,1,0.0500
13619,2514062,-61.34,99,0,0.0500
13620,2514210,-32.68,148,0,0.0500
13621,2514458,606.02,248,1,0.0500
13622,2514700,605.66,242,1,0.0500
13623,2514751,-79.98,51,0,0.0500
13624,2515017,606.03,266,1,0.0500
13625,2515258,606.83,241,1,0.0500
13626,2515513,606.91,255,1,0.0500
13627,2515612,-61.82,99,0,0.0500
13628,2515854,606.13,242,1,0.0500
13629,2515964,-60.08,110,0,0.0500
13630,2516070,-61.89,106,0,0.0500
13631,2516327,605.96,257,1,0.0500
13632,2516477,-32.70,150,0,0.0500
13633,2516750,607.90,273,1,0.0500
13634,2516936,-21.71,186,0,0.0500
13635,2517035,-63.08,99,0,0.0500
13636,2517287,606.84,252,1,0.0500
13637,2517549,608.40,262,1,0.0500
13638,2517639,-60.77,90,0,0.0500
13639,2517887,609.49,248,1,0.0500
13640,2518143,606.89,256,1,0.0500
13641,2518242,-60.18,99,0,0.0500
13642,2518332,-60.56,90,0,0.0500
13643,2518621,607.40,289,1,0.0500
13644,2518885,607.33,264,1,0.0500
13645,2519130,606.28,245,1,0.0500
13646,2519351,605.46,221,1,0.0500
13647,2519492,-35.66,141,0,0.0500
13648,2519576,-59.39,84,0,0.0500
13649,2519836,608.75,260,1,0.0500
13650,2520094,606.31,258,1,0.0500
13651,2520342,606.53,248,1,0.0500
13652,2520394,-79.15,52,0,0.0500
13653,2520644,606.54,250,1,0.0500
13654,2520696,-78.93,52,0,0.0500
13655,2520849,-31.59,153,0,0.0500
13656,2521087,605.09,238,1,0.0500
13657,2521139,-78.93,52,0,0.0500
13658,2521367,605.80,228,1,0.0500
13659,2521507,-34.37,140,0,0.0500
13660,2521761,607.54,254,1,0.0500
13661,2522007,606.25,246,1,0.0500
13662,2522239,606.29,232,1,0.0500
13663,2522482,605.74,243,1,0.0500
13664,2522752,607.06,270,1,0.0500
13665,2523004,606.09,252,1,0.0500
13666,2523251,606.45,247,1,0.0500
13667,2523490,605.35,239,1,0.0500
13668,2523745,606.04,255,1,0.0500
13669,2524017,606.43,272,1,0.0500
13670,2524275,606.54,258,1,0.0500
13671,2524473,-22.15,198,0,0.0500
13672,2524742,608.00,269,1,0.0500
13673,2525002,605.27,260,1,0.0500
13674,2525256,607.84,254,1,0.0500
13675,2525517,606.31,261,1,0.0500
13676,2525759,605.87,242,1,0.0500
13677,2526008,605.68,249,1,0.0500
13678,2526155,-32.87,147,0,0.0500
13679,2526207,-79.15,52,0,0.0500
13680,2526463,606.46,256,1,0.0500
13681,2526705,605.82,242,1,0.0500
13682,2526812,-60.37,107,0,0.0500
13683,2526918,-62.19,106,0,0.0500
13684,2527175,607.07,257,1,0.0500
13685,2527420,606.26,245,1,0.0500
13686,2527668,606.86,248,1,0.0500
13687,2527907,607.48,239,1,0.0500
13688,2528092,-20.87,185,0,0.0500
13689,2528238,-32.75,146,0,0.0500
13690,2528474,605.94,236,1,0.0500
13691,2528526,-78.93,52,0,0.0500
13692,2528782,606.25,256,1,0.0500
13693,2529032,607.23,250,1,0.0500
13694,2529179,-32.76,147,0,0.0500
13695,2529435,605.79,256,1,0.0500
13696,2529589,-33.68,154,0,0.0500
13697,2529840,606.20,251,1,0.0500
13698,2529985,-33.90,145,0,0.0500
13699,2530088,-59.99,103,0,0.0500
13700,2530344,606.56,256,1,0.0500
13701,2530454,-60.14,110,0,0.0500
13702,2530706,607.13,252,1,0.0500
13703,2530947,605.24,241,1,0.0500
13704,2531205,606.94,258,1,0.0500
13705,2531471,606.87,266,1,0.0500
13706,2531731,606.95,260,1,0.0500
13707,2531992,606.82,261,1,0.0500
13708,2532246,606.58,254,1,0.0500
13709,2532393,-32.54,147,0,0.0500
13710,2532623,606.11,230,1,0.0500
13711,2532675,-79.92,52,0,0.0500
13712,2532936,607.57,261,1,0.0500
13713,2533189,605.47,253,1,0.0500
13714,2533448,607.14,259,1,0.0500
13715,2533695,604.87,247,1,0.0500
13716,2533938,605.85,243,1,0.0500
13717,2534193,605.92,255,1,0.0500
13718,2534438,606.46,245,1,0.0500
13719,2534490,-79.92,52,0,0.0500
13720,2534744,606.35,254,1,0.0500
13721,2534995,607.25,251,1,0.0500
13722,2535248,606.48,253,1,0.0500
13723,2535393,-34.11,145,0,0.0500
13724,2535652,606.32,259,1,0.0500
13725,2535738,-60.74,86,0,0.0500
13726,2535847,-61.65,109,0,0.0500
13727,2535951,-60.74,104,0,0.0500
13728,2536061,-61.37,110,0,0.0500
13729,2536113,-79.15,52,0,0.0500
13730,2536354,605.25,241,1,0.0500
13731,2536465,-59.99,111,0,0.0500
13732,2536570,-56.64,105,0,0.0500
13733,2536815,606.14,245,1,0.0500
13734,2537054,605.36,239,1,0.0500
13735,2537229,-21.19,175,0,0.0500
13736,2537477,605.27,248,1,0.0500
13737,2537733,606.83,256,1,0.0500
13738,2537985,605.67,252,1,0.0500
13739,2538041,-79.53,56,0,0.0500
13740,2538188,-33.63,147,0,0.0500
13741,2538451,606.20,263,1,0.0500
13742,2538694,607.44,243,1,0.0500
13743,2538799,-61.66,105,0,0.0500
13744,2539043,605.85,244,1,0.0500
13745,2539065,-91.81,22,0,0.0500
13746,2539151,-59.56,86,0,0.0500
13747,2539255,-62.21,104,0,0.0500
13748,2539407,-32.14,152,0,0.0500
13749,2539698,607.11,291,1,0.0500
13750,2539956,606.76,258,1,0.0500
13751,2540206,604.96,250,1,0.0500
13752,2540451,607.00,245,1,0.0500
13753,2540703,606.91,252,1,0.0500
13754,2540961,605.71,258,1,0.0500
13755,2541189,605.49,228,1,0.0500
13756,2541443,606.39,254,1,0.0500
13757,2541553,-60.55,110,0,0.0500
13758,2541814,607.36,261,1,0.0500
13759,2542073,606.53,259,1,0.0500
13760,2542321,606.53,248,1,0.0500
13761,2542361,-84.85,40,0,0.0500
13762,2542612,607.28,251,1,0.0500
13763,2542641,-91.03,29,0,0.0500
13764,2542728,-58.76,87,0,0.0500
13765,2542877,-33.11,149,0,0.0500
13766,2543112,604.79,235,1,0.0500
13767,2543364,605.66,252,1,0.0500
13768,2543628,607.21,264,1,0.0500
13769,2543649,-91.80,21,0,0.0500
13770,2543748,-61.82,99,0,0.0500
13771,2543889,-34.38,141,0,0.0500
13772,2543997,-60.42,108,0,0.0500
13773,2544240,605.55,243,1,0.0500
13774,2544498,606.93,258,1,0.0500
13775,2544757,607.36,259,1,0.0500
13776,2544909,-32.84,152,0,0.0500
13777,2545144,606.99,235,1,0.0500
13778,2545253,-62.82,109,0,0.0500
13779,2545478,606.46,225,1,0.0500
13780,2545731,607.34,253,1,0.0500
13781,2545985,606.59,254,1,0.0500
13782,2546238,606.28,253,1,0.0500
13783,2546263,-91.42,25,0,0.0500
13784,2546370,-61.84,107,0,0.0500
13785,2546629,608.25,259,1,0.0500
13786,2546735,-61.42,106,0,0.0500
13787,2546879,-33.15,144,0,0.0500
13788,2547128,608.44,249,1,0.0500
13789,2547216,-60.65,88,0,0.0500
13790,2547314,-61.22,98,0,0.0500
13791,2547585,607.56,271,1,0.0500
13792,2547638,-78.64,53,0,0.0500
13793,2547690,-78.93,52,0,0.0500
13794,2547831,-35.24,141,0,0.0500
13795,2548087,606.55,256,1,0.0500
13796,2548337,606.33,250,1,0.0500
13797,2548595,606.43,258,1,0.0500
13798,2548686,-60.36,91,0,0.0500
13799,2548832,-32.77,146,0,0.0500
13800,2549053,605.57,221,1,0.0500
13801,2549302,607.06,249,1,0.0500
13802,2549582,608.46,280,1,0.0500
13803,2549726,-33.15,144,0,0.0500
13804,2549909,-21.38,183,0,0.0500
13805,2550163,605.95,254,1,0.0500
13806,2550214,-78.50,51,0,0.0500
13807,2550262,-78.79,48,0,0.0500
13808,2550524,606.41,262,1,0.0500
13809,2550777,607.78,253,1,0.0500
13810,2551056,609.19,279,1,0.0500
13811,2551312,607.82,256,1,0.0500
13812,2551562,606.72,250,1,0.0500
13813,2551794,605.87,232,1,0.0500
13814,2551945,-32.33,151,0,0.0500
13815,2551993,-78.79,48,0,0.0500
13816,2552227,607.12,234,1,0.0500
13817,2552504,611.20,277,1,0.0500
13818,2552609,-60.61,105,0,0.0500
13819,2552868,607.49,259,1,0.0500
13820,2552921,-79.96,53,0,0.0500
13821,2552993,-63.54,72,0,0.0500
13822,2553045,-78.93,52,0,0.0500
13823,2553295,605.16,250,1,0.0500
13824,2553439,-33.29,144,0,0.0500
13825,2553696,606.37,257,1,0.0500
13826,2553841,-32.97,145,0,0.0500
13827,2553990,-32.36,149,0,0.0500
13828,2554030,-85.05,40,0,0.0500
13829,2554276,606.45,246,1,0.0500
13830,2554423,-33.40,147,0,0.0500
13831,2554516,-60.44,93,0,0.0500
13832,2554758,605.46,242,1,0.0500
13833,2554845,-60.54,87,0,0.0500
13834,2554991,-32.87,146,0,0.0500
13835,2555214,606.06,223,1,0.0500
13836,2555441,605.81,227,1,0.0500
13837,2555691,606.12,250,1,0.0500
13838,2555735,-78.23,44,0,0.0500
13839,2555969,605.96,234,1,0.0500
13840,2556219,606.34,250,1,0.0500
13841,2556483,605.97,264,1,0.0500
13842,2556748,607.44,265,1,0.0500
13843,2557004,606.68,256,1,0.0500
13844,2557154,-32.39,150,0,0.0500
13845,2557302,-32.94,148,0,0.0500
13846,2557547,606.58,245,1,0.0500
13847,2557786,607.27,239,1,0.0500
13848,2558045,606.96,259,1,0.0500
13849,2558291,606.16,246,1,0.0500
13850,2558555,608.80,264,1,0.0500
13851,2558607,-78.93,52,0,0.0500
13852,2558695,-60.66,88,0,0.0500
13853,2558748,-79.92,53,0,0.0500
13854,2558838,-60.13,90,0,0.0500
13855,2559100,607.26,262,1,0.0500
13856,2559347,605.09,247,1,0.0500
13857,2559615,607.46,268,1,0.0500
13858,2559863,606.74,248,1,0.0500
13859,2560124,606.86,261,1,0.0500
13860,2560271,-32.78,147,0,0.0500
13861,2560375,-54.95,104,0,0.0500
13862,2560529,-32.77,154,0,0.0500
13863,2560556,-91.22,27,0,0.0500
13864,2560700,-33.35,144,0,0.0500
13865,2560960,608.21,260,1,0.0500
13866,2561012,-78.93,52,0,0.0500
13867,2561180,-32.66,168,0,0.0500
13868,2561356,-20.79,176,0,0.0500
13869,2561459,-61.44,103,0,0.0500
13870,2561706,606.87,247,1,0.0500
13871,2561761,-79.87,55,0,0.0500
13872,2562022,607.36,261,1,0.0500
13873,2562172,-33.35,150,0,0.0500
13874,2562422,607.36,250,1,0.0500
13875,2562566,-33.77,144,0,0.0500
13876,2562708,-34.79,142,0,0.0500
13877,2562951,606.52,243,1,0.0500
13878,2563196,606.92,245,1,0.0500
13879,2563286,-60.14,90,0,0.0500
13880,2563544,606.76,258,1,0.0500
13881,2563721,-21.21,177,0,0.0500
13882,2563971,605.69,250,1,0.0500
13883,2564117,-32.87,146,0,0.0500
13884,2564350,607.22,233,1,0.0500
13885,2564494,-33.38,144,0,0.0500
13886,2564749,606.16,255,1,0.0500
13887,2564997,606.78,248,1,0.0500
13888,2565051,-79.72,54,0,0.0500
13889,2565143,-62.39,92,0,0.0500
13890,2565402,606.23,259,1,0.0500
13891,2565634,606.40,232,1,0.0500
13892,2565655,-91.80,21,0,0.0500
13893,2565901,606.26,246,1,0.0500
13894,2566148,606.06,247,1,0.0500
13895,2566410,606.91,262,1,0.0500
13896,2566658,605.97,248,1,0.0500
13897,2566735,-62.75,77,0,0.0500
13898,2566998,607.55,263,1,0.0500
13899,2567234,607.19,236,1,0.0500
13900,2567481,606.45,247,1,0.0500
13901,2567736,607.08,255,1,0.0500
13902,2567845,-61.62,109,0,0.0500
13903,2568094,607.06,249,1,0.0500
13904,2568147,-79.92,53,0,0.0500
13905,2568291,-33.15,144,0,0.0500
13906,2568545,605.53,254,1,0.0500
13907,2568780,605.22,235,1,0.0500
13908,2569026,606.45,246,1,0.0500
13909,2569167,-35.75,141,0,0.0500
13910,2569320,-34.30,153,0,0.0500
13911,2569569,606.43,249,1,0.0500
13912,2569621,-78.93,52,0,0.0500
13913,2569861,606.10,240,1,0.0500
13914,2570013,-33.30,152,0,0.0500
13915,2570261,606.75,248,1,0.0500
13916,2570486,605.40,225,1,0.0500
13917,2570735,606.94,249,1,0.0500
13918,2570843,-62.40,108,0,0.0500
13919,2571077,605.74,234,1,0.0500
13920,2571129,-78.93,52,0,0.0500
13921,2571223,-59.34,94,0,0.0500
13922,2571473,605.25,250,1,0.0500
13923,2571707,606.60,234,1,0.0500
13924,2571941,605.23,234,1,0.0500
13925,2572212,608.82,271,1,0.0500
13926,2572454,607.03,242,1,0.0500
13927,2572719,607.53,265,1,0.0500
13928,2572973,607.00,254,1,0.0500
13929,2573249,609.69,276,1,0.0500
13930,2573274,-91.82,25,0,0.0500
13931,2573364,-59.94,90,0,0.0500
13932,2573614,606.54,250,1,0.0500
13933,2573665,-79.34,51,0,0.0500
13934,2573924,606.54,259,1,0.0500
13935,2573975,-80.18,51,0,0.0500
13936,2574073,-61.81,98,0,0.0500
13937,2574318,606.69,245,1,0.0500
13938,2574459,-35.14,141,0,0.0500
13939,2574719,607.36,260,1,0.0500
13940,2574969,606.93,250,1,0.0500
13941,2575222,607.86,253,1,0.0500
13942,2575329,-61.26,107,0,0.0500
13943,2575571,606.05,242,1,0.0500
13944,2575660,-61.19,89,0,0.0500
13945,2575767,-61.25,107,0,0.0500
13946,2575788,-92.00,21,0,0.0500
13947,2575893,-59.13,105,0,0.0500
13948,2575947,-78.33,54,0,0.0500
13949,2576198,606.81,251,1,0.0500
13950,2576293,-60.29,95,0,0.0500
13951,2576314,-91.80,21,0,0.0500
13952,2576574,607.67,260,1,0.0500
13953,2576815,606.00,241,1,0.0500
13954,2576929,-60.09,114,0,0.0500
13955,2577042,-55.88,113,0,0.0500
13956,2577279,605.94,237,1,0.0500
13957,2577421,-33.97,142,0,0.0500
13958,2577675,605.56,254,1,0.0500
13959,2577747,-63.03,72,0,0.0500
13960,2578011,608.15,264,1,0.0500
13961,2578274,607.64,263,1,0.0500
13962,2578379,-60.41,105,0,0.0500
13963,2578614,605.34,235,1,0.0500
13964,2578767,-32.73,153,0,0.0500
13965,2579018,606.63,251,1,0.0500
13966,2579255,605.62,237,1,0.0500
13967,2579497,605.78,242,1,0.0500
13968,2579642,-33.50,145,0,0.0500
13969,2579750,-60.42,108,0,0.0500
13970,2579856,-61.24,106,0,0.0500
13971,2580087,605.77,231,1,0.0500
13972,2580330,605.62,243,1,0.0500
13973,2580567,605.22,237,1,0.0500
13974,2580814,606.54,247,1,0.0500
13975,2581076,607.12,262,1,0.0500
13976,2581330,606.91,254,1,0.0500
13977,2581580,606.00,250,1,0.0500
13978,2581721,-35.64,141,0,0.0500
13979,2581996,607.62,275,1,0.0500
13980,2582137,-35.55,141,0,0.0500
13981,2582185,-78.79,48,0,0.0500
13982,2582414,605.27,229,1,0.0500
13983,2582499,-59.36,85,0,0.0500
13984,2582725,606.04,226,1,0.0500
13985,2582975,605.77,250,1,0.0500
13986,2583221,605.41,246,1,0.0500
13987,2583457,608.04,236,1,0.0500
13988,2583710,607.86,253,1,0.0500
13989,2583972,608.41,262,1,0.0500
13990,2584076,-61.96,104,0,0.0500
13991,2584298,606.07,222,1,0.0500
13992,2584549,607.99,251,1,0.0500
13993,2584647,-61.33,98,0,0.0500
13994,2584736,-60.04,89,0,0.0500
13995,2584988,605.95,252,1,0.0500
13996,2585027,-85.25,39,0,0.0500
13997,2585281,605.75,254,1,0.0500
13998,2585530,607.06,249,1,0.0500
13999,2585788,606.02,258,1,0.0500
14000,2585929,-35.64,141,0,0.0500
14001,2586152,606.27,223,1,0.0500
14002,2586262,-61.62,110,0,0.0500
14003,2586314,-78.93,52,0,0.0500
14004,2586455,-35.64,141,0,0.0500
14005,2586709,607.64,254,1,0.0500
14006,2586934,605.83,225,1,0.0500
14007,2587084,-33.32,150,0,0.0500
14008,2587326,607.13,242,1,0.0500
14009,2587574,606.56,248,1,0.0500
14010,2587837,606.71,263,1,0.0500
14011,2588080,605.22,243,1,0.0500
14012,2588190,-61.40,110,0,0.0500
14013,2588214,-91.61,24,0,0.0500
14014,2588324,-60.93,110,0,0.0500
14015,2588473,-32.78,149,0,0.0500
14016,2588653,-21.44,180,0,0.0500
14017,2588797,-33.81,144,0,0.0500
14018,2589045,606.10,248,1,0.0500
14019,2589309,608.20,264,1,0.0500
14020,2589554,605.94,245,1,0.0500
14021,2589806,608.08,252,1,0.0500
14022,2590066,606.12,260,1,0.0500
14023,2590314,605.99,248,1,0.0500
14024,2590562,606.23,248,1,0.0500
14025,2590818,606.78,256,1,0.0500
14026,2590870,-78.30,52,0,0.0500
14027,2591011,-35.75,141,0,0.0500
14028,2591160,-32.48,149,0,0.0500
14029,2591416,607.72,256,1,0.0500
14030,2591664,606.65,248,1,0.0500
14031,2591918,607.85,254,1,0.0500
14032,2592174,607.10,256,1,0.0500
14033,2592419,606.70,245,1,0.0500
14034,2592519,-62.44,100,0,0.0500
14035,2592607,-60.75,88,0,0.0500
14036,2592851,606.15,244,1,0.0500
14037,2592899,-78.79,48,0,0.0500
14038,2593142,606.02,243,1,0.0500
14039,2593319,-32.64,177,0,0.0500
14040,2593564,605.60,245,1,0.0500
14041,2593713,-33.17,149,0,0.0500
14042,2593824,-61.62,111,0,0.0500
14043,2594002,-20.91,178,0,0.0500
14044,2594113,-60.47,111,0,0.0500
14045,2594364,607.33,251,1,0.0500
14046,2594612,606.93,248,1,0.0500
14047,2594764,-33.76,152,0,0.0500
14048,2594816,-80.12,52,0,0.0500
14049,2595045,606.39,229,1,0.0500
14050,2595098,-79.92,53,0,0.0500
14051,2595208,-61.29,110,0,0.0500
14052,2595462,607.31,254,1,0.0500
14053,2595709,606.57,247,1,0.0500
14054,2595955,606.59,246,1,0.0500
14055,2596096,-35.14,141,0,0.0500
14056,2596342,606.57,246,1,0.0500
14057,2596434,-59.94,92,0,0.0500
14058,2596544,-61.36,110,0,0.0500
14059,2596778,606.58,234,1,0.0500
14060,2596919,-34.80,141,0,0.0500
14061,2597177,608.20,258,1,0.0500
14062,2597324,-32.76,147,0,0.0500
14063,2597509,-21.75,185,0,0.0500
14064,2597654,-33.70,145,0,0.0500
14065,2597896,605.86,242,1,0.0500
14066,2598147,606.61,251,1,0.0500
14067,2598404,607.20,257,1,0.0500
14068,2598510,-59.53,106,0,0.0500
14069,2598752,605.87,242,1,0.0500
14070,2599013,607.89,261,1,0.0500
14071,2599250,605.42,237,1,0.0500
14072,2599502,606.27,252,1,0.0500
14073,2599643,-34.38,141,0,0.0500
14074,2599784,-34.38,141,0,0.0500
14075,2600006,606.07,222,1,0.0500
14076,2600156,-32.91,150,0,0.0500
14077,2600299,-33.48,143,0,0.0500
14078,2600544,606.58,245,1,0.0500
14079,2600596,-79.15,52,0,0.0500
14080,2600648,-78.93,52,0,0.0500
14081,2600896,606.44,248,1,0.0500
14082,2601002,-62.27,106,0,0.0500
14083,2601055,-80.32,53,0,0.0500
14084,2601158,-62.24,103,0,0.0500
14085,2601341,-21.59,183,0,0.0500
14086,2601574,607.64,233,1,0.0500
14087,2601721,-32.51,147,0,0.0500
14088,2601865,-33.15,144,0,0.0500
14089,2602045,-20.09,180,0,0.0500
14090,2602288,606.06,243,1,0.0500
14091,2602537,605.60,249,1,0.0500
14092,2602807,606.85,270,1,0.0500
14093,2602954,-33.50,147,0,0.0500
14094,2603044,-59.94,90,0,0.0500
14095,2603097,-79.92,53,0,0.0500
14096,2603150,-79.52,53,0,0.0500
14097,2603400,605.78,250,1,0.0500
14098,2603579,-20.39,179,0,0.0500
14099,2603677,-62.95,98,0,0.0500
14100,2603938,606.21,261,1,0.0500
14101,2604182,606.26,244,1,0.0500
14102,2604267,-59.14,85,0,0.0500
14103,2604508,605.66,241,1,0.0500
14104,2604652,-33.15,144,0,0.0500
14105,2604801,-34.38,149,0,0.0500
14106,2605064,608.38,263,1,0.0500
14107,2605317,607.23,253,1,0.0500
14108,2605562,606.05,245,1,0.0500
14109,2605710,-32.47,148,0,0.0500
14110,2605762,-78.51,52,0,0.0500
14111,2605903,-35.44,141,0,0.0500
14112,2605925,-91.80,22,0,0.0500
14113,2606155,605.26,230,1,0.0500
14114,2606357,-19.87,202,0,0.0500
14115,2606438,-60.16,81,0,0.0500
14116,2606702,607.64,264,1,0.0500
14117,2606755,-79.92,53,0,0.0500
14118,2606899,-33.15,144,0,0.0500
14119,2607004,-62.63,105,0,0.0500
14120,2607124,-58.90,120,0,0.0500
14121,2607230,-62.93,106,0,0.0500
14122,2607334,-62.26,104,0,0.0500
14123,2607591,608.34,257,1,0.0500
14124,2607644,-79.92,53,0,0.0500
14125,2607792,-32.98,148,0,0.0500
14126,2607941,-33.01,149,0,0.0500
14127,2608081,-35.96,140,0,0.0500
14128,2608335,608.17,254,1,0.0500
14129,2608439,-63.12,104,0,0.0500
14130,2608582,-35.16,143,0,0.0500
14131,2608856,606.89,274,1,0.0500
14132,2609113,606.44,257,1,0.0500
14133,2609365,605.96,252,1,0.0500
14134,2609417,-78.93,52,0,0.0500
14135,2609472,-78.34,55,0,0.0500
14136,2609726,608.06,254,1,0.0500
14137,2609779,-80.30,53,0,0.0500
14138,2610010,606.30,231,1,0.0500
14139,2610114,-61.56,104,0,0.0500
14140,2610220,-62.70,106,0,0.0500
14141,2610471,606.92,251,1,0.0500
14142,2610578,-62.14,107,0,0.0500
14143,2610835,606.41,257,1,0.0500
14144,2611015,-20.60,180,0,0.0500
14145,2611159,-33.15,144,0,0.0500
14146,2611306,-32.76,147,0,0.0500
14147,2611558,607.13,252,1,0.0500
14148,2611664,-61.61,106,0,0.0500
14149,2611909,605.72,245,1,0.0500
14150,2612186,606.76,277,1,0.0500
14151,2612434,605.79,248,1,0.0500
14152,2612487,-78.32,53,0,0.0500
14153,2612732,606.17,245,1,0.0500
14154,2612839,-61.16,107,0,0.0500
14155,2613111,607.28,272,1,0.0500
14156,2613359,606.74,248,1,0.0500
14157,2613446,-61.64,87,0,0.0500
14158,2613698,606.91,252,1,0.0500
14159,2613945,605.95,247,1,0.0500
14160,2614092,-32.76,147,0,0.0500
14161,2614241,-32.48,149,0,0.0500
14162,2614493,607.87,252,1,0.0500
14163,2614597,-62.93,104,0,0.0500
14164,2614743,-32.75,146,0,0.0500
14165,2614995,607.86,252,1,0.0500
14166,2615250,607.60,255,1,0.0500
14167,2615303,-79.92,53,0,0.0500
14168,2615447,-33.15,144,0,0.0500
14169,2615560,-55.46,113,0,0.0500
14170,2615657,-60.75,97,0,0.0500
14171,2615810,-32.51,153,0,0.0500
14172,2615863,-79.92,53,0,0.0500
14173,2616009,-32.75,146,0,0.0500
14174,2616260,607.21,251,1,0.0500
14175,2616413,-32.42,153,0,0.0500
14176,2616663,607.65,250,1,0.0500
14177,2616843,-20.79,180,0,0.0500
14178,2616926,-61.66,83,0,0.0500
14179,2617072,-34.96,146,0,0.0500
14180,2617219,-33.71,147,0,0.0500
14181,2617329,-60.71,110,0,0.0500
14182,2617579,607.26,250,1,0.0500
14183,2617631,-79.15,52,0,0.0500
14184,2617785,-31.68,154,0,0.0500
14185,2618024,606.01,239,1,0.0500
14186,2618282,606.64,258,1,0.0500
14187,2618426,-33.77,144,0,0.0500
14188,2618478,-78.93,52,0,0.0500
14189,2618499,-91.80,21,0,0.0500
14190,2618546,-79.00,47,0,0.0500
14191,2618594,-78.79,48,0,0.0500
14192,2618842,606.64,248,1,0.0500
14193,2618955,-55.66,113,0,0.0500
14194,2619204,606.44,249,1,0.0500
14195,2619466,607.53,262,1,0.0500
14196,2619573,-61.23,107,0,0.0500
14197,2619822,605.27,249,1,0.0500
14198,2619919,-61.79,97,0,0.0500
14199,2620010,-60.27,91,0,0.0500
14200,2620262,606.84,252,1,0.0500
14201,2620507,606.17,245,1,0.0500
14202,2620753,606.24,246,1,0.0500
14203,2621008,605.87,255,1,0.0500
14204,2621162,-32.22,154,0,0.0500
14205,2621424,606.21,262,1,0.0500
14206,2621697,608.81,273,1,0.0500
14207,2621802,-62.25,105,0,0.0500
14208,2622049,605.16,247,1,0.0500
14209,2622195,-33.16,146,0,0.0500
14210,2622466,606.20,271,1,0.0500
14211,2622740,606.92,274,1,0.0500
14212,2622841,-63.32,101,0,0.0500
14213,2623087,606.87,246,1,0.0500
14214,2623337,605.46,250,1,0.0500
14215,2623443,-60.72,106,0,0.0500
14216,2623687,606.16,244,1,0.0500
14217,2623944,606.58,257,1,0.0500
14218,2624040,-61.20,96,0,0.0500
14219,2624272,605.87,232,1,0.0500
14220,2624379,-61.26,107,0,0.0500
14221,2624615,605.21,236,1,0.0500
14222,2624729,-60.75,114,0,0.0500
14223,2624982,606.59,253,1,0.0500
14224,2625025,-84.66,43,0,0.0500
14225,2625170,-33.08,145,0,0.0500
14226,2625426,606.33,256,1,0.0500
14227,2625672,606.79,246,1,0.0500
14228,2625918,606.24,246,1,0.0500
14229,2626172,607.43,254,1,0.0500
14230,2626283,-59.49,111,0,0.0500
14231,2626525,605.87,242,1,0.0500
14232,2626771,606.65,246,1,0.0500
14233,2626876,-59.14,105,0,0.0500
14234,2626982,-61.52,106,0,0.0500
14235,2627162,-21.89,180,0,0.0500
14236,2627416,606.16,254,1,0.0500
14237,2627523,-60.86,107,0,0.0500
14238,2627750,606.34,227,1,0.0500
14239,2628012,606.93,262,1,0.0500
14240,2628116,-62.28,104,0,0.0500
14241,2628361,606.17,245,1,0.0500
14242,2628612,605.45,251,1,0.0500
14243,2628858,604.77,246,1,0.0500
14244,2629095,606.85,237,1,0.0500
14245,2629186,-61.41,91,0,0.0500
14246,2629450,607.24,264,1,0.0500
14247,2629696,606.23,246,1,0.0500
14248,2629939,605.55,243,1,0.0500
14249,2630187,606.44,248,1,0.0500
14250,2630446,606.75,259,1,0.0500
14251,2630595,-32.89,149,0,0.0500
14252,2630736,-34.80,141,0,0.0500
14253,2630918,-21.97,182,0,0.0500
14254,2631174,608.35,256,1,0.0500
14255,2631444,607.37,270,1,0.0500
14256,2631691,606.53,247,1,0.0500
14257,2631925,606.69,234,1,0.0500
14258,2631947,-91.80,22,0,0.0500
14259,2632092,-32.66,145,0,0.0500
14260,2632328,605.83,236,1,0.0500
14261,2632513,-21.31,185,0,0.0500
14262,2632768,606.05,255,1,0.0500
14263,2633028,607.35,260,1,0.0500
14264,2633266,607.59,238,1,0.0500
14265,2633501,606.90,235,1,0.0500
14266,2633723,605.55,222,1,0.0500
14267,2633970,606.24,247,1,0.0500
14268,2634215,606.98,245,1,0.0500
14269,2634461,606.66,246,1,0.0500
14270,2634602,-34.58,141,0,0.0500
14271,2634753,-32.70,151,0,0.0500
14272,2634861,-61.13,108,0,0.0500
14273,2635115,605.74,254,1,0.0500
14274,2635363,605.94,248,1,0.0500
14275,2635592,606.11,229,1,0.0500
14276,2635851,606.95,259,1,0.0500
14277,2636111,607.90,260,1,0.0500
14278,2636360,607.80,249,1,0.0500
14279,2636383,-91.60,23,0,0.0500
14280,2636529,-32.75,146,0,0.0500
14281,2636672,-33.48,143,0,0.0500
14282,2636724,-79.35,52,0,0.0500
14283,2636777,-79.96,53,0,0.0500
14284,2636850,-63.86,73,0,0.0500
14285,2637100,607.59,250,1,0.0500
14286,2637345,606.38,245,1,0.0500
14287,2637493,-32.68,148,0,0.0500
14288,2637737,606.80,244,1,0.0500
14289,2637959,606.07,222,1,0.0500
14290,2638213,606.41,254,1,0.0500
14291,2638460,606.66,247,1,0.0500
14292,2638701,605.78,241,1,0.0500
14293,2638954,606.06,253,1,0.0500
14294,2639238,608.41,284,1,0.0500
14295,2639483,605.84,245,1,0.0500
14296,2639630,-32.88,147,0,0.0500
14297,2639683,-79.96,53,0,0.0500
14298,2639826,-34.18,143,0,0.0500
14299,2640078,606.07,252,1,0.0500
14300,2640325,606.20,247,1,0.0500
14301,2640373,-78.79,48,0,0.0500
14302,2640523,-32.37,150,0,0.0500
14303,2640574,-79.14,51,0,0.0500
14304,2640829,605.00,255,1,0.0500
14305,2641081,607.78,252,1,0.0500
14306,2641337,607.09,256,1,0.0500
14307,2641482,-32.94,145,0,0.0500
14308,2641729,606.87,247,1,0.0500
14309,2641820,-60.14,91,0,0.0500
14310,2641966,-34.54,146,0,0.0500
14311,2642110,-33.35,144,0,0.0500
14312,2642364,607.95,254,1,0.0500
14313,2642598,606.06,234,1,0.0500
14314,2642835,606.87,237,1,0.0500
14315,2643100,607.32,265,1,0.0500
14316,2643361,606.52,261,1,0.0500
14317,2643411,-79.76,50,0,0.0500
14318,2643662,607.44,251,1,0.0500
14319,2643807,-33.16,145,0,0.0500
14320,2644055,606.53,248,1,0.0500
14321,2644107,-78.93,52,0,0.0500
14322,2644356,607.38,249,1,0.0500
14323,2644621,608.36,265,1,0.0500
14324,2644716,-59.75,95,0,0.0500
14325,2644961,606.45,245,1,0.0500
14326,2645014,-79.92,53,0,0.0500
14327,2645155,-34.38,141,0,0.0500
14328,2645446,610.42,291,1,0.0500
14329,2645707,607.24,261,1,0.0500
14330,2645955,606.44,248,1,0.0500
14331,2646203,605.24,248,1,0.0500
14332,2646307,-62.06,104,0,0.0500
14333,2646448,-34.70,141,0,0.0500
14334,2646677,606.46,229,1,0.0500
14335,2646788,-60.76,111,0,0.0500
14336,2647046,608.54,258,1,0.0500
14337,2647302,606.57,256,1,0.0500
14338,2647449,-33.08,147,0,0.0500
14339,2647590,-36.06,141,0,0.0500
14340,2647825,607.52,235,1,0.0500
14341,2648078,607.26,253,1,0.0500
14342,2648219,-35.22,141,0,0.0500
14343,2648482,609.44,263,1,0.0500
14344,2648723,605.78,241,1,0.0500
14345,2648967,606.06,244,1,0.0500
14346,2649113,-32.75,146,0,0.0500
14347,2649223,-61.24,110,0,0.0500
14348,2649316,-60.23,93,0,0.0500
14349,2649556,605.83,240,1,0.0500
14350,2649608,-79.14,52,0,0.0500
14351,2649714,-61.87,106,0,0.0500
14352,2649960,607.09,246,1,0.0500
14353,2650209,607.06,249,1,0.0500
14354,2650314,-61.75,105,0,0.0500
14355,2650495,-21.28,181,0,0.0500
14356,2650543,-78.79,48,0,0.0500
14357,2650600,-79.33,57,0,0.0500
14358,2650681,-60.30,81,0,0.0500
14359,2650733,-78.93,52,0,0.0500
14360,2651010,608.08,277,1,0.0500
14361,2651261,607.86,251,1,0.0500
14362,2651407,-33.04,146,0,0.0500
14363,2651655,606.86,248,1,0.0500
14364,2651817,-33.86,162,0,0.0500
14365,2652073,606.07,256,1,0.0500
14366,2652257,-22.16,184,0,0.0500
14367,2652523,606.98,266,1,0.0500
14368,2652637,-60.07,114,0,0.0500
14369,2652890,607.23,253,1,0.0500
14370,2653081,-21.13,191,0,0.0500
14371,2653340,606.96,259,1,0.0500
14372,2653603,607.35,263,1,0.0500
14373,2653848,606.47,245,1,0.0500
14374,2653990,-34.31,142,0,0.0500
14375,2654247,606.24,257,1,0.0500
14376,2654388,-36.26,141,0,0.0500
14377,2654628,604.93,240,1,0.0500
14378,2654864,605.62,236,1,0.0500
14379,2655097,606.39,233,1,0.0500
14380,2655352,606.15,255,1,0.0500
14381,2655495,-33.90,143,0,0.0500
14382,2655743,606.54,248,1,0.0500
14383,2655848,-55.38,105,0,0.0500
14384,2656089,605.86,241,1,0.0500
14385,2656234,-35.59,145,0,0.0500
14386,2656419,-20.39,185,0,0.0500
14387,2656657,605.70,238,1,0.0500
14388,2656805,-32.69,148,0,0.0500
14389,2657051,606.04,246,1,0.0500
14390,2657231,-20.40,180,0,0.0500
14391,2657283,-78.73,52,0,0.0500
14392,2657393,-61.96,110,0,0.0500
14393,2657542,-33.22,149,0,0.0500
14394,2657683,-34.38,141,0,0.0500
14395,2657736,-79.92,53,0,0.0500
14396,2657982,606.46,246,1,0.0500
14397,2658030,-78.79,48,0,0.0500
14398,2658280,605.81,250,1,0.0500
14399,2658526,607.41,246,1,0.0500
14400,2658634,-61.01,108,0,0.0500
14401,2658688,-79.55,54,0,0.0500
14402,2658795,-61.46,107,0,0.0500
14403,2659048,607.53,253,1,0.0500
14404,2659306,607.29,258,1,0.0500
14405,2659358,-78.93,52,0,0.0500
14406,2659411,-79.92,53,0,0.0500
14407,2659666,606.40,255,1,0.0500
14408,2659915,605.80,249,1,0.0500
14409,2660168,607.62,253,1,0.0500
14410,2660315,-32.54,147,0,0.0500
14411,2660368,-79.96,53,0,0.0500
14412,2660516,-33.30,148,0,0.0500
14413,2660658,-35.85,142,0,0.0500
14414,2660920,606.72,262,1,0.0500
14415,2661177,606.74,257,1,0.0500
14416,2661200,-91.60,23,0,0.0500
14417,2661453,606.18,253,1,0.0500
14418,2661709,607.08,256,1,0.0500
14419,2661948,604.85,239,1,0.0500
14420,2662196,605.49,248,1,0.0500
14421,2662338,-34.66,142,0,0.0500
14422,2662476,-53.46,138,0,0.0500
14423,2662582,-60.72,106,0,0.0500
14424,2662823,605.17,241,1,0.0500
14425,2662871,-78.79,48,0,0.0500
14426,2663113,606.62,242,1,0.0500
14427,2663378,608.57,265,1,0.0500
14428,2663462,-59.13,84,0,0.0500
14429,2663713,605.80,251,1,0.0500
14430,2663864,-33.93,151,0,0.0500
14431,2664085,605.57,221,1,0.0500
14432,2664237,-32.62,152,0,0.0500
14433,2664290,-79.74,53,0,0.0500
14434,2664432,-35.37,142,0,0.0500
14435,2664689,608.44,257,1,0.0500
14436,2664928,606.24,239,1,0.0500
14437,2664976,-78.79,48,0,0.0500
14438,2665157,-20.81,181,0,0.0500
14439,2665298,-35.63,141,0,0.0500
14440,2665482,-22.00,184,0,0.0500
14441,2665530,-78.79,48,0,0.0500
14442,2665578,-78.79,48,0,0.0500
14443,2665818,605.89,240,1,0.0500
14444,2666064,606.27,246,1,0.0500
14445,2666317,605.64,253,1,0.0500
14446,2666565,606.53,248,1,0.0500
14447,2666669,-60.94,104,0,0.0500
14448,2666817,-32.97,148,0,0.0500
14449,2667052,607.22,235,1,0.0500
14450,2667298,607.83,246,1,0.0500
14451,2667543,606.58,245,1,0.0500
14452,2667694,-33.13,151,0,0.0500
14453,2667940,606.15,246,1,0.0500
14454,2668182,606.31,242,1,0.0500
14455,2668425,605.54,243,1,0.0500
14456,2668678,604.92,253,1,0.0500
14457,2668925,607.52,247,1,0.0500
14458,2668973,-78.79,48,0,0.0500
14459,2669062,-60.34,89,0,0.0500
14460,2669305,607.14,243,1,0.0500
14461,2669544,604.97,239,1,0.0500
14462,2669800,607.64,256,1,0.0500
14463,2670051,606.33,251,1,0.0500
14464,2670209,-32.87,158,0,0.0500
14465,2670434,605.83,225,1,0.0500
14466,2670482,-78.79,48,0,0.0500
14467,2670628,-32.86,146,0,0.0500
14468,2670678,-78.74,50,0,0.0500
14469,2670730,-80.12,52,0,0.0500
14470,2670782,-78.93,52,0,0.0500
14471,2671034,606.08,252,1,0.0500
14472,2671144,-61.73,110,0,0.0500
14473,2671195,-78.75,51,0,0.0500
14474,2671464,608.12,269,1,0.0500
14475,2671727,607.23,263,1,0.0500
14476,2671990,606.97,263,1,0.0500
14477,2672254,609.00,264,1,0.0500
14478,2672302,-78.79,48,0,0.0500
14479,2672553,607.67,251,1,0.0500
14480,2672701,-33.29,148,0,0.0500
14481,2672943,605.57,242,1,0.0500
14482,2673199,605.84,256,1,0.0500
14483,2673340,-35.22,141,0,0.0500
14484,2673388,-78.79,48,0,0.0500
14485,2673650,607.26,262,1,0.0500
14486,2673909,609.15,259,1,0.0500
14487,2673999,-58.25,90,0,0.0500
14488,2674240,605.24,241,1,0.0500
14489,2674346,-60.95,106,0,0.0500
14490,2674496,-32.29,150,0,0.0500
14491,2674599,-62.24,103,0,0.0500
14492,2674843,607.85,244,1,0.0500
14493,2675099,605.91,256,1,0.0500
14494,2675344,605.94,245,1,0.0500
14495,2675599,607.84,255,1,0.0500
14496,2675860,606.82,261,1,0.0500
14497,2675913,-79.57,53,0,0.0500
14498,2676158,606.56,245,1,0.0500
14499,2676411,605.77,253,1,0.0500
14500,2676663,608.31,252,1,0.0500
14501,2676852,-29.12,189,0,0.0500
14502,2677028,-21.07,176,0,0.0500
14503,2677275,606.37,247,1,0.0500
14504,2677526,607.25,251,1,0.0500
14505,2677680,-32.79,154,0,0.0500
14506,2677933,607.44,253,1,0.0500
14507,2678174,608.93,241,1,0.0500
14508,2678264,-61.81,90,0,0.0500
14509,2678507,606.28,243,1,0.0500
14510,2678591,-59.35,84,0,0.0500
14511,2678732,-35.21,141,0,0.0500
14512,2678836,-61.49,104,0,0.0500
14513,2679066,606.73,230,1,0.0500
14514,2679118,-78.93,52,0,0.0500
14515,2679166,-78.79,48,0,0.0500
14516,2679305,-35.62,139,0,0.0500
14517,2679556,606.11,251,1,0.0500
14518,2679708,-33.88,152,0,0.0500
14519,2679816,-60.74,108,0,0.0500
14520,2680087,610.22,271,1,0.0500
14521,2680194,-60.86,107,0,0.0500
14522,2680301,-61.15,107,0,0.0500
14523,2680556,605.95,255,1,0.0500
14524,2680703,-32.76,147,0,0.0500
14525,2680956,606.30,253,1,0.0500
14526,2681056,-61.73,100,0,0.0500
14527,2681310,606.48,254,1,0.0500
14528,2681564,606.61,254,1,0.0500
14529,2681811,606.86,247,1,0.0500
14530,2682037,606.15,226,1,0.0500
14531,2682283,606.67,246,1,0.0500
14532,2682509,605.94,226,1,0.0500
14533,2682747,607.92,238,1,0.0500
14534,2683002,606.57,255,1,0.0500
14535,2683244,607.45,242,1,0.0500
14536,2683490,606.25,246,1,0.0500
14537,2683542,-79.16,52,0,0.0500
14538,2683651,-62.16,109,0,0.0500
14539,2683797,-32.67,146,0,0.0500
14540,2684053,607.81,256,1,0.0500
14541,2684286,607.12,233,1,0.0500
14542,2684395,-56.26,109,0,0.0500
14543,2684447,-78.93,52,0,0.0500
14544,2684537,-60.36,90,0,0.0500
14545,2684680,-33.98,143,0,0.0500
14546,2684920,606.00,240,1,0.0500
14547,2685025,-61.27,105,0,0.0500
14548,2685208,-19.91,183,0,0.0500
14549,2685463,607.42,255,1,0.0500
14550,2685694,607.36,231,1,0.0500
14551,2685946,606.30,252,1,0.0500
14552,2686200,605.99,254,1,0.0500
14553,2686450,606.73,250,1,0.0500
14554,2686699,606.63,249,1,0.0500
14555,2686920,605.56,221,1,0.0500
14556,2687165,606.55,245,1,0.0500
14557,2687272,-62.54,107,0,0.0500
14558,2687538,606.02,266,1,0.0500
14559,2687681,-33.89,143,0,0.0500
14560,2687944,609.45,263,1,0.0500
14561,2688182,606.23,238,1,0.0500
14562,2688357,-21.19,175,0,0.0500
14563,2688597,607.15,240,1,0.0500
14564,2688856,607.56,259,1,0.0500
14565,2689127,608.40,271,1,0.0500
14566,2689179,-78.93,52,0,0.0500
14567,2689426,606.82,247,1,0.0500
14568,2689679,606.62,253,1,0.0500
14569,2689909,606.52,230,1,0.0500
14570,2690159,606.54,250,1,0.0500
14571,2690399,606.36,240,1,0.0500
14572,2690637,606.23,238,1,0.0500
14573,2690862,605.94,225,1,0.0500
14574,2691103,605.04,241,1,0.0500
14575,2691254,-32.19,151,0,0.0500
14576,2691501,606.90,247,1,0.0500
14577,2691693,-21.78,192,0,0.0500
14578,2691950,606.66,257,1,0.0500
14579,2692195,606.26,245,1,0.0500
14580,2692341,-33.08,146,0,0.0500
14581,2692597,606.57,256,1,0.0500
14582,2692836,604.97,239,1,0.0500
14583,2692979,-34.59,143,0,0.0500
14584,2693120,-34.58,141,0,0.0500
14585,2693365,606.38,245,1,0.0500
14586,2693604,609.46,239,1,0.0500
14587,2693858,608.15,254,1,0.0500
14588,2694103,608.46,245,1,0.0500
14589,2694362,609.48,259,1,0.0500
14590,2694505,-35.02,143,0,0.0500
14591,2694736,607.14,231,1,0.0500
14592,2694980,606.05,244,1,0.0500
14593,2695032,-78.93,52,0,0.0500
14594,2695290,607.81,258,1,0.0500
14595,2695557,608.04,267,1,0.0500
14596,2695826,608.87,269,1,0.0500
14597,2696066,606.42,240,1,0.0500
14598,2696312,606.66,246,1,0.0500
14599,2696562,607.37,250,1,0.0500
14600,2696803,605.38,241,1,0.0500
14601,2696851,-78.79,48,0,0.0500
14602,2697102,607.26,251,1,0.0500
14603,2697210,-60.93,108,0,0.0500
14604,2697449,606.04,239,1,0.0500
14605,2697700,608.74,251,1,0.0500
14606,2697959,606.96,259,1,0.0500
14607,2698114,-33.18,155,0,0.0500
14608,2698348,609.31,234,1,0.0500
14609,2698396,-78.79,48,0,0.0500
14610,2698622,606.24,226,1,0.0500
14611,2698673,-79.03,51,0,0.0500
14612,2698815,-34.55,142,0,0.0500
14613,2698968,-32.73,153,0,0.0500
14614,2699112,-36.00,144,0,0.0500
14615,2699204,-59.95,92,0,0.0500
14616,2699467,608.38,263,1,0.0500
14617,2699613,-34.43,146,0,0.0500
14618,2699856,606.26,243,1,0.0500
14619,2699939,-59.56,83,0,0.0500
14620,2700196,606.88,257,1,0.0500
14621,2700442,607.11,246,1,0.0500
14622,2700528,-62.95,86,0,0.0500
14623,2700637,-60.95,109,0,0.0500
14624,2700887,607.14,250,1,0.0500
14625,2700939,-78.93,52,0,0.0500
14626,2701214,607.63,275,1,0.0500
14627,2701469,605.86,255,1,0.0500
14628,2701710,605.62,241,1,0.0500
14629,2701969,608.00,259,1,0.0500
14630,2702217,606.74,248,1,0.0500
14631,2702463,609.70,246,1,0.0500
14632,2702708,606.06,245,1,0.0500
14633,2702951,605.86,243,1,0.0500
14634,2703188,607.30,237,1,0.0500
14635,2703277,-60.55,89,0,0.0500
14636,2703332,-78.34,55,0,0.0500
14637,2703506,-33.03,174,0,0.0500
14638,2703610,-61.93,104,0,0.0500
14639,2703860,609.33,250,1,0.0500
14640,2704100,605.91,240,1,0.0500
14641,2704357,609.26,257,1,0.0500
14642,2704429,-63.78,72,0,0.0500
14643,2704689,608.18,260,1,0.0500
14644,2704775,-60.95,86,0,0.0500
14645,2705021,607.11,246,1,0.0500
14646,2705162,-36.06,141,0,0.0500
14647,2705420,606.53,258,1,0.0500
14648,2705672,606.99,252,1,0.0500
14649,2705932,608.86,260,1,0.0500
14650,2706186,606.58,254,1,0.0500
14651,2706361,-20.98,175,0,0.0500
14652,2706607,606.37,246,1,0.0500
14653,2706858,607.37,251,1,0.0500
14654,2707105,606.66,247,1,0.0500
14655,2707355,607.34,250,1,0.0500
14656,2707613,608.64,258,1,0.0500
14657,2707715,-62.81,102,0,0.0500
14658,2707808,-62.52,93,0,0.0500
14659,2707949,-35.14,141,0,0.0500
14660,2708001,-78.93,52,0,0.0500
14661,2708236,605.95,235,1,0.0500
14662,2708326,-58.88,90,0,0.0500
14663,2708572,605.40,246,1,0.0500
14664,2708828,607.59,256,1,0.0500
14665,2708925,-60.42,97,0,0.0500
14666,2709177,607.45,252,1,0.0500
14667,2709229,-78.51,52,0,0.0500
14668,2709456,606.56,227,1,0.0500
14669,2709707,607.24,251,1,0.0500
14670,2709758,-79.34,51,0,0.0500
14671,2710007,608.23,249,1,0.0500
14672,2710249,605.57,242,1,0.0500
14673,2710497,608.51,248,1,0.0500
14674,2710738,605.70,241,1,0.0500
14675,2711002,607.75,264,1,0.0500
14676,2711197,-22.66,195,0,0.0500
14677,2711299,-61.53,102,0,0.0500
14678,2711483,-20.44,184,0,0.0500
14679,2711630,-33.09,147,0,0.0500
14680,2711859,605.90,229,1,0.0500
14681,2712104,606.06,245,1,0.0500
14682,2712377,606.90,273,1,0.0500
14683,2712480,-61.98,103,0,0.0500
14684,2712732,607.00,252,1,0.0500
14685,2712992,609.36,260,1,0.0500
14686,2713258,606.89,266,1,0.0500
14687,2713512,606.77,254,1,0.0500
14688,2713657,-34.10,145,0,0.0500
14689,2713806,-32.69,149,0,0.0500
14690,2714052,605.71,246,1,0.0500
14691,2714310,607.57,258,1,0.0500
14692,2714555,606.16,245,1,0.0500
14693,2714701,-33.70,146,0,0.0500
14694,2714951,605.67,250,1,0.0500
14695,2715192,605.22,241,1,0.0500
14696,2715439,606.45,247,1,0.0500
14697,2715680,605.66,241,1,0.0500
14698,2715828,-33.10,148,0,0.0500
14699,2716071,605.66,243,1,0.0500
14700,2716123,-78.93,52,0,0.0500
14701,2716385,605.88,262,1,0.0500
14702,2716631,605.32,246,1,0.0500
14703,2716870,605.30,239,1,0.0500
14704,2717016,-34.33,146,0,0.0500
14705,2717038,-91.80,22,0,0.0500
14706,2717291,607.10,253,1,0.0500
14707,2717439,-32.88,148,0,0.0500
14708,2717706,607.41,267,1,0.0500
14709,2717847,-35.55,141,0,0.0500
14710,2718093,607.00,246,1,0.0500
14711,2718332,607.48,239,1,0.0500
14712,2718512,-20.50,180,0,0.0500
14713,2718756,606.29,244,1,0.0500
14714,2719017,608.09,261,1,0.0500
14715,2719192,-21.27,175,0,0.0500
14716,2719245,-79.93,53,0,0.0500
14717,2719348,-60.67,103,0,0.0500
14718,2719402,-78.96,54,0,0.0500
14719,2719450,-78.79,48,0,0.0500
14720,2719629,-19.99,179,0,0.0500
14721,2719887,607.81,258,1,0.0500
14722,2719909,-91.95,22,0,0.0500
14723,2720170,607.68,261,1,0.0500
14724,2720350,-20.00,180,0,0.0500
14725,2720460,-60.52,110,0,0.0500
14726,2720708,606.58,248,1,0.0500
14727,2720799,-61.42,91,0,0.0500
14728,2721057,606.03,258,1,0.0500
14729,2721296,605.06,239,1,0.0500
14730,2721447,-32.29,151,0,0.0500
14731,2721697,606.81,250,1,0.0500
14732,2721842,-33.08,145,0,0.0500
14733,2722109,607.90,267,1,0.0500
14734,2722360,607.34,251,1,0.0500
14735,2722605,606.18,245,1,0.0500
14736,2722841,605.21,236,1,0.0500
14737,2722889,-78.79,48,0,0.0500
14738,2723133,605.54,244,1,0.0500
14739,2723371,604.77,238,1,0.0500
14740,2723524,-32.31,153,0,0.0500
14741,2723838,612.85,314,1,0.0500
14742,2723886,-78.79,48,0,0.0500
14743,2724133,606.55,247,1,0.0500
14744,2724384,607.88,251,1,0.0500
14745,2724424,-84.85,40,0,0.0500
14746,2724671,605.27,247,1,0.0500
14747,2724917,605.83,246,1,0.0500
14748,2724969,-78.93,52,0,0.0500
14749,2725222,606.39,253,1,0.0500
14750,2725475,606.60,253,1,0.0500
14751,2725711,607.45,236,1,0.0500
14752,2725859,-33.60,148,0,0.0500
14753,2726107,606.76,248,1,0.0500
14754,2726361,607.84,254,1,0.0500
14755,2726615,607.02,254,1,0.0500
14756,2726844,605.90,229,1,0.0500
14757,2726949,-62.21,105,0,0.0500
14758,2727002,-79.92,53,0,0.0500
14759,2727260,606.68,258,1,0.0500
14760,2727519,607.83,259,1,0.0500
14761,2727671,-32.72,152,0,0.0500
14762,2727912,605.46,241,1,0.0500
14763,2728154,606.20,242,1,0.0500
14764,2728259,-61.26,105,0,0.0500
14765,2728507,606.74,248,1,0.0500
14766,2728761,606.57,254,1,0.0500
14767,2729028,608.56,267,1,0.0500
14768,2729270,605.86,242,1,0.0500
14769,2729526,606.79,256,1,0.0500
14770,2729772,606.04,246,1,0.0500
14771,2730006,605.96,234,1,0.0500
14772,2730267,607.69,261,1,0.0500
14773,2730351,-61.35,84,0,0.0500
14774,2730603,606.40,252,1,0.0500
14775,2730856,607.44,253,1,0.0500
14776,2730944,-60.64,88,0,0.0500
14777,2731192,606.95,248,1,0.0500
14778,2731346,-31.69,154,0,0.0500
14779,2731592,606.57,246,1,0.0500
14780,2731841,605.88,249,1,0.0500
14781,2732093,606.83,252,1,0.0500
14782,2732203,-61.74,110,0,0.0500
14783,2732353,-32.28,150,0,0.0500
14784,2732392,-85.04,39,0,0.0500
14785,2732489,-62.35,97,0,0.0500
14786,2732739,606.93,250,1,0.0500
14787,2732991,606.50,252,1,0.0500
14788,2733250,608.94,259,1,0.0500
14789,2733301,-79.55,51,0,0.0500
14790,2733556,607.84,255,1,0.0500
14791,2733822,608.13,266,1,0.0500
14792,2734066,605.78,244,1,0.0500
14793,2734309,606.60,243,1,0.0500
14794,2734456,-32.90,147,0,0.0500
14795,2734604,-32.69,148,0,0.0500
14796,2734713,-60.71,109,0,0.0500
14797,2734889,-21.40,176,0,0.0500
14798,2735030,-34.58,141,0,0.0500
14799,2735185,-33.08,155,0,0.0500
14800,2735443,608.75,258,1,0.0500
14801,2735585,-34.31,142,0,0.0500
14802,2735832,606.77,247,1,0.0500
14803,2735977,-33.57,145,0,0.0500
14804,2736118,-34.58,141,0,0.0500
14805,2736361,605.86,243,1,0.0500
14806,2736417,-79.36,56,0,0.0500
14807,2736511,-60.98,94,0,0.0500
14808,2736772,606.72,261,1,0.0500
14809,2737024,606.17,252,1,0.0500
14810,2737176,-33.37,152,0,0.0500
14811,2737286,-62.02,110,0,0.0500
14812,2737545,608.42,259,1,0.0500
14813,2737686,-35.66,141,0,0.0500
14814,2737827,-35.64,141,0,0.0500
14815,2738087,607.99,260,1,0.0500
14816,2738347,607.35,260,1,0.0500
14817,2738617,607.79,270,1,0.0500
14818,2738857,605.65,240,1,0.0500
14819,2738963,-62.34,106,0,0.0500
14820,2739205,605.87,242,1,0.0500
14821,2739453,606.86,248,1,0.0500
14822,2739594,-36.02,141,0,0.0500
14823,2739822,606.22,228,1,0.0500
14824,2740073,607.59,251,1,0.0500
14825,2740150,-60.54,77,0,0.0500
14826,2740409,606.97,259,1,0.0500
14827,2740516,-63.14,107,0,0.0500
14828,2740667,-32.48,151,0,0.0500
14829,2740943,607.53,276,1,0.0500
14830,2741203,609.37,260,1,0.0500
14831,2741465,607.56,262,1,0.0500
14832,2741735,606.55,270,1,0.0500
14833,2741965,606.31,230,1,0.0500
14834,2742042,-62.64,77,0,0.0500
14835,2742291,607.78,249,1,0.0500
14836,2742539,606.86,248,1,0.0500
14837,2742801,607.35,262,1,0.0500
14838,2743056,608.57,255,1,0.0500
14839,2743159,-61.79,103,0,0.0500
14840,2743310,-33.16,151,0,0.0500
14841,2743550,605.38,240,1,0.0500
14842,2743783,607.65,233,1,0.0500
14843,2744023,605.46,240,1,0.0500
14844,2744062,-85.04,39,0,0.0500
14845,2744203,-35.84,141,0,0.0500
14846,2744251,-78.79,48,0,0.0500
14847,2744513,607.59,262,1,0.0500
14848,2744756,606.04,243,1,0.0500
14849,2744902,-33.09,146,0,0.0500
14850,2745056,-31.69,154,0,0.0500
14851,2745207,-32.71,151,0,0.0500
14852,2745355,-32.83,148,0,0.0500
14853,2745610,607.60,255,1,0.0500
14854,2745877,607.40,267,1,0.0500
14855,2746121,605.64,244,1,0.0500
14856,2746369,608.06,248,1,0.0500
14857,2746617,606.55,248,1,0.0500
14858,2746858,605.22,241,1,0.0500
14859,2746965,-62.21,107,0,0.0500
14860,2747112,-33.10,147,0,0.0500
14861,2747386,607.65,274,1,0.0500
14862,2747496,-55.85,110,0,0.0500
14863,2747730,606.79,234,1,0.0500
14864,2747997,607.90,267,1,0.0500
14865,2748108,-56.70,111,0,0.0500
14866,2748342,607.21,234,1,0.0500
14867,2748604,607.23,262,1,0.0500
14868,2748860,606.56,256,1,0.0500
14869,2749126,609.62,266,1,0.0500
14870,2749365,609.38,239,1,0.0500
14871,2749460,-60.60,95,0,0.0500
14872,2749719,606.32,259,1,0.0500
14873,2749825,-60.91,106,0,0.0500
14874,2750007,-31.55,182,0,0.0500
14875,2750262,606.28,255,1,0.0500
14876,2750497,607.19,235,1,0.0500
14877,2750519,-91.80,22,0,0.0500
14878,2750660,-35.63,141,0,0.0500
14879,2750909,607.14,249,1,0.0500
14880,2751173,607.51,264,1,0.0500
14881,2751412,606.64,239,1,0.0500
14882,2751662,606.73,250,1,0.0500
14883,2751900,606.65,238,1,0.0500
14884,2752148,605.07,248,1,0.0500
14885,2752401,606.42,253,1,0.0500
14886,2752659,607.62,258,1,0.0500
14887,2752835,-20.48,176,0,0.0500
14888,2752943,-62.55,108,0,0.0500
14889,2752983,-84.85,40,0,0.0500
14890,2753163,-32.25,180,0,0.0500
14891,2753205,-84.98,42,0,0.0500
14892,2753302,-62.55,97,0,0.0500
14893,2753392,-61.44,90,0,0.0500
14894,2753543,-32.91,151,0,0.0500
14895,2753795,607.17,252,1,0.0500
14896,2754036,605.58,241,1,0.0500
14897,2754305,608.75,269,1,0.0500
14898,2754397,-62.81,92,0,0.0500
14899,2754651,607.22,254,1,0.0500
14900,2754806,-33.55,155,0,0.0500
14901,2754911,-63.43,105,0,0.0500
14902,2754967,-79.53,56,0,0.0500
14903,2755074,-62.16,107,0,0.0500
14904,2755180,-62.53,106,0,0.0500
14905,2755425,606.55,245,1,0.0500
14906,2755669,605.84,244,1,0.0500
14907,2755911,606.62,242,1,0.0500
14908,2756023,-63.20,112,0,0.0500
14909,2756078,-79.93,55,0,0.0500
14910,2756118,-85.19,40,0,0.0500
14911,2756297,-20.26,179,0,0.0500
14912,2756403,-62.95,106,0,0.0500
14913,2756639,606.88,236,1,0.0500
14914,2756866,605.92,227,1,0.0500
14915,2756940,-63.45,74,0,0.0500
14916,2757091,-34.27,151,0,0.0500
14917,2757342,606.40,251,1,0.0500
14918,2757539,-30.88,197,0,0.0500
14919,2757793,607.76,254,1,0.0500
14920,2758059,606.65,266,1,0.0500
14921,2758318,606.97,259,1,0.0500
14922,2758553,607.52,235,1,0.0500
14923,2758605,-79.35,52,0,0.0500
14924,2758849,607.76,244,1,0.0500
14925,2759094,606.24,245,1,0.0500
14926,2759198,-62.70,104,0,0.0500
14927,2759447,605.96,249,1,0.0500
14928,2759589,-35.10,142,0,0.0500
14929,2759827,608.58,238,1,0.0500
14930,2759935,-60.32,108,0,0.0500
14931,2760177,605.65,242,1,0.0500
14932,2760432,606.47,255,1,0.0500
14933,2760539,-61.79,107,0,0.0500
14934,2760777,605.60,238,1,0.0500
14935,2760830,-80.32,53,0,0.0500
14936,2760982,-33.44,152,0,0.0500
14937,2761241,607.56,259,1,0.0500
14938,2761461,605.25,220,1,0.0500
14939,2761605,-33.57,144,0,0.0500
14940,2761841,607.73,236,1,0.0500
14941,2762092,606.65,251,1,0.0500
14942,2762198,-62.05,106,0,0.0500
14943,2762463,611.31,265,1,0.0500
14944,2762611,-33.31,148,0,0.0500
14945,2762847,607.09,236,1,0.0500
14946,2762895,-78.79,48,0,0.0500
14947,2763150,607.42,255,1,0.0500
14948,2763411,608.29,261,1,0.0500
14949,2763569,-31.99,158,0,0.0500
14950,2763827,606.76,258,1,0.0500
14951,2763940,-61.76,113,0,0.0500
14952,2764200,606.95,260,1,0.0500
14953,2764307,-62.54,107,0,0.0500
14954,2764455,-32.92,148,0,0.0500
14955,2764701,606.67,246,1,0.0500
14956,2764944,605.83,243,1,0.0500
14957,2765203,606.23,259,1,0.0500
14958,2765378,-20.86,175,0,0.0500
14959,2765633,608.81,255,1,0.0500
14960,2765774,-35.75,141,0,0.0500
14961,2766028,607.86,254,1,0.0500
14962,2766080,-79.15,52,0,0.0500
14963,2766304,605.33,224,1,0.0500
14964,2766560,608.28,256,1,0.0500
14965,2766611,-79.03,51,0,0.0500
14966,2766865,607.22,254,1,0.0500
14967,2767091,607.61,226,1,0.0500
14968,2767196,-62.00,105,0,0.0500
14969,2767462,607.32,266,1,0.0500
14970,2767709,606.54,247,1,0.0500
14971,2767851,-34.95,142,0,0.0500
14972,2768100,607.06,249,1,0.0500
14973,2768211,-61.32,111,0,0.0500
14974,2768432,605.66,221,1,0.0500
14975,2768674,605.45,242,1,0.0500
14976,2768816,-34.31,142,0,0.0500
14977,2768927,-54.60,111,0,0.0500
14978,2769180,606.13,253,1,0.0500
14979,2769439,606.34,259,1,0.0500
14980,2769547,-62.13,108,0,0.0500
14981,2769599,-79.15,52,0,0.0500
14982,2769744,-35.64,145,0,0.0500
14983,2769989,605.72,245,1,0.0500
14984,2770041,-78.93,52,0,0.0500
14985,2770290,606.94,249,1,0.0500
14986,2770543,605.86,253,1,0.0500
14987,2770651,-56.67,108,0,0.0500
14988,2770758,-62.46,107,0,0.0500
14989,2770899,-36.48,141,0,0.0500
14990,2771135,606.36,236,1,0.0500
14991,2771174,-85.04,39,0,0.0500
14992,2771404,607.57,230,1,0.0500
14993,2771644,606.63,240,1,0.0500
14994,2771791,-32.76,147,0,0.0500
14995,2771942,-32.29,151,0,0.0500
14996,2772039,-61.89,97,0,0.0500
14997,2772144,-61.26,105,0,0.0500
14998,2772323,-21.01,179,0,0.0500
14999,2772585,607.68,262,1,0.0500
15000,2772763,-20.91,178,0,0.0500
15001,2773010,607.08,247,1,0.0500
15002,2773154,-33.27,144,0,0.0500
15003,2773405,606.39,251,1,0.0500
15004,2773659,608.81,254,1,0.0500
15005,2773800,-35.64,141,0,0.0500
15006,2774054,606.89,254,1,0.0500
15007,2774144,-60.57,90,0,0.0500
15008,2774400,607.29,256,1,0.0500
15009,2774484,-61.35,84,0,0.0500
15010,2774634,-35.85,150,0,0.0500
15011,2774905,606.75,271,1,0.0500
15012,2775140,606.99,235,1,0.0500
15013,2775245,-55.38,105,0,0.0500
15014,2775392,-33.94,147,0,0.0500
15015,2775546,-33.58,154,0,0.0500
15016,2775791,606.05,245,1,0.0500
15017,2775893,-61.40,102,0,0.0500
15018,2776147,606.25,254,1,0.0500
15019,2776169,-91.80,22,0,0.0500
15020,2776192,-91.60,23,0,0.0500
15021,2776433,605.43,241,1,0.0500
15022,2776488,-79.73,55,0,0.0500
15023,2776753,608.18,265,1,0.0500
15024,2776997,606.36,244,1,0.0500
15025,2777254,607.60,257,1,0.0500
15026,2777500,606.04,246,1,0.0500
15027,2777752,606.81,252,1,0.0500
15028,2778005,607.64,253,1,0.0500
15029,2778044,-85.04,39,0,0.0500
15030,2778296,607.03,252,1,0.0500
15031,2778567,608.31,271,1,0.0500
15032,2778713,-32.74,146,0,0.0500
15033,2778854,-35.05,141,0,0.0500
15034,2778964,-55.31,110,0,0.0500
15035,2779199,607.53,235,1,0.0500
15036,2779445,607.11,246,1,0.0500
15037,2779692,606.65,247,1,0.0500
15038,2779935,605.85,243,1,0.0500
15039,2780181,606.75,246,1,0.0500
15040,2780329,-32.77,148,0,0.0500
15041,2780571,605.66,242,1,0.0500
15042,2780826,607.44,255,1,0.0500
15043,2781071,606.05,245,1,0.0500
15044,2781293,605.63,222,1,0.0500
15045,2781540,606.78,247,1,0.0500
15046,2781591,-79.88,51,0,0.0500
15047,2781837,605.72,246,1,0.0500
15048,2782108,607.70,271,1,0.0500
15049,2782185,-60.54,77,0,0.0500
15050,2782437,605.87,252,1,0.0500
15051,2782589,-34.50,152,0,0.0500
15052,2782691,-61.75,102,0,0.0500
15053,2782744,-79.92,53,0,0.0500
15054,2782792,-78.79,48,0,0.0500
15055,2783068,610.24,276,1,0.0500
15056,2783209,-35.97,141,0,0.0500
15057,2783313,-62.87,104,0,0.0500
15058,2783534,605.56,221,1,0.0500
15059,2783779,606.17,245,1,0.0500
15060,2784027,606.64,248,1,0.0500
15061,2784279,607.00,252,1,0.0500
15062,2784433,-33.30,154,0,0.0500
15063,2784690,607.60,257,1,0.0500
15064,2784923,605.75,233,1,0.0500
15065,2785171,607.06,248,1,0.0500
15066,2785421,605.62,250,1,0.0500
15067,2785662,605.64,241,1,0.0500
15068,2785915,606.48,253,1,0.0500
15069,2786056,-36.06,141,0,0.0500
15070,2786307,606.62,251,1,0.0500
15071,2786537,605.89,230,1,0.0500
15072,2786721,-22.32,184,0,0.0500
15073,2787001,608.43,280,1,0.0500
15074,2787049,-78.93,48,0,0.0500
15075,2787297,606.36,248,1,0.0500
15076,2787321,-91.60,24,0,0.0500
15077,2787577,606.03,256,1,0.0500
15078,2787781,-22.37,204,0,0.0500
15079,2787894,-57.14,113,0,0.0500
15080,2788137,606.16,243,1,0.0500
15081,2788381,606.78,244,1,0.0500
15082,2788646,610.14,265,1,0.0500
15083,2788903,607.86,257,1,0.0500
15084,2789152,607.20,249,1,0.0500
15085,2789310,-34.43,158,0,0.0500
15086,2789421,-60.30,111,0,0.0500
15087,2789531,-55.85,110,0,0.0500
15088,2789791,607.61,260,1,0.0500
15089,2790047,607.00,256,1,0.0500
15090,2790292,607.10,245,1,0.0500
15091,2790442,-32.70,150,0,0.0500
15092,2790699,606.28,257,1,0.0500
15093,2790933,606.07,234,1,0.0500
15094,2791191,608.85,258,1,0.0500
15095,2791292,-61.68,101,0,0.0500
15096,2791436,-33.57,144,0,0.0500
15097,2791489,-79.95,53,0,0.0500
15098,2791732,605.82,243,1,0.0500
15099,2791980,605.79,248,1,0.0500
15100,2792129,-32.56,149,0,0.0500
15101,2792282,-33.57,153,0,0.0500
15102,2792386,-62.44,104,0,0.0500
15103,2792539,-31.49,153,0,0.0500
15104,2792686,-32.71,147,0,0.0500
15105,2792827,-35.00,141,0,0.0500
15106,2792880,-79.92,53,0,0.0500
15107,2793114,606.49,234,1,0.0500
15108,2793360,606.88,246,1,0.0500
15109,2793470,-55.63,110,0,0.0500
15110,2793717,605.08,247,1,0.0500
15111,2793957,604.92,240,1,0.0500
15112,2794197,604.96,240,1,0.0500
15113,2794450,605.75,253,1,0.0500
15114,2794693,605.56,243,1,0.0500
15115,2794947,606.79,254,1,0.0500
15116,2795186,605.38,239,1,0.0500
15117,2795441,606.58,255,1,0.0500
15118,2795683,605.59,242,1,0.0500
15119,2795787,-62.64,104,0,0.0500
15120,2795898,-60.61,111,0,0.0500
15121,2795954,-79.53,56,0,0.0500
15122,2796193,605.06,239,1,0.0500
15123,2796418,606.78,225,1,0.0500
15124,2796666,606.45,248,1,0.0500
15125,2796819,-33.83,153,0,0.0500
15126,2796970,-32.71,151,0,0.0500
15127,2797023,-79.96,53,0,0.0500
15128,2797164,-35.84,141,0,0.0500
15129,2797278,-60.73,114,0,0.0500
15130,2797530,607.23,252,1,0.0500
15131,2797802,606.83,272,1,0.0500
15132,2798074,606.21,272,1,0.0500
15133,2798164,-62.72,90,0,0.0500
15134,2798414,606.35,250,1,0.0500
15135,2798454,-84.85,40,0,0.0500
15136,2798693,605.27,239,1,0.0500
15137,2798955,607.34,262,1,0.0500
15138,2799208,607.44,253,1,0.0500
15139,2799256,-78.79,48,0,0.0500
15140,2799526,606.41,270,1,0.0500
15141,2799771,605.54,245,1,0.0500
15142,2800016,605.84,245,1,0.0500
15143,2800056,-84.85,40,0,0.0500
15144,2800302,606.03,246,1,0.0500
15145,2800548,605.08,246,1,0.0500
15146,2800650,-62.15,102,0,0.0500
15147,2800908,609.04,258,1,0.0500
15148,2801162,608.27,254,1,0.0500
15149,2801414,608.83,252,1,0.0500
15150,2801436,-91.80,22,0,0.0500
15151,2801582,-33.17,146,0,0.0500
15152,2801832,607.47,250,1,0.0500
15153,2802082,608.49,250,1,0.0500
15154,2802225,-33.76,143,0,0.0500
15155,2802489,608.47,264,1,0.0500
15156,2802636,-32.87,147,0,0.0500
15157,2802782,-32.95,146,0,0.0500
15158,2803037,606.62,255,1,0.0500
15159,2803308,609.57,271,1,0.0500
15160,2803567,609.98,259,1,0.0500
15161,2803652,-60.24,85,0,0.0500
15162,2803903,607.13,251,1,0.0500
15163,2804014,-55.86,111,0,0.0500
15164,2804277,607.75,263,1,0.0500
15165,2804300,-91.76,23,0,0.0500
15166,2804548,606.24,248,1,0.0500
15167,2804797,606.64,249,1,0.0500
15168,2805068,606.72,271,1,0.0500
15169,2805314,605.86,246,1,0.0500
15170,2805569,608.18,255,1,0.0500
15171,2805813,605.61,244,1,0.0500
15172,2805992,-20.67,179,0,0.0500
15173,2806168,-32.63,176,0,0.0500
15174,2806222,-79.98,54,0,0.0500
15175,2806401,-19.54,179,0,0.0500
15176,2806483,-59.95,82,0,0.0500
15177,2806736,606.78,253,1,0.0500
15178,2807002,607.09,266,1,0.0500
15179,2807279,607.58,277,1,0.0500
15180,2807523,606.05,244,1,0.0500
15181,2807776,606.90,253,1,0.0500
15182,2807816,-84.85,40,0,0.0500
15183,2808058,605.21,242,1,0.0500
15184,2808169,-55.86,111,0,0.0500
15185,2808279,-54.17,110,0,0.0500
15186,2808480,-22.80,201,0,0.0500
15187,2808753,605.46,273,1,0.0500
15188,2808845,-61.53,92,0,0.0500
15189,2809098,605.55,253,1,0.0500
15190,2809350,607.87,252,1,0.0500
15191,2809595,605.81,245,1,0.0500
15192,2809861,608.74,266,1,0.0500
15193,2810104,606.68,243,1,0.0500
15194,2810209,-61.37,105,0,0.0500
15195,2810360,-32.50,151,0,0.0500
15196,2810506,-33.28,146,0,0.0500
15197,2810765,606.27,259,1,0.0500
15198,2810787,-91.80,22,0,0.0500
15199,2811033,605.40,246,1,0.0500
15200,2811140,-61.80,107,0,0.0500
15201,2811399,606.42,259,1,0.0500
15202,2811656,605.26,257,1,0.0500
15203,2811909,608.26,253,1,0.0500
15204,2812018,-57.10,109,0,0.0500
15205,2812284,607.91,266,1,0.0500
15206,2812551,607.90,267,1,0.0500
15207,2812790,605.38,239,1,0.0500
15208,2812901,-59.48,111,0,0.0500
15209,2813146,607.12,245,1,0.0500
15210,2813398,605.56,252,1,0.0500
15211,2813446,-78.79,48,0,0.0500
15212,2813514,-64.67,68,0,0.0500
15213,2813625,-56.32,111,0,0.0500
15214,2813899,606.16,274,1,0.0500
15215,2814164,606.78,265,1,0.0500
15216,2814437,607.56,273,1,0.0500
15217,2814683,606.04,246,1,0.0500
15218,2814946,607.02,263,1,0.0500
15219,2815089,-35.99,143,0,0.0500
15220,2815341,607.54,252,1,0.0500
15221,2815390,-79.22,49,0,0.0500
15222,2815643,607.32,253,1,0.0500
15223,2815683,-84.85,40,0,0.0500
15224,2815935,607.23,252,1,0.0500
15225,2816180,606.26,245,1,0.0500
15226,2816202,-91.80,22,0,0.0500
15227,2816350,-32.55,148,0,0.0500
15228,2816491,-35.22,141,0,0.0500
15229,2816715,605.95,224,1,0.0500
15230,2816950,606.90,235,1,0.0500
15231,2817056,-61.77,106,0,0.0500
15232,2817108,-78.73,52,0,0.0500
15233,2817343,606.26,235,1,0.0500
15234,2817581,607.29,238,1,0.0500
15235,2817849,608.01,268,1,0.0500
15236,2818099,607.46,250,1,0.0500
15237,2818339,605.46,240,1,0.0500
15238,2818589,606.63,250,1,0.0500
15239,2818845,606.87,256,1,0.0500
15240,2819099,607.30,254,1,0.0500
15241,2819377,606.85,278,1,0.0500
15242,2819634,606.25,257,1,0.0500
15243,2819789,-32.77,155,0,0.0500
15244,2820053,609.61,264,1,0.0500
15245,2820337,611.00,284,1,0.0500
15246,2820488,-32.81,151,0,0.0500
15247,2820735,606.98,247,1,0.0500
15248,2820978,605.24,243,1,0.0500
15249,2821078,-62.03,100,0,0.0500
15250,2821321,605.23,243,1,0.0500
15251,2821565,605.97,244,1,0.0500
15252,2821706,-35.64,141,0,0.0500
15253,2821954,605.48,248,1,0.0500
15254,2822227,605.44,273,1,0.0500
15255,2822408,-20.69,181,0,0.0500
15256,2822677,606.23,269,1,0.0500
15257,2822935,606.73,258,1,0.0500
15258,2823179,606.15,244,1,0.0500
15259,2823452,607.42,273,1,0.0500
15260,2823698,607.20,246,1,0.0500
15261,2823939,607.14,241,1,0.0500
15262,2824201,606.93,262,1,0.0500
15263,2824313,-57.01,112,0,0.0500
15264,2824544,606.30,231,1,0.0500
15265,2824792,605.59,248,1,0.0500
15266,2824933,-36.17,141,0,0.0500
15267,2825186,607.20,253,1,0.0500
15268,2825437,606.56,251,1,0.0500
15269,2825685,605.21,248,1,0.0500
15270,2825931,606.45,246,1,0.0500
15271,2826072,-36.06,141,0,0.0500
15272,2826223,-32.72,151,0,0.0500
15273,2826471,607.25,248,1,0.0500
15274,2826632,-32.39,161,0,0.0500
15275,2826889,606.86,257,1,0.0500
15276,2827137,605.17,248,1,0.0500
15277,2827362,606.78,225,1,0.0500
15278,2827621,607.41,259,1,0.0500
15279,2827717,-60.50,96,0,0.0500
15280,2827864,-32.76,147,0,0.0500
15281,2827941,-60.74,77,0,0.0500
15282,2828184,607.96,243,1,0.0500
15283,2828408,606.37,224,1,0.0500
15284,2828656,605.22,248,1,0.0500
15285,2828927,607.04,271,1,0.0500
15286,2829171,606.26,244,1,0.0500
15287,2829354,-21.32,183,0,0.0500
15288,2829619,608.26,265,1,0.0500
15289,2829672,-79.92,53,0,0.0500
15290,2829919,605.29,247,1,0.0500
15291,2830172,608.14,253,1,0.0500
15292,2830425,607.44,253,1,0.0500
15293,2830473,-78.79,48,0,0.0500
15294,2830720,606.02,247,1,0.0500
15295,2830988,608.62,268,1,0.0500
15296,2831237,607.39,249,1,0.0500
15297,2831466,605.48,229,1,0.0500
15298,2831723,605.28,257,1,0.0500
15299,2831969,605.59,246,1,0.0500
15300,2832213,606.39,244,1,0.0500
15301,2832480,608.13,267,1,0.0500
15302,2832735,607.22,255,1,0.0500
15303,2832977,605.25,242,1,0.0500
15304,2833083,-61.87,106,0,0.0500
15305,2833324,605.55,241,1,0.0500
15306,2833588,607.63,264,1,0.0500
15307,2833729,-34.30,141,0,0.0500
15308,2833976,606.66,247,1,0.0500
15309,2834204,606.75,228,1,0.0500
15310,2834451,605.18,247,1,0.0500
15311,2834540,-60.65,89,0,0.0500
15312,2834794,606.92,254,1,0.0500
15313,2834944,-32.90,150,0,0.0500
15314,2835202,606.88,258,1,0.0500
15315,2835447,605.94,245,1,0.0500
15316,2835594,-32.96,147,0,0.0500
15317,2835845,605.83,251,1,0.0500
15318,2836091,608.02,246,1,0.0500
15319,2836338,606.67,247,1,0.0500
15320,2836602,606.70,264,1,0.0500
15321,2836866,608.20,264,1,0.0500
15322,2837116,607.46,250,1,0.0500
15323,2837156,-84.85,40,0,0.0500
15324,2837414,608.23,258,1,0.0500
15325,2837651,606.67,237,1,0.0500
15326,2837900,606.15,249,1,0.0500
15327,2838144,606.93,244,1,0.0500
15328,2838402,607.27,258,1,0.0500
15329,2838513,-56.28,111,0,0.0500
15330,2838762,606.86,249,1,0.0500
15331,2839008,605.19,246,1,0.0500
15332,2839158,-32.70,150,0,0.0500
15333,2839404,606.16,246,1,0.0500
15334,2839456,-79.77,52,0,0.0500
15335,2839563,-54.98,107,0,0.0500
15336,2839815,607.33,252,1,0.0500
15337,2840046,605.25,231,1,0.0500
15338,2840156,-56.27,110,0,0.0500
15339,2840297,-35.33,141,0,0.0500
15340,2840544,605.55,247,1,0.0500
15341,2840584,-84.85,40,0,0.0500
15342,2840837,607.02,253,1,0.0500
15343,2841093,605.91,256,1,0.0500
15344,2841331,606.76,238,1,0.0500
15345,2841570,607.70,239,1,0.0500
15346,2841681,-55.86,111,0,0.0500
15347,2841926,606.38,245,1,0.0500
15348,2842036,-55.43,110,0,0.0500
15349,2842292,606.03,256,1,0.0500
15350,2842538,606.66,246,1,0.0500
15351,2842802,608.80,264,1,0.0500
15352,2843049,606.57,247,1,0.0500
15353,2843308,606.54,259,1,0.0500
15354,2843566,608.22,258,1,0.0500
15355,2843664,-59.76,98,0,0.0500
15356,2843815,-32.91,151,0,0.0500
15357,2844075,607.43,260,1,0.0500
15358,2844174,-61.12,99,0,0.0500
15359,2844430,606.81,256,1,0.0500
15360,2844683,607.48,253,1,0.0500
15361,2844828,-32.18,145,0,0.0500
15362,2845076,606.44,248,1,0.0500
15363,2845321,605.55,245,1,0.0500
15364,2845566,606.26,245,1,0.0500
15365,2845820,606.19,254,1,0.0500
15366,2846074,606.38,254,1,0.0500
15367,2846316,606.31,242,1,0.0500
15368,2846568,607.66,252,1,0.0500
15369,2846820,607.66,252,1,0.0500
15370,2847108,610.57,288,1,0.0500
15371,2847264,-33.81,156,0,0.0500
15372,2847328,-79.33,64,0,0.0500
15373,2847550,605.65,222,1,0.0500
15374,2847816,607.49,266,1,0.0500
15375,2848063,605.40,247,1,0.0500
15376,2848123,-80.44,60,0,0.0500
15377,2848368,605.95,245,1,0.0500
15378,2848515,-33.29,147,0,0.0500
15379,2848764,606.77,249,1,0.0500
15380,2849010,606.03,246,1,0.0500
15381,2849258,606.85,248,1,0.0500
15382,2849521,605.89,263,1,0.0500
15383,2849756,606.68,235,1,0.0500
15384,2850025,607.70,269,1,0.0500
15385,2850285,607.47,260,1,0.0500
15386,2850538,607.23,253,1,0.0500
15387,2850649,-62.70,111,0,0.0500
15388,2850906,609.91,257,1,0.0500
15389,2851164,606.10,258,1,0.0500
15390,2851417,605.76,253,1,0.0500
15391,2851689,609.88,272,1,0.0500
15392,2851940,607.37,251,1,0.0500
15393,2852042,-63.01,102,0,0.0500
15394,2852188,-32.75,146,0,0.0500
15395,2852296,-60.51,108,0,0.0500
15396,2852524,608.02,228,1,0.0500
15397,2852636,-61.50,112,0,0.0500
15398,2852780,-33.35,144,0,0.0500
15399,2853028,606.14,248,1,0.0500
15400,2853302,606.79,274,1,0.0500
15401,2853542,605.27,240,1,0.0500
15402,2853783,605.17,241,1,0.0500
15403,2853929,-32.67,146,0,0.0500
15404,2854171,606.42,242,1,0.0500
15405,2854248,-60.54,77,0,0.0500
15406,2854482,607.24,234,1,0.0500
15407,2854742,608.51,260,1,0.0500
15408,2854978,606.14,236,1,0.0500
15409,2855018,-84.85,40,0,0.0500
15410,2855058,-84.85,40,0,0.0500
15411,2855304,605.17,246,1,0.0500
15412,2855563,606.42,259,1,0.0500
15413,2855803,605.46,240,1,0.0500
15414,2855951,-33.92,148,0,0.0500
15415,2855991,-84.85,40,0,0.0500
15416,2856231,605.37,240,1,0.0500
15417,2856378,-32.68,147,0,0.0500
15418,2856426,-78.79,48,0,0.0500
15419,2856678,606.38,252,1,0.0500
15420,2856911,606.99,233,1,0.0500
15421,2857009,-60.20,98,0,0.0500
15422,2857157,-33.60,148,0,0.0500
15423,2857403,605.92,246,1,0.0500
15424,2857662,608.22,259,1,0.0500
15425,2857910,605.79,248,1,0.0500
15426,2858051,-34.38,141,0,0.0500
15427,2858159,-60.93,108,0,0.0500
15428,2858391,607.66,232,1,0.0500
15429,2858496,-61.69,105,0,0.0500
15430,2858757,607.17,261,1,0.0500
15431,2859009,605.76,252,1,0.0500
15432,2859156,-32.76,147,0,0.0500
15433,2859385,607.17,229,1,0.0500
15434,2859638,607.04,253,1,0.0500
15435,2859719,-61.95,81,0,0.0500
15436,2859767,-78.79,48,0,0.0500
15437,2860027,607.05,260,1,0.0500
15438,2860252,605.94,225,1,0.0500
15439,2860508,609.08,256,1,0.0500
15440,2860754,607.21,246,1,0.0500
15441,2860895,-34.58,141,0,0.0500
15442,2860948,-79.72,53,0,0.0500
15443,2861103,-33.18,155,0,0.0500
15444,2861360,607.58,257,1,0.0500
15445,2861635,608.15,275,1,0.0500
15446,2861883,606.44,248,1,0.0500
15447,2862028,-33.77,145,0,0.0500
15448,2862285,607.83,257,1,0.0500
15449,2862530,605.96,245,1,0.0500
15450,2862781,607.03,251,1,0.0500
15451,2863039,607.40,258,1,0.0500
15452,2863079,-84.85,40,0,0.0500
15453,2863132,-80.11,53,0,0.0500
15454,2863381,605.60,249,1,0.0500
15455,2863434,-79.72,53,0,0.0500
15456,2863683,607.05,249,1,0.0500
15457,2863731,-78.79,48,0,0.0500
15458,2864015,607.01,284,1,0.0500
15459,2864252,607.71,237,1,0.0500
15460,2864480,605.70,228,1,0.0500
15461,2864726,606.63,246,1,0.0500
15462,2864946,605.57,220,1,0.0500
15463,2865202,607.31,256,1,0.0500
15464,2865442,607.69,240,1,0.0500
15465,2865685,608.28,243,1,0.0500
15466,2865908,608.06,223,1,0.0500
15467,2866158,608.09,250,1,0.0500
15468,2866306,-32.47,148,0,0.0500
15469,2866556,607.49,250,1,0.0500
15470,2866643,-60.64,87,0,0.0500
15471,2866899,607.09,256,1,0.0500
15472,2866987,-61.43,88,0,0.0500
15473,2867240,606.27,253,1,0.0500
15474,2867333,-61.82,93,0,0.0500
15475,2867592,607.30,259,1,0.0500
15476,2867824,606.51,232,1,0.0500
15477,2868079,605.43,255,1,0.0500
15478,2868354,606.98,275,1,0.0500
15479,2868609,606.70,255,1,0.0500
15480,2868879,607.49,270,1,0.0500
15481,2868978,-61.64,99,0,0.0500
15482,2869224,609.72,246,1,0.0500
15483,2869475,606.28,251,1,0.0500
15484,2869584,-61.63,109,0,0.0500
15485,2869725,-35.42,141,0,0.0500
15486,2869866,-35.63,141,0,0.0500
15487,2870101,605.73,235,1,0.0500
15488,2870345,605.84,244,1,0.0500
15489,2870595,606.72,250,1,0.0500
15490,2870857,609.01,262,1,0.0500
15491,2870897,-84.85,40,0,0.0500
15492,2870988,-62.38,91,0,0.0500
15493,2871242,606.16,254,1,0.0500
15494,2871326,-61.40,84,0,0.0500
15495,2871348,-91.80,22,0,0.0500
15496,2871621,606.58,273,1,0.0500
15497,2871875,606.42,254,1,0.0500
15498,2872124,607.91,249,1,0.0500
15499,2872216,-60.51,92,0,0.0500
15500,2872465,605.49,249,1,0.0500
15501,2872574,-59.96,109,0,0.0500
15502,2872824,606.84,250,1,0.0500
15503,2872916,-61.14,92,0,0.0500
15504,2873162,607.09,246,1,0.0500
15505,2873413,606.11,251,1,0.0500
15506,2873562,-32.73,149,0,0.0500
15507,2873813,607.25,251,1,0.0500
15508,2874067,607.03,254,1,0.0500
15509,2874217,-32.09,150,0,0.0500
15510,2874259,-84.65,42,0,0.0500
15511,2874349,-61.25,90,0,0.0500
15512,2874440,-60.58,91,0,0.0500
15513,2874690,607.47,250,1,0.0500
15514,2874944,606.41,254,1,0.0500
15515,2875051,-61.64,107,0,0.0500
15516,2875299,605.54,248,1,0.0500
15517,2875551,605.56,252,1,0.0500
15518,2875808,606.86,257,1,0.0500
15519,2875855,-79.00,47,0,0.0500
15520,2876107,605.47,252,1,0.0500
15521,2876357,605.48,250,1,0.0500
15522,2876609,605.56,252,1,0.0500
15523,2876869,606.01,260,1,0.0500
15524,2877111,606.92,242,1,0.0500
15525,2877382,606.54,271,1,0.0500
15526,2877654,607.55,272,1,0.0500
15527,2877874,605.34,220,1,0.0500
15528,2878107,606.28,233,1,0.0500
15529,2878342,605.95,235,1,0.0500
15530,2878488,-32.87,146,0,0.0500
15531,2878732,606.40,244,1,0.0500
15532,2878883,-34.13,151,0,0.0500
15533,2879144,607.15,261,1,0.0500
15534,2879205,-80.02,61,0,0.0500
15535,2879460,607.94,255,1,0.0500
15536,2879711,607.13,251,1,0.0500
15537,2879963,608.40,252,1,0.0500
15538,2880212,607.38,249,1,0.0500
15539,2880463,606.08,251,1,0.0500
15540,2880709,606.01,246,1,0.0500
15541,2880935,606.35,226,1,0.0500
15542,2881185,608.33,250,1,0.0500
15543,2881293,-60.38,108,0,0.0500
15544,2881341,-78.79,48,0,0.0500
15545,2881602,606.70,261,1,0.0500
15546,2881747,-33.06,145,0,0.0500
15547,2881820,-63.44,73,0,0.0500
15548,2882049,605.90,229,1,0.0500
15549,2882286,605.40,237,1,0.0500
15550,2882334,-78.79,48,0,0.0500
15551,2882439,-62.62,105,0,0.0500
15552,2882691,605.55,252,1,0.0500
15553,2882950,606.11,259,1,0.0500
15554,2882998,-78.79,48,0,0.0500
15555,2883228,606.31,230,1,0.0500
15556,2883342,-63.44,114,0,0.0500
15557,2883594,606.71,252,1,0.0500
15558,2883674,-60.46,80,0,0.0500
15559,2883907,605.23,233,1,0.0500
15560,2884145,606.86,238,1,0.0500
15561,2884392,605.93,247,1,0.0500
15562,2884533,-34.58,141,0,0.0500
15563,2884618,-63.04,85,0,0.0500
15564,2884759,-34.58,141,0,0.0500
15565,2885002,605.55,243,1,0.0500
15566,2885042,-85.19,40,0,0.0500
15567,2885292,606.84,250,1,0.0500
15568,2885532,605.46,240,1,0.0500
15569,2885778,606.04,246,1,0.0500
15570,2886009,606.51,231,1,0.0500
15571,2886115,-55.90,106,0,0.0500
15572,2886265,-34.06,150,0,0.0500
15573,2886512,607.40,247,1,0.0500
15574,2886740,606.26,228,1,0.0500
15575,2886989,607.48,249,1,0.0500
15576,2887078,-61.82,89,0,0.0500
15577,2887337,607.08,259,1,0.0500
15578,2887581,605.97,244,1,0.0500
15579,2887633,-79.74,52,0,0.0500
15580,2887686,-79.72,53,0,0.0500
15581,2887945,606.18,259,1,0.0500
15582,2888191,604.98,246,1,0.0500
15583,2888451,607.16,260,1,0.0500
15584,2888613,-33.44,162,0,0.0500
15585,2888704,-60.57,91,0,0.0500
15586,2888950,605.84,246,1,0.0500
15587,2889199,605.79,249,1,0.0500
15588,2889450,605.77,251,1,0.0500
15589,2889693,605.68,243,1,0.0500
15590,2889746,-79.72,53,0,0.0500
15591,2889839,-62.28,93,0,0.0500
15592,2890103,606.69,264,1,0.0500
15593,2890143,-85.19,40,0,0.0500
15594,2890387,605.83,244,1,0.0500
15595,2890644,606.98,257,1,0.0500
15596,2890885,607.89,241,1,0.0500
15597,2891154,606.74,269,1,0.0500
15598,2891383,605.70,229,1,0.0500
15599,2891641,606.53,258,1,0.0500
15600,2891782,-34.49,141,0,0.0500
15601,2892031,605.43,249,1,0.0500
15602,2892276,606.25,245,1,0.0500
15603,2892521,605.94,245,1,0.0500
15604,2892774,607.32,253,1,0.0500
15605,2892857,-60.06,83,0,0.0500
15606,2893108,606.08,251,1,0.0500
15607,2893201,-63.24,93,0,0.0500
15608,2893383,-21.22,182,0,0.0500
15609,2893655,608.21,272,1,0.0500
15610,2893904,606.11,249,1,0.0500
15611,2894087,-21.27,183,0,0.0500
15612,2894313,606.57,226,1,0.0500
15613,2894550,607.72,237,1,0.0500
15614,2894797,604.86,247,1,0.0500
15615,2895047,605.15,250,1,0.0500
15616,2895292,606.26,245,1,0.0500
15617,2895546,607.85,254,1,0.0500
15618,2895793,606.56,247,1,0.0500
15619,2896051,608.66,258,1,0.0500
15620,2896286,607.20,235,1,0.0500
15621,2896537,606.39,251,1,0.0500
15622,2896793,606.39,256,1,0.0500
15623,2896940,-32.99,147,0,0.0500
15624,2897195,606.28,255,1,0.0500
15625,2897449,605.93,254,1,0.0500
15626,2897706,606.34,257,1,0.0500
15627,2897848,-34.11,142,0,0.0500
15628,2897990,-34.11,142,0,0.0500
15629,2898069,-60.55,79,0,0.0500
15630,2898310,607.03,241,1,0.0500
15631,2898403,-61.58,93,0,0.0500
15632,2898650,606.65,247,1,0.0500
15633,2898831,-21.16,181,0,0.0500
15634,2898901,-64.47,70,0,0.0500
15635,2899125,605.95,224,1,0.0500
15636,2899368,606.91,243,1,0.0500
15637,2899408,-84.85,40,0,0.0500
15638,2899656,605.42,248,1,0.0500
15639,2899899,605.98,243,1,0.0500
15640,2900157,606.55,258,1,0.0500
15641,2900409,605.34,252,1,0.0500
15642,2900666,605.40,257,1,0.0500
15643,2900829,-32.19,163,0,0.0500
15644,2901081,607.47,252,1,0.0500
15645,2901315,605.43,234,1,0.0500
15646,2901551,605.83,236,1,0.0500
15647,2901800,605.71,249,1,0.0500
15648,2901950,-32.79,150,0,0.0500
15649,2902199,605.98,249,1,0.0500
15650,2902447,606.86,248,1,0.0500
15651,2902687,606.02,240,1,0.0500
15652,2902941,606.38,254,1,0.0500
15653,2902992,-79.34,51,0,0.0500
15654,2903275,608.30,283,1,0.0500
15655,2903530,606.94,255,1,0.0500
15656,2903792,606.39,262,1,0.0500
15657,2904050,606.65,258,1,0.0500
15658,2904091,-84.85,41,0,0.0500
15659,2904235,-33.15,144,0,0.0500
15660,2904395,-33.42,160,0,0.0500
15661,2904657,608.08,262,1,0.0500
15662,2904748,-61.24,91,0,0.0500
15663,2904996,608.76,248,1,0.0500
15664,2905050,-78.75,54,0,0.0500
15665,2905310,606.95,260,1,0.0500
15666,2905559,607.27,249,1,0.0500
15667,2905807,607.06,248,1,0.0500
15668,2906062,605.96,255,1,0.0500
15669,2906312,605.28,250,1,0.0500
15670,2906360,-78.57,48,0,0.0500
15671,2906620,606.43,260,1,0.0500
15672,2906668,-78.79,48,0,0.0500
15673,2906814,-32.86,146,0,0.0500
15674,2906963,-33.11,149,0,0.0500
15675,2907225,606.93,262,1,0.0500
15676,2907475,608.10,250,1,0.0500
15677,2907723,606.23,248,1,0.0500
15678,2907986,606.74,263,1,0.0500
15679,2908140,-32.10,154,0,0.0500
15680,2908243,-61.83,103,0,0.0500
15681,2908505,605.82,262,1,0.0500
15682,2908660,-32.33,155,0,0.0500
15683,2908771,-61.00,111,0,0.0500
15684,2909048,606.69,277,1,0.0500
15685,2909154,-62.21,106,0,0.0500
15686,2909411,605.61,257,1,0.0500
15687,2909468,-79.13,57,0,0.0500
15688,2909716,604.96,248,1,0.0500
15689,2909977,606.20,261,1,0.0500
15690,2910226,606.73,249,1,0.0500
15691,2910476,606.94,250,1,0.0500
15692,2910623,-33.30,147,0,0.0500
15693,2910872,606.40,249,1,0.0500
15694,2911119,605.85,247,1,0.0500
15695,2911166,-78.57,47,0,0.0500
15696,2911257,-60.35,91,0,0.0500
15697,2911308,-79.34,51,0,0.0500
15698,2911348,-84.85,40,0,0.0500
15699,2911499,-33.13,151,0,0.0500
15700,2911757,606.45,258,1,0.0500
15701,2912009,606.10,252,1,0.0500
15702,2912283,608.05,274,1,0.0500
15703,2912546,607.76,263,1,0.0500
15704,2912797,606.29,251,1,0.0500
15705,2912976,-31.96,179,0,0.0500
15706,2913235,606.44,259,1,0.0500
15707,2913465,607.46,230,1,0.0500
15708,2913715,606.39,250,1,0.0500
15709,2913755,-84.85,40,0,0.0500
15710,2914018,607.44,263,1,0.0500
15711,2914118,-62.36,100,0,0.0500
15712,2914269,-32.91,151,0,0.0500
15713,2914292,-91.60,23,0,0.0500
15714,2914525,606.71,233,1,0.0500
15715,2914777,605.97,252,1,0.0500
15716,2915005,606.22,228,1,0.0500
15717,2915053,-78.79,48,0,0.0500
15718,2915303,606.77,250,1,0.0500
15719,2915530,606.76,227,1,0.0500
15720,2915786,606.78,256,1,0.0500
15721,2916024,608.43,238,1,0.0500
15722,2916283,607.68,259,1,0.0500
15723,2916547,607.12,264,1,0.0500
15724,2916589,-84.65,42,0,0.0500
15725,2916676,-60.96,87,0,0.0500
15726,2916903,608.23,227,1,0.0500
15727,2917051,-32.94,148,0,0.0500
15728,2917313,607.23,262,1,0.0500
15729,2917606,608.06,293,1,0.0500
15730,2917853,606.23,247,1,0.0500
15731,2918123,606.61,270,1,0.0500
15732,2918386,606.60,263,1,0.0500
15733,2918635,606.52,249,1,0.0500
15734,2918887,607.03,252,1,0.0500
15735,2919126,605.28,239,1,0.0500
15736,2919204,-60.35,78,0,0.0500
15737,2919345,-35.64,141,0,0.0500
15738,2919490,-33.28,145,0,0.0500
15739,2919635,-33.28,145,0,0.0500
15740,2919813,-20.80,178,0,0.0500
15741,2919904,-61.24,91,0,0.0500
15742,2919997,-60.16,93,0,0.0500
15743,2920086,-60.34,89,0,0.0500
15744,2920314,607.59,228,1,0.0500
15745,2920417,-55.36,103,0,0.0500
15746,2920470,-79.72,53,0,0.0500
15747,2920617,-32.86,147,0,0.0500
15748,2920672,-79.32,55,0,0.0500
15749,2920902,606.73,230,1,0.0500
15750,2921148,604.87,246,1,0.0500
15751,2921303,-33.08,155,0,0.0500
15752,2921389,-60.72,86,0,0.0500
15753,2921530,-35.84,141,0,0.0500
15754,2921778,607.61,248,1,0.0500
15755,2921867,-60.34,89,0,0.0500
15756,2922124,606.86,257,1,0.0500
15757,2922271,-32.68,147,0,0.0500
15758,2922523,607.95,252,1,0.0500
15759,2922782,606.94,259,1,0.0500
15760,2923024,605.87,242,1,0.0500
15761,2923281,606.55,257,1,0.0500
15762,2923529,606.58,248,1,0.0500
15763,2923758,606.33,229,1,0.0500
15764,2923993,605.22,235,1,0.0500
15765,2924254,608.92,261,1,0.0500
15766,2924478,608.05,224,1,0.0500
15767,2924624,-32.94,146,0,0.0500
15768,2924847,605.96,223,1,0.0500
15769,2925081,604.81,234,1,0.0500
15770,2925175,-60.10,94,0,0.0500
15771,2925412,606.45,237,1,0.0500
15772,2925672,608.11,260,1,0.0500
15773,2925919,606.37,247,1,0.0500
15774,2926072,-31.98,153,0,0.0500
15775,2926321,606.40,249,1,0.0500
15776,2926433,-55.33,112,0,0.0500
15777,2926534,-60.91,101,0,0.0500
15778,2926774,606.63,240,1,0.0500
15779,2927030,606.75,256,1,0.0500
15780,2927110,-63.53,80,0,0.0500
15781,2927359,606.98,249,1,0.0500
15782,2927606,606.03,247,1,0.0500
15783,2927865,605.82,259,1,0.0500
15784,2928104,604.97,239,1,0.0500
15785,2928344,607.69,240,1,0.0500
15786,2928603,607.90,259,1,0.0500
15787,2928644,-84.85,41,0,0.0500
15788,2928898,608.15,254,1,0.0500
15789,2929163,608.35,265,1,0.0500
15790,2929417,605.35,254,1,0.0500
15791,2929677,605.15,260,1,0.0500
15792,2929818,-35.75,141,0,0.0500
15793,2930060,605.65,242,1,0.0500
15794,2930305,606.35,245,1,0.0500
15795,2930456,-32.37,151,0,0.0500
15796,2930705,606.32,249,1,0.0500
15797,2930860,-33.08,155,0,0.0500
15798,2931111,607.90,251,1,0.0500
15799,2931362,607.46,251,1,0.0500
15800,2931618,606.05,256,1,0.0500
15801,2931691,-63.24,73,0,0.0500
15802,2931781,-62.49,90,0,0.0500
15803,2932018,605.61,237,1,0.0500
15804,2932159,-34.58,141,0,0.0500
15805,2932250,-61.75,91,0,0.0500
15806,2932490,605.25,240,1,0.0500
15807,2932750,606.65,260,1,0.0500
15808,2932891,-36.48,141,0,0.0500
15809,2933123,607.13,232,1,0.0500
15810,2933383,606.41,260,1,0.0500
15811,2933625,605.86,242,1,0.0500
15812,2933855,607.15,230,1,0.0500
15813,2934083,606.66,228,1,0.0500
15814,2934340,606.55,257,1,0.0500
15815,2934577,607.08,237,1,0.0500
15816,2934752,-20.78,175,0,0.0500
15817,2935000,606.23,248,1,0.0500
15818,2935236,607.93,236,1,0.0500
15819,2935476,605.45,240,1,0.0500
15820,2935630,-33.48,154,0,0.0500
15821,2935887,606.35,257,1,0.0500
15822,2935940,-79.72,53,0,0.0500
15823,2936195,606.26,255,1,0.0500
15824,2936414,605.16,219,1,0.0500
15825,2936679,608.16,265,1,0.0500
15826,2936923,606.35,244,1,0.0500
15827,2937006,-59.96,83,0,0.0500
15828,2937250,605.71,244,1,0.0500
15829,2937361,-61.36,111,0,0.0500
15830,2937620,607.38,259,1,0.0500
15831,2937710,-61.62,90,0,0.0500
15832,2937953,606.06,243,1,0.0500
15833,2938207,607.32,254,1,0.0500
15834,2938433,606.77,226,1,0.0500
15835,2938483,-78.74,50,0,0.0500
15836,2938741,606.88,258,1,0.0500
15837,2938834,-61.49,93,0,0.0500
15838,2939062,608.40,228,1,0.0500
15839,2939308,606.66,246,1,0.0500
15840,2939401,-61.25,93,0,0.0500
15841,2939576,-20.86,175,0,0.0500
15842,2939624,-78.79,48,0,0.0500
15843,2939646,-91.95,22,0,0.0500
15844,2939796,-34.39,150,0,0.0500
15845,2939836,-84.85,40,0,0.0500
15846,2940008,-32.18,172,0,0.0500
15847,2940049,-84.85,41,0,0.0500
15848,2940155,-61.08,106,0,0.0500
15849,2940208,-79.55,53,0,0.0500
15850,2940468,606.73,260,1,0.0500
15851,2940725,605.96,257,1,0.0500
15852,2940814,-61.60,89,0,0.0500
15853,2941053,606.24,239,1,0.0500
15854,2941299,607.41,246,1,0.0500
15855,2941528,606.74,229,1,0.0500
15856,2941750,605.97,222,1,0.0500
15857,2941925,-20.86,175,0,0.0500
15858,2942012,-60.11,87,0,0.0500
15859,2942266,607.01,254,1,0.0500
15860,2942504,605.81,238,1,0.0500
15861,2942751,605.40,247,1,0.0500
15862,2942996,606.16,245,1,0.0500
15863,2943236,604.91,240,1,0.0500
15864,2943492,607.59,256,1,0.0500
15865,2943755,605.44,263,1,0.0500
15866,2943902,-32.68,147,0,0.0500
15867,2943995,-54.93,93,0,0.0500
15868,2944178,-21.38,183,0,0.0500
15869,2944263,-59.67,85,0,0.0500
15870,2944303,-84.85,40,0,0.0500
15871,2944343,-84.85,40,0,0.0500
15872,2944594,606.02,251,1,0.0500
15873,2944842,606.21,248,1,0.0500
15874,2945096,606.79,254,1,0.0500
15875,2945347,606.83,251,1,0.0500
15876,2945622,607.63,275,1,0.0500
15877,2945871,605.26,249,1,0.0500
15878,2946112,605.45,241,1,0.0500
15879,2946253,-35.84,141,0,0.0500
15880,2946495,605.45,242,1,0.0500
15881,2946778,608.56,283,1,0.0500
15882,2947042,608.99,264,1,0.0500
15883,2947305,606.82,263,1,0.0500
15884,2947552,605.61,247,1,0.0500
15885,2947700,-32.88,148,0,0.0500
15886,2947781,-64.25,81,0,0.0500
15887,2947888,-59.80,107,0,0.0500
15888,2948141,606.98,253,1,0.0500
15889,2948392,608.21,251,1,0.0500
15890,2948642,607.43,250,1,0.0500
15891,2948888,605.81,246,1,0.0500
15892,2949126,607.49,238,1,0.0500
15893,2949232,-59.27,106,0,0.0500
15894,2949397,-34.21,165,0,0.0500
15895,2949646,605.59,249,1,0.0500
15896,2949907,607.57,261,1,0.0500
15897,2949947,-85.38,40,0,0.0500
15898,2950202,606.05,255,1,0.0500
15899,2950436,606.69,234,1,0.0500
15900,2950589,-34.08,153,0,0.0500
15901,2950702,-55.88,113,0,0.0500
15902,2950951,605.99,249,1,0.0500
15903,2951197,606.04,246,1,0.0500
15904,2951286,-60.34,89,0,0.0500
15905,2951542,608.04,256,1,0.0500
15906,2951795,607.45,253,1,0.0500
15907,2952059,607.33,264,1,0.0500
15908,2952217,-32.50,158,0,0.0500
15909,2952368,-33.13,151,0,0.0500
15910,2952408,-84.85,40,0,0.0500
15911,2952489,-59.96,81,0,0.0500
15912,2952540,-79.34,51,0,0.0500
15913,2952693,-33.26,153,0,0.0500
15914,2952927,607.11,234,1,0.0500
15915,2953170,605.77,243,1,0.0500
15916,2953345,-32.34,175,0,0.0500
15917,2953491,-32.68,146,0,0.0500
15918,2953745,606.89,254,1,0.0500
15919,2953998,605.86,253,1,0.0500
15920,2954222,605.75,224,1,0.0500
15921,2954311,-60.34,89,0,0.0500
15922,2954400,-60.34,89,0,0.0500
15923,2954545,-32.88,145,0,0.0500
15924,2954801,606.99,256,1,0.0500
15925,2955066,608.07,265,1,0.0500
15926,2955089,-91.95,23,0,0.0500
15927,2955129,-85.05,40,0,0.0500
15928,2955381,606.17,252,1,0.0500
15929,2955526,-33.36,145,0,0.0500
15930,2955633,-61.87,107,0,0.0500
15931,2955893,606.33,260,1,0.0500
15932,2956147,606.58,254,1,0.0500
15933,2956404,606.35,257,1,0.0500
15934,2956638,605.85,234,1,0.0500
15935,2956825,-21.72,187,0,0.0500
15936,2956971,-33.37,146,0,0.0500
15937,2957231,606.92,260,1,0.0500
15938,2957323,-61.43,92,0,0.0500
15939,2957469,-32.75,146,0,0.0500
15940,2957713,604.87,244,1,0.0500
15941,2957766,-79.26,53,0,0.0500
15942,2957855,-61.66,89,0,0.0500
15943,2958117,606.39,262,1,0.0500
15944,2958261,-33.11,144,0,0.0500
15945,2958412,-33.98,151,0,0.0500
15946,2958490,-60.55,78,0,0.0500
15947,2958637,-32.27,147,0,0.0500
15948,2958881,606.14,244,1,0.0500
15949,2959168,607.40,287,1,0.0500
15950,2959437,607.72,269,1,0.0500
15951,2959688,607.13,251,1,0.0500
15952,2959833,-33.16,145,0,0.0500
15953,2959999,-33.37,166,0,0.0500
15954,2960145,-34.85,146,0,0.0500
15955,2960185,-84.85,40,0,0.0500
15956,2960438,606.38,253,1,0.0500
15957,2960546,-61.02,108,0,0.0500
15958,2960798,607.47,252,1,0.0500
15959,2961031,606.70,233,1,0.0500
15960,2961176,-33.16,145,0,0.0500
15961,2961265,-60.34,89,0,0.0500
15962,2961518,608.52,253,1,0.0500
15963,2961541,-91.60,23,0,0.0500
15964,2961648,-61.06,107,0,0.0500
15965,2961739,-59.94,91,0,0.0500
15966,2961779,-85.05,40,0,0.0500
15967,2961882,-61.46,103,0,0.0500
15968,2962121,606.02,239,1,0.0500
15969,2962366,605.18,245,1,0.0500
15970,2962514,-32.69,148,0,0.0500
15971,2962668,-35.36,154,0,0.0500
15972,2962919,606.82,251,1,0.0500
15973,2963165,606.58,246,1,0.0500
15974,2963398,605.74,233,1,0.0500
15975,2963618,605.34,220,1,0.0500
15976,2963863,606.16,245,1,0.0500
15977,2964132,607.58,269,1,0.0500
15978,2964407,608.80,275,1,0.0500
15979,2964666,606.53,259,1,0.0500
15980,2964913,606.23,247,1,0.0500
15981,2965161,606.77,248,1,0.0500
15982,2965264,-61.00,103,0,0.0500
15983,2965317,-79.72,53,0,0.0500
15984,2965577,606.75,260,1,0.0500
15985,2965655,-60.55,78,0,0.0500
15986,2965809,-33.19,154,0,0.0500
15987,2966053,607.53,244,1,0.0500
15988,2966317,607.03,264,1,0.0500
15989,2966562,606.02,245,1,0.0500
15990,2966793,606.30,231,1,0.0500
15991,2967038,606.05,245,1,0.0500
15992,2967285,607.28,247,1,0.0500
15993,2967435,-32.29,150,0,0.0500
15994,2967680,606.38,245,1,0.0500
15995,2967917,607.08,237,1,0.0500
15996,2968165,606.89,248,1,0.0500
15997,2968434,606.31,269,1,0.0500
15998,2968658,607.64,224,1,0.0500
15999,2968903,606.26,245,1,0.0500
16000,2968956,-79.55,53,0,0.0500
16001,2969102,-32.75,146,0,0.0500
16002,2969252,-32.07,150,0,0.0500
16003,2969497,606.35,245,1,0.0500
16004,2969655,-32.98,158,0,0.0500
16005,2969902,607.63,247,1,0.0500
16006,2970160,606.76,258,1,0.0500
16007,2970268,-59.08,108,0,0.0500
16008,2970308,-84.85,40,0,0.0500
16009,2970570,605.88,262,1,0.0500
16010,2970723,-32.61,153,0,0.0500
16011,2970966,605.32,243,1,0.0500
16012,2971204,607.07,238,1,0.0500
16013,2971450,606.58,246,1,0.0500
16014,2971596,-33.09,146,0,0.0500
16015,2971844,606.65,248,1,0.0500
16016,2972083,605.27,239,1,0.0500
16017,2972192,-60.67,109,0,0.0500
16018,2972445,609.55,253,1,0.0500
16019,2972485,-85.05,40,0,0.0500
16020,2972764,609.06,279,1,0.0500
16021,2972937,-31.56,173,0,0.0500
16022,2973187,607.16,250,1,0.0500
16023,2973437,607.05,250,1,0.0500
16024,2973683,605.12,246,1,0.0500
16025,2973914,607.66,231,1,0.0500
16026,2974158,605.65,244,1,0.0500
16027,2974410,606.06,252,1,0.0500
16028,2974449,-85.04,39,0,0.0500
16029,2974502,-79.72,53,0,0.0500
16030,2974749,606.03,247,1,0.0500
16031,2974894,-33.36,145,0,0.0500
16032,2975131,606.13,237,1,0.0500
16033,2975306,-32.49,175,0,0.0500
16034,2975554,606.53,248,1,0.0500
16035,2975810,607.73,256,1,0.0500
16036,2975925,-59.50,115,0,0.0500
16037,2976170,608.05,245,1,0.0500
16038,2976390,604.94,220,1,0.0500
16039,2976650,607.16,260,1,0.0500
16040,2976740,-60.75,90,0,0.0500
16041,2977010,606.95,270,1,0.0500
16042,2977214,-21.93,204,0,0.0500
16043,2977459,605.13,245,1,0.0500
16044,2977710,605.76,251,1,0.0500
16045,2977747,-83.73,37,0,0.0500
16046,2977893,-33.09,146,0,0.0500
16047,2978120,605.82,227,1,0.0500
16048,2978207,-61.16,87,0,0.0500
16049,2978312,-59.94,105,0,0.0500
16050,2978533,605.66,221,1,0.0500
16051,2978769,605.84,236,1,0.0500
16052,2979010,605.64,241,1,0.0500
16053,2979250,606.09,240,1,0.0500
16054,2979391,-34.38,141,0,0.0500
16055,2979649,606.45,258,1,0.0500
16056,2979908,607.26,259,1,0.0500
16057,2980151,606.27,243,1,0.0500
16058,2980429,607.37,278,1,0.0500
16059,2980575,-32.87,146,0,0.0500
16060,2980723,-33.60,148,0,0.0500
16061,2980975,606.61,252,1,0.0500
16062,2981014,-85.25,39,0,0.0500
16063,2981257,606.26,243,1,0.0500
16064,2981407,-32.47,150,0,0.0500
16065,2981498,-61.24,91,0,0.0500
16066,2981585,-63.26,87,0,0.0500
16067,2981640,-79.35,55,0,0.0500
16068,2981891,606.62,251,1,0.0500
16069,2981944,-79.72,53,0,0.0500
16070,2982034,-61.29,90,0,0.0500
16071,2982116,-59.95,82,0,0.0500
16072,2982229,-55.88,113,0,0.0500
16073,2982375,-32.87,146,0,0.0500
16074,2982520,-33.07,145,0,0.0500
16075,2982622,-61.12,102,0,0.0500
16076,2982858,607.73,236,1,0.0500
16077,2983111,606.27,253,1,0.0500
16078,2983257,-32.67,146,0,0.0500
16079,2983407,-35.08,150,0,0.0500
16080,2983667,606.85,260,1,0.0500
16081,2983819,-33.92,152,0,0.0500
16082,2983898,-60.55,79,0,0.0500
16083,2984046,-35.17,148,0,0.0500
16084,2984296,606.41,250,1,0.0500
16085,2984394,-62.45,98,0,0.0500
16086,2984641,607.83,247,1,0.0500
16087,2984890,607.08,249,1,0.0500
16088,2985039,-33.11,149,0,0.0500
16089,2985193,-34.32,154,0,0.0500
16090,2985451,608.11,258,1,0.0500
16091,2985690,606.10,239,1,0.0500
16092,2985831,-34.38,141,0,0.0500
16093,2986069,605.61,238,1,0.0500
16094,2986170,-62.06,101,0,0.0500
16095,2986418,606.34,248,1,0.0500
16096,2986654,605.43,236,1,0.0500
16097,2986883,606.12,229,1,0.0500
16098,2987024,-36.06,141,0,0.0500
16099,2987064,-84.85,40,0,0.0500
16100,2987310,606.43,246,1,0.0500
16101,2987401,-61.10,91,0,0.0500
16102,2987649,605.79,248,1,0.0500
16103,2987893,606.53,244,1,0.0500
16104,2988150,606.67,257,1,0.0500
16105,2988297,-33.10,147,0,0.0500
16106,2988399,-61.96,102,0,0.0500
16107,2988707,612.82,308,1,0.0500
16108,2988962,606.07,255,1,0.0500
16109,2989191,606.20,229,1,0.0500
16110,2989340,-33.12,149,0,0.0500
16111,2989587,605.09,247,1,0.0500
16112,2989669,-60.31,82,0,0.0500
16113,2989822,-32.84,153,0,0.0500
16114,2990044,606.07,222,1,0.0500
16115,2990291,607.39,247,1,0.0500
16116,2990473,-20.33,182,0,0.0500
16117,2990716,606.72,243,1,0.0500
16118,2990971,606.18,255,1,0.0500
16119,2991229,606.39,258,1,0.0500
16120,2991282,-79.72,53,0,0.0500
16121,2991523,605.22,241,1,0.0500
16122,2991776,607.33,253,1,0.0500
16123,2992018,605.66,242,1,0.0500
16124,2992273,607.63,255,1,0.0500
16125,2992519,606.13,246,1,0.0500
16126,2992776,606.23,257,1,0.0500
16127,2992955,-20.29,179,0,0.0500
16128,2993131,-21.20,176,0,0.0500
16129,2993378,606.57,247,1,0.0500
16130,2993524,-33.29,146,0,0.0500
16131,2993776,607.20,252,1,0.0500
16132,2994015,605.37,239,1,0.0500
16133,2994266,607.35,251,1,0.0500
16134,2994414,-33.40,148,0,0.0500
16135,2994658,605.85,244,1,0.0500
16136,2994750,-61.25,92,0,0.0500
16137,2994936,-19.62,186,0,0.0500
16138,2995081,-32.85,145,0,0.0500
16139,2995333,609.23,252,1,0.0500
16140,2995595,607.25,262,1,0.0500
16141,2995774,-20.80,179,0,0.0500
16142,2995877,-61.81,103,0,0.0500
16143,2996018,-34.38,141,0,0.0500
16144,2996105,-59.70,87,0,0.0500
16145,2996353,606.44,248,1,0.0500
16146,2996599,606.25,246,1,0.0500
16147,2996685,-59.89,86,0,0.0500
16148,2996937,606.19,252,1,0.0500
16149,2997171,607.53,234,1,0.0500
16150,2997263,-54.71,92,0,0.0500
16151,2997310,-79.00,47,0,0.0500
16152,2997458,-32.68,148,0,0.0500
16153,2997715,605.90,257,1,0.0500
16154,2997955,605.05,240,1,0.0500
16155,2998210,606.67,255,1,0.0500
16156,2998461,607.04,251,1,0.0500
16157,2998712,606.97,251,1,0.0500
16158,2998966,606.50,254,1,0.0500
16159,2999215,607.46,249,1,0.0500
16160,2999304,-60.34,89,0,0.0500
16161,2999547,605.23,243,1,0.0500
16162,2999796,607.09,249,1,0.0500
16163,3000043,605.28,247,1,0.0500
16164,3000287,607.13,244,1,0.0500
16165,3000519,607.14,232,1,0.0500
16166,3000797,609.91,278,1,0.0500
16167,3001047,607.15,250,1,0.0500
16168,3001308,606.65,261,1,0.0500
16169,3001560,606.71,252,1,0.0500
16170,3001809,607.17,249,1,0.0500
16171,3002063,607.31,254,1,0.0500
16172,3002209,-32.67,146,0,0.0500
16173,3002452,605.66,243,1,0.0500
16174,3002689,607.08,237,1,0.0500
16175,3002770,-60.16,81,0,0.0500
16176,3002852,-59.95,82,0,0.0500
16177,3003104,605.35,252,1,0.0500
16178,3003329,606.46,225,1,0.0500
16179,3003478,-32.89,149,0,0.0500
16180,3003732,606.08,254,1,0.0500
16181,3003841,-61.44,109,0,0.0500
16182,3004102,607.46,261,1,0.0500
16183,3004324,606.07,222,1,0.0500
16184,3004474,-32.29,150,0,0.0500
16185,3004716,606.91,242,1,0.0500
16186,3004956,605.29,240,1,0.0500
16187,3005227,607.27,271,1,0.0500
16188,3005483,606.47,256,1,0.0500
16189,3005624,-35.84,141,0,0.0500
16190,3005709,-59.77,85,0,0.0500
16191,3005951,608.08,242,1,0.0500
16192,3006216,607.84,265,1,0.0500
16193,3006460,606.07,244,1,0.0500
16194,3006710,606.93,250,1,0.0500
16195,3006990,607.90,280,1,0.0500
16196,3007243,607.74,253,1,0.0500
16197,3007392,-31.66,149,0,0.0500
16198,3007622,605.69,230,1,0.0500
16199,3007774,-34.82,152,0,0.0500
16200,3008016,606.71,242,1,0.0500
16201,3008157,-35.64,141,0,0.0500
16202,3008403,606.01,246,1,0.0500
16203,3008493,-60.41,90,0,0.0500
16204,3008738,607.74,245,1,0.0500
16205,3008970,607.13,232,1,0.0500
16206,3009062,-62.36,92,0,0.0500
16207,3009114,-79.15,52,0,0.0500
16208,3009229,-60.75,115,0,0.0500
16209,3009287,-78.97,58,0,0.0500
16210,3009531,606.36,244,1,0.0500
16211,3009823,609.03,292,1,0.0500
16212,3009970,-33.02,147,0,0.0500
16213,3010118,-32.68,148,0,0.0500
16214,3010267,-33.01,149,0,0.0500
16215,3010307,-85.05,40,0,0.0500
16216,3010453,-32.75,146,0,0.0500
16217,3010700,606.00,247,1,0.0500
16218,3010944,605.63,244,1,0.0500
16219,3011192,605.49,248,1,0.0500
16220,3011333,-36.06,141,0,0.0500
16221,3011474,-36.06,141,0,0.0500
16222,3011720,606.05,246,1,0.0500
16223,3011869,-32.70,149,0,0.0500
16224,3012136,608.66,267,1,0.0500
16225,3012314,-20.59,178,0,0.0500
16226,3012577,607.03,263,1,0.0500
16227,3012823,606.85,246,1,0.0500
16228,3013077,606.62,254,1,0.0500
16229,3013322,606.18,245,1,0.0500
16230,3013562,605.26,240,1,0.0500
16231,3013806,606.06,244,1,0.0500
16232,3014061,607.72,255,1,0.0500
16233,3014161,-62.17,100,0,0.0500
16234,3014417,606.17,256,1,0.0500
16235,3014667,605.67,250,1,0.0500
16236,3014924,607.21,257,1,0.0500
16237,3015174,606.95,250,1,0.0500
16238,3015429,606.58,255,1,0.0500
16239,3015687,606.45,258,1,0.0500
16240,3015912,605.73,225,1,0.0500
16241,3016153,607.44,241,1,0.0500
16242,3016408,607.63,255,1,0.0500
16243,3016658,605.68,250,1,0.0500
16244,3016909,607.04,251,1,0.0500
16245,3017167,606.04,258,1,0.0500
16246,3017400,607.96,233,1,0.0500
16247,3017486,-61.15,86,0,0.0500
16248,3017566,-60.15,80,0,0.0500
16249,3017791,605.31,225,1,0.0500
16250,3017936,-33.15,145,0,0.0500
16251,3018161,605.52,225,1,0.0500
16252,3018262,-61.52,101,0,0.0500
16253,3018439,-18.06,177,0,0.0500
16254,3018683,606.03,244,1,0.0500
16255,3018918,605.42,235,1,0.0500
16256,3019150,606.51,232,1,0.0500
16257,3019172,-91.81,22,0,0.0500
16258,3019323,-33.01,151,0,0.0500
16259,3019556,606.17,233,1,0.0500
16260,3019731,-20.86,175,0,0.0500
16261,3019962,606.10,231,1,0.0500
16262,3020219,608.86,257,1,0.0500
16263,3020314,-61.10,95,0,0.0500
16264,3020385,-63.73,71,0,0.0500
16265,3020533,-32.68,148,0,0.0500
16266,3020679,-32.75,146,0,0.0500
16267,3020923,606.27,244,1,0.0500
16268,3021018,-60.87,95,0,0.0500
16269,3021121,-61.07,103,0,0.0500
16270,3021374,607.03,253,1,0.0500
16271,3021469,-62.65,95,0,0.0500
16272,3021508,-85.25,39,0,0.0500
16273,3021755,606.04,247,1,0.0500
16274,3021994,606.22,239,1,0.0500
16275,3022045,-79.34,51,0,0.0500
16276,3022296,609.04,251,1,0.0500
16277,3022476,-21.02,180,0,0.0500
16278,3022740,606.81,264,1,0.0500
16279,3022886,-33.08,146,0,0.0500
16280,3022978,-62.15,92,0,0.0500
16281,3023137,-34.46,159,0,0.0500
16282,3023381,606.82,244,1,0.0500
16283,3023642,606.93,261,1,0.0500
16284,3023830,-19.43,188,0,0.0500
16285,3024079,605.69,249,1,0.0500
16286,3024155,-60.69,76,0,0.0500
16287,3024374,605.26,219,1,0.0500
16288,3024619,606.73,245,1,0.0500
16289,3024882,607.03,263,1,0.0500
16290,3024940,-80.04,58,0,0.0500
16291,3025086,-33.49,146,0,0.0500
16292,3025325,605.81,239,1,0.0500
16293,3025405,-60.35,80,0,0.0500
16294,3025453,-78.79,48,0,0.0500
16295,3025598,-34.00,145,0,0.0500
16296,3025850,607.65,252,1,0.0500
16297,3026095,607.37,245,1,0.0500
16298,3026329,605.23,234,1,0.0500
16299,3026575,606.04,246,1,0.0500
16300,3026666,-60.15,91,0,0.0500
16301,3026909,605.84,243,1,0.0500
16302,3027090,-19.98,181,0,0.0500
16303,3027369,608.11,279,1,0.0500
16304,3027445,-60.75,76,0,0.0500
16305,3027523,-60.35,78,0,0.0500
16306,3027791,607.17,268,1,0.0500
16307,3028033,605.45,242,1,0.0500
16308,3028215,-20.20,182,0,0.0500
16309,3028466,606.71,251,1,0.0500
16310,3028505,-85.04,39,0,0.0500
16311,3028617,-61.80,112,0,0.0500
16312,3028701,-61.35,84,0,0.0500
16313,3028779,-60.55,78,0,0.0500
16314,3029058,608.04,279,1,0.0500
16315,3029137,-60.36,79,0,0.0500
16316,3029284,-33.09,147,0,0.0500
16317,3029332,-78.79,48,0,0.0500
16318,3029571,606.85,239,1,0.0500
16319,3029821,606.63,250,1,0.0500
16320,3030094,607.24,273,1,0.0500
16321,3030336,605.79,242,1,0.0500
16322,3030481,-33.12,145,0,0.0500
16323,3030574,-61.19,93,0,0.0500
16324,3030822,605.48,248,1,0.0500
16325,3030917,-63.08,95,0,0.0500
16326,3031160,605.66,243,1,0.0500
16327,3031236,-60.69,76,0,0.0500
16328,3031384,-32.55,148,0,0.0500
16329,3031483,-62.04,99,0,0.0500
16330,3031629,-33.29,146,0,0.0500
16331,3031869,607.03,240,1,0.0500
16332,3032099,606.52,230,1,0.0500
16333,3032358,607.49,259,1,0.0500
16334,3032449,-61.65,91,0,0.0500
16335,3032694,605.94,245,1,0.0500
16336,3032783,-61.60,89,0,0.0500
16337,3032834,-79.92,51,0,0.0500
16338,3032940,-61.83,106,0,0.0500
16339,3033086,-32.95,146,0,0.0500
16340,3033142,-80.52,56,0,0.0500
16341,3033194,-79.71,52,0,0.0500
16342,3033371,-33.08,177,0,0.0500
16343,3033614,606.94,243,1,0.0500
16344,3033718,-61.78,104,0,0.0500
16345,3033966,606.55,248,1,0.0500
16346,3034112,-33.17,146,0,0.0500
16347,3034359,607.50,247,1,0.0500
16348,3034637,607.49,278,1,0.0500
16349,3034864,606.76,227,1,0.0500
16350,3035087,606.38,223,1,0.0500
16351,3035349,607.75,262,1,0.0500
16352,3035422,-63.44,73,0,0.0500
16353,3035673,607.38,251,1,0.0500
16354,3035933,606.51,260,1,0.0500
16355,3036177,609.63,244,1,0.0500
16356,3036415,606.66,238,1,0.0500
16357,3036497,-60.27,82,0,0.0500
16358,3036581,-61.55,84,0,0.0500
16359,3036725,-33.15,144,0,0.0500
16360,3036973,607.07,248,1,0.0500
16361,3037225,605.55,252,1,0.0500
16362,3037366,-35.12,141,0,0.0500
16363,3037616,606.75,250,1,0.0500
16364,3037724,-62.39,108,0,0.0500
16365,3037979,606.36,255,1,0.0500
16366,3038233,606.49,254,1,0.0500
16367,3038485,606.43,252,1,0.0500
16368,3038735,607.04,250,1,0.0500
16369,3039003,607.72,268,1,0.0500
16370,3039099,-62.44,96,0,0.0500
16371,3039204,-54.96,105,0,0.0500
16372,3039454,607.26,250,1,0.0500
16373,3039694,605.98,240,1,0.0500
16374,3039933,604.91,239,1,0.0500
16375,3040017,-61.25,84,0,0.0500
16376,3040164,-32.76,147,0,0.0500
16377,3040407,605.68,243,1,0.0500
16378,3040652,606.26,245,1,0.0500
16379,3040791,-36.37,139,0,0.0500
16380,3040876,-61.14,85,0,0.0500
16381,3041103,605.92,227,1,0.0500
16382,3041347,605.98,244,1,0.0500
16383,3041429,-59.95,82,0,0.0500
16384,3041668,606.64,239,1,0.0500
16385,3041745,-60.54,77,0,0.0500
16386,3042006,607.14,261,1,0.0500
16387,3042264,606.65,258,1,0.0500
16388,3042505,606.41,241,1,0.0500
16389,3042769,607.75,264,1,0.0500
16390,3042861,-54.71,92,0,0.0500
16391,3043004,-34.31,143,0,0.0500
16392,3043253,606.54,249,1,0.0500
16393,3043402,-32.80,149,0,0.0500
16394,3043659,606.24,257,1,0.0500
16395,3043901,606.82,242,1,0.0500
16396,3044170,609.15,269,1,0.0500
16397,3044424,605.75,254,1,0.0500
16398,3044524,-61.82,100,0,0.0500
16399,3044675,-32.83,151,0,0.0500
16400,3044827,-33.77,152,0,0.0500
16401,3045003,-30.58,176,0,0.0500
16402,3045261,606.53,258,1,0.0500
16403,3045508,606.77,247,1,0.0500
16404,3045618,-60.73,110,0,0.0500
16405,3045697,-60.56,79,0,0.0500
16406,3045941,605.44,244,1,0.0500
16407,3046196,608.68,255,1,0.0500
16408,3046338,-34.17,142,0,0.0500
16409,3046591,605.98,253,1,0.0500
16410,3046732,-35.00,141,0,0.0500
16411,3046836,-61.63,104,0,0.0500
16412,3046982,-34.12,146,0,0.0500
16413,3047060,-62.67,78,0,0.0500
16414,3047150,-60.84,90,0,0.0500
16415,3047290,-34.51,140,0,0.0500
16416,3047543,605.94,253,1,0.0500
16417,3047614,-63.44,71,0,0.0500
16418,3047797,-21.38,183,0,0.0500
16419,3047837,-84.85,40,0,0.0500
16420,3047984,-32.68,147,0,0.0500
16421,3048230,606.38,246,1,0.0500
16422,3048406,-20.87,176,0,0.0500
16423,3048515,-60.66,109,0,0.0500
16424,3048762,605.40,247,1,0.0500
16425,3049007,606.17,245,1,0.0500
16426,3049148,-35.14,141,0,0.0500
16427,3049404,605.95,256,1,0.0500
16428,3049545,-36.48,141,0,0.0500
16429,3049802,607.07,257,1,0.0500
16430,3049850,-78.79,48,0,0.0500
16431,3049944,-61.14,94,0,0.0500
16432,3050090,-33.59,146,0,0.0500
16433,3050339,606.62,249,1,0.0500
16434,3050595,606.47,256,1,0.0500
16435,3050675,-60.15,80,0,0.0500
16436,3050926,605.77,251,1,0.0500
16437,3051009,-61.66,83,0,0.0500
16438,3051252,606.04,243,1,0.0500
16439,3051503,607.98,251,1,0.0500
16440,3051732,606.32,229,1,0.0500
16441,3051992,607.15,260,1,0.0500
16442,3052138,-33.17,146,0,0.0500
16443,3052379,605.58,241,1,0.0500
16444,3052623,605.19,244,1,0.0500
16445,3052874,605.98,251,1,0.0500
16446,3053103,605.91,229,1,0.0500
16447,3053252,-33.89,149,0,0.0500
16448,3053520,608.25,268,1,0.0500
16449,3053765,605.66,245,1,0.0500
16450,3054001,606.25,236,1,0.0500
16451,3054254,606.78,253,1,0.0500
16452,3054342,-61.17,88,0,0.0500
16453,3054594,607.69,252,1,0.0500
16454,3054701,-60.86,107,0,0.0500
16455,3054957,607.71,256,1,0.0500
16456,3055205,606.44,248,1,0.0500
16457,3055468,607.54,263,1,0.0500
16458,3055547,-60.56,79,0,0.0500
16459,3055787,607.48,240,1,0.0500
16460,3056032,605.64,245,1,0.0500
16461,3056173,-36.48,141,0,0.0500
16462,3056410,606.24,237,1,0.0500
16463,3056556,-32.87,146,0,0.0500
16464,3056797,605.78,241,1,0.0500
16465,3057064,608.77,267,1,0.0500
16466,3057211,-32.90,147,0,0.0500
16467,3057456,605.64,245,1,0.0500
16468,3057723,607.52,267,1,0.0500
16469,3057864,-36.48,141,0,0.0500
16470,3058124,606.86,260,1,0.0500
16471,3058364,605.18,240,1,0.0500
16472,3058610,607.81,246,1,0.0500
16473,3058847,607.08,237,1,0.0500
16474,3059087,605.23,240,1,0.0500
16475,3059159,-63.65,72,0,0.0500
16476,3059312,-31.89,153,0,0.0500
16477,3059389,-60.74,77,0,0.0500
16478,3059483,-54.31,94,0,0.0500
16479,3059736,607.01,253,1,0.0500
16480,3059884,-32.97,148,0,0.0500
16481,3059988,-62.39,104,0,0.0500
16482,3060237,606.22,249,1,0.0500
16483,3060493,606.57,256,1,0.0500
16484,3060545,-78.93,52,0,0.0500
16485,3060793,606.77,248,1,0.0500
16486,3061029,605.83,236,1,0.0500
16487,3061292,607.96,263,1,0.0500
16488,3061530,605.83,238,1,0.0500
16489,3061783,607.34,253,1,0.0500
16490,3062033,606.62,250,1,0.0500
16491,3062326,610.50,293,1,0.0500
16492,3062571,606.17,245,1,0.0500
16493,3062807,606.25,236,1,0.0500
16494,3063056,607.48,249,1,0.0500
16495,3063197,-35.84,141,0,0.0500
16496,3063443,607.20,246,1,0.0500
16497,3063549,-59.80,106,0,0.0500
16498,3063799,606.73,250,1,0.0500
16499,3064040,605.87,241,1,0.0500
16500,3064283,605.95,243,1,0.0500
16501,3064424,-36.48,141,0,0.0500
16502,3064671,607.26,247,1,0.0500
16503,3064931,607.81,260,1,0.0500
16504,3065179,608.15,248,1,0.0500
16505,3065332,-33.48,153,0,0.0500
16506,3065564,606.29,232,1,0.0500
16507,3065783,605.16,219,1,0.0500
16508,3066041,606.68,258,1,0.0500
16509,3066248,-21.30,207,0,0.0500
16510,3066271,-91.60,23,0,0.0500
16511,3066524,606.06,253,1,0.0500
16512,3066767,605.95,243,1,0.0500
16513,3067022,605.93,255,1,0.0500
16514,3067253,606.81,231,1,0.0500
16515,3067398,-32.88,145,0,0.0500
16516,3067632,605.65,234,1,0.0500
16517,3067887,606.60,255,1,0.0500
16518,3068137,606.74,250,1,0.0500
16519,3068377,608.73,240,1,0.0500
16520,3068554,-20.99,177,0,0.0500
16521,3068792,606.45,238,1,0.0500
16522,3069053,609.36,261,1,0.0500
16523,3069199,-32.95,146,0,0.0500
16524,3069448,605.47,249,1,0.0500
16525,3069696,606.19,248,1,0.0500
16526,3069940,606.27,244,1,0.0500
16527,3070053,-55.46,113,0,0.0500
16528,3070207,-33.27,154,0,0.0500
16529,3070460,607.20,253,1,0.0500
16530,3070709,607.68,249,1,0.0500
16531,3070965,606.99,256,1,0.0500
16532,3071234,608.30,269,1,0.0500
16533,3071307,-63.44,73,0,0.0500
16534,3071448,-35.05,141,0,0.0500
16535,3071625,-20.66,177,0,0.0500
16536,3071879,607.33,254,1,0.0500
16537,3071990,-59.57,111,0,0.0500
16538,3072043,-79.72,53,0,0.0500
16539,3072290,606.33,247,1,0.0500
16540,3072441,-32.91,151,0,0.0500
16541,3072693,606.25,252,1,0.0500
16542,3072943,607.29,250,1,0.0500
16543,3073096,-33.95,153,0,0.0500
16544,3073344,605.27,248,1,0.0500
16545,3073566,605.97,222,1,0.0500
16546,3073825,606.84,259,1,0.0500
16547,3074075,606.93,250,1,0.0500
16548,3074323,605.07,248,1,0.0500
16549,3074570,605.92,247,1,0.0500
16550,3074674,-62.23,104,0,0.0500
16551,3074714,-84.85,40,0,0.0500
16552,3074855,-35.14,141,0,0.0500
16553,3075001,-32.87,146,0,0.0500
16554,3075244,605.34,243,1,0.0500
16555,3075493,607.80,249,1,0.0500
16556,3075750,606.98,257,1,0.0500
16557,3075992,606.05,242,1,0.0500
16558,3076045,-79.72,53,0,0.0500
16559,3076298,607.92,253,1,0.0500
16560,3076346,-78.79,48,0,0.0500
16561,3076593,605.92,247,1,0.0500
16562,3076839,606.91,246,1,0.0500
16563,3076930,-61.00,91,0,0.0500
16564,3076989,-79.90,59,0,0.0500
16565,3077235,606.04,246,1,0.0500
16566,3077483,606.85,248,1,0.0500
16567,3077598,-59.55,115,0,0.0500
16568,3077847,605.88,249,1,0.0500
16569,3078086,605.26,239,1,0.0500
16570,3078325,607.90,239,1,0.0500
16571,3078592,606.54,267,1,0.0500
16572,3078867,607.64,275,1,0.0500
16573,3078955,-61.39,88,0,0.0500
16574,3079226,606.62,271,1,0.0500
16575,3079266,-85.05,40,0,0.0500
16576,3079499,607.12,233,1,0.0500
16577,3079746,606.88,247,1,0.0500
16578,3079852,-61.71,106,0,0.0500
16579,3080108,607.29,256,1,0.0500
16580,3080359,606.64,251,1,0.0500
16581,3080612,606.27,253,1,0.0500
16582,3080653,-84.85,41,0,0.0500
16583,3080907,606.79,254,1,0.0500
16584,3080988,-60.36,81,0,0.0500
16585,3081137,-31.96,149,0,0.0500
16586,3081177,-85.79,40,0,0.0500
16587,3081328,-32.81,151,0,0.0500
16588,3081567,605.18,239,1,0.0500
16589,3081828,606.84,261,1,0.0500
16590,3081978,-32.70,150,0,0.0500
16591,3082119,-36.06,141,0,0.0500
16592,3082260,-35.55,141,0,0.0500
16593,3082510,606.09,250,1,0.0500
16594,3082738,605.71,228,1,0.0500
16595,3082829,-61.20,91,0,0.0500
16596,3082904,-62.54,75,0,0.0500
16597,3083170,608.17,266,1,0.0500
16598,3083319,-32.59,149,0,0.0500
16599,3083428,-61.47,109,0,0.0500
16600,3083668,604.81,240,1,0.0500
16601,3083920,606.61,252,1,0.0500
16602,3084026,-60.72,106,0,0.0500
16603,3084272,606.04,246,1,0.0500
16604,3084424,-32.75,152,0,0.0500
16605,3084606,-21.49,182,0,0.0500
16606,3084697,-61.24,91,0,0.0500
16607,3084783,-60.95,86,0,0.0500
16608,3084936,-31.89,153,0,0.0500
16609,3085184,606.35,248,1,0.0500
16610,3085423,605.24,239,1,0.0500
16611,3085569,-33.31,146,0,0.0500
16612,3085639,-62.68,70,0,0.0500
16613,3085918,606.10,279,1,0.0500
16614,3086163,606.48,245,1,0.0500
16615,3086418,606.13,255,1,0.0500
16616,3086643,605.83,225,1,0.0500
16617,3086870,606.76,227,1,0.0500
16618,3087090,605.23,220,1,0.0500
16619,3087334,606.05,244,1,0.0500
16620,3087411,-60.74,77,0,0.0500
16621,3087661,606.51,250,1,0.0500
16622,3087838,-20.58,177,0,0.0500
16623,3088090,606.19,252,1,0.0500
16624,3088319,607.16,229,1,0.0500
16625,3088557,605.09,238,1,0.0500
16626,3088671,-60.49,114,0,0.0500
16627,3088916,606.22,245,1,0.0500
16628,3089169,606.57,253,1,0.0500
16629,3089191,-91.80,22,0,0.0500
16630,3089337,-31.85,146,0,0.0500
16631,3089604,607.06,267,1,0.0500
16632,3089839,605.31,235,1,0.0500
16633,3090073,605.75,234,1,0.0500
16634,3090214,-35.64,141,0,0.0500
16635,3090355,-36.06,141,0,0.0500
16636,3090395,-84.85,40,0,0.0500
16637,3090637,606.81,242,1,0.0500
16638,3090734,-54.88,97,0,0.0500
16639,3090989,605.97,255,1,0.0500
16640,3091090,-61.71,101,0,0.0500
16641,3091337,607.39,247,1,0.0500
16642,3091587,607.51,250,1,0.0500
16643,3091845,606.35,258,1,0.0500
16644,3092093,605.21,248,1,0.0500
16645,3092235,-34.72,142,0,0.0500
16646,3092476,605.42,241,1,0.0500
16647,3092696,605.05,220,1,0.0500
16648,3092971,607.93,275,1,0.0500
16649,3093218,608.43,247,1,0.0500
16650,3093467,606.32,249,1,0.0500
16651,3093558,-60.97,91,0,0.0500
16652,3093791,607.34,233,1,0.0500
16653,3093870,-60.55,79,0,0.0500
16654,3094118,605.37,248,1,0.0500
16655,3094201,-59.76,83,0,0.0500
16656,3094442,606.09,241,1,0.0500
16657,3094691,605.47,249,1,0.0500
16658,3094949,607.06,258,1,0.0500
16659,3095196,607.12,247,1,0.0500
16660,3095452,607.29,256,1,0.0500
16661,3095706,608.17,254,1,0.0500
16662,3095909,-22.10,203,0,0.0500
16663,3096159,606.84,250,1,0.0500
16664,3096242,-61.34,83,0,0.0500
16665,3096486,606.06,244,1,0.0500
16666,3096734,606.44,248,1,0.0500
16667,3096830,-60.51,96,0,0.0500
16668,3097072,606.19,242,1,0.0500
16669,3097310,604.89,238,1,0.0500
16670,3097560,605.58,250,1,0.0500
16671,3097822,608.37,262,1,0.0500
16672,3098044,605.55,222,1,0.0500
16673,3098200,-33.60,156,0,0.0500
16674,3098455,606.15,255,1,0.0500
16675,3098715,607.69,260,1,0.0500
16676,3098755,-84.85,40,0,0.0500
16677,3098843,-60.65,88,0,0.0500
16678,3098993,-33.33,150,0,0.0500
16679,3099135,-35.37,142,0,0.0500
16680,3099372,606.66,237,1,0.0500
16681,3099619,606.45,247,1,0.0500
16682,3099793,-31.71,174,0,0.0500
16683,3099938,-34.62,145,0,0.0500
16684,3099982,-84.57,44,0,0.0500
16685,3100095,-55.46,113,0,0.0500
16686,3100360,608.70,265,1,0.0500
16687,3100600,608.31,240,1,0.0500
16688,3100849,607.18,249,1,0.0500
16689,3101077,606.55,228,1,0.0500
16690,3101336,607.70,259,1,0.0500
16691,3101586,606.20,250,1,0.0500
16692,3101820,604.93,234,1,0.0500
16693,3102073,608.28,253,1,0.0500
16694,3102252,-32.02,179,0,0.0500
16695,3102506,605.84,254,1,0.0500
16696,3102595,-60.55,89,0,0.0500
16697,3102679,-59.88,84,0,0.0500
16698,3102780,-61.95,101,0,0.0500
16699,3102820,-84.85,40,0,0.0500
16700,3102911,-61.63,91,0,0.0500
16701,3103058,-32.68,147,0,0.0500
16702,3103293,605.94,235,1,0.0500
16703,3103382,-60.28,89,0,0.0500
16704,3103633,606.07,251,1,0.0500
16705,3103672,-85.04,39,0,0.0500
16706,3103765,-60.86,93,0,0.0500
16707,3103987,606.49,222,1,0.0500
16708,3104248,607.15,261,1,0.0500
16709,3104520,608.51,272,1,0.0500
16710,3104662,-34.80,142,0,0.0500
16711,3104819,-33.80,157,0,0.0500
16712,3105051,606.50,232,1,0.0500
16713,3105204,-33.48,153,0,0.0500
16714,3105447,605.88,243,1,0.0500
16715,3105548,-60.62,101,0,0.0500
16716,3105652,-62.02,104,0,0.0500
16717,3105876,607.63,224,1,0.0500
16718,3106017,-35.00,141,0,0.0500
16719,3106280,608.31,263,1,0.0500
16720,3106389,-60.79,109,0,0.0500
16721,3106429,-85.05,40,0,0.0500
16722,3106579,-35.75,150,0,0.0500
16723,3106766,-20.99,187,0,0.0500
16724,3106867,-60.56,101,0,0.0500
16725,3107016,-32.90,149,0,0.0500
16726,3107108,-61.42,92,0,0.0500
16727,3107288,-32.29,180,0,0.0500
16728,3107368,-60.15,80,0,0.0500
16729,3107452,-61.03,84,0,0.0500
16730,3107700,607.39,248,1,0.0500
16731,3107810,-60.65,110,0,0.0500
16732,3107954,-34.40,144,0,0.0500
16733,3108047,-60.77,93,0,0.0500
16734,3108135,-60.91,88,0,0.0500
16735,3108354,605.26,219,1,0.0500
16736,3108577,606.15,223,1,0.0500
16737,3108818,605.86,241,1,0.0500
16738,3109069,607.58,251,1,0.0500
16739,3109151,-60.07,82,0,0.0500
16740,3109234,-59.96,83,0,0.0500
16741,3109473,604.86,239,1,0.0500
16742,3109556,-60.50,83,0,0.0500
16743,3109702,-32.87,146,0,0.0500
16744,3109964,607.24,262,1,0.0500
16745,3110148,-30.83,184,0,0.0500
16746,3110386,607.91,238,1,0.0500
16747,3110467,-60.80,81,0,0.0500
16748,3110717,606.39,250,1,0.0500
16749,3110813,-61.04,96,0,0.0500
16750,3110901,-60.43,88,0,0.0500
16751,3110989,-60.45,88,0,0.0500
16752,3111235,604.69,246,1,0.0500
16753,3111389,-33.99,154,0,0.0500
16754,3111467,-60.35,78,0,0.0500
16755,3111711,605.96,244,1,0.0500
16756,3111858,-33.18,147,0,0.0500
16757,3111928,-63.76,70,0,0.0500
16758,3112013,-60.94,85,0,0.0500
16759,3112086,-63.46,73,0,0.0500
16760,3112335,609.36,249,1,0.0500
16761,3112476,-35.14,141,0,0.0500
16762,3112517,-84.85,41,0,0.0500
16763,3112778,606.94,261,1,0.0500
16764,3112925,-32.88,147,0,0.0500
16765,3113174,606.10,249,1,0.0500
16766,3113257,-60.50,83,0,0.0500
16767,3113535,608.17,278,1,0.0500
16768,3113778,607.86,243,1,0.0500
16769,3114048,609.15,270,1,0.0500
16770,3114305,608.96,257,1,0.0500
16771,3114406,-62.26,101,0,0.0500
16772,3114683,607.18,277,1,0.0500
16773,3114717,-84.13,34,0,0.0500
16774,3114966,607.27,249,1,0.0500
16775,3115206,606.85,240,1,0.0500
16776,3115363,-33.58,157,0,0.0500
16777,3115585,606.07,222,1,0.0500
16778,3115687,-62.08,102,0,0.0500
16779,3115828,-35.14,141,0,0.0500
16780,3115875,-78.89,47,0,0.0500
16781,3116119,606.29,244,1,0.0500
16782,3116267,-32.69,148,0,0.0500
16783,3116513,606.47,246,1,0.0500
16784,3116686,-33.03,173,0,0.0500
16785,3116774,-60.32,88,0,0.0500
16786,3117013,605.38,239,1,0.0500
16787,3117258,605.84,245,1,0.0500
16788,3117397,-56.57,139,0,0.0500
16789,3117654,608.69,257,1,0.0500
16790,3117930,607.73,276,1,0.0500
16791,3118020,-61.62,90,0,0.0500
16792,3118263,605.87,243,1,0.0500
16793,3118417,-33.09,154,0,0.0500
16794,3118691,606.99,274,1,0.0500
16795,3118832,-35.10,141,0,0.0500
16796,3119053,605.56,221,1,0.0500
16797,3119297,605.77,244,1,0.0500
16798,3119386,-60.25,89,0,0.0500
16799,3119633,606.46,247,1,0.0500
16800,3119891,606.34,258,1,0.0500
16801,3120143,607.55,252,1,0.0500
16802,3120291,-33.07,148,0,0.0500
16803,3120551,606.54,260,1,0.0500
16804,3120645,-61.38,94,0,0.0500
16805,3120785,-35.41,140,0,0.0500
16806,3121032,606.24,247,1,0.0500
16807,3121290,605.91,258,1,0.0500
16808,3121518,608.01,228,1,0.0500
16809,3121739,605.78,221,1,0.0500
16810,3121882,-33.76,143,0,0.0500
16811,3122133,606.64,251,1,0.0500
16812,3122359,605.52,226,1,0.0500
16813,3122462,-61.05,103,0,0.0500
16814,3122712,607.07,250,1,0.0500
16815,3122802,-60.35,90,0,0.0500
16816,3123050,606.64,248,1,0.0500
16817,3123199,-32.69,149,0,0.0500
16818,3123340,-35.84,141,0,0.0500
16819,3123578,604.77,238,1,0.0500
16820,3123826,605.91,248,1,0.0500
16821,3123911,-60.42,85,0,0.0500
16822,3124154,606.03,243,1,0.0500
16823,3124399,606.26,245,1,0.0500
16824,3124498,-61.64,99,0,0.0500
16825,3124583,-60.94,85,0,0.0500
16826,3124662,-60.36,79,0,0.0500
16827,3124760,-62.16,98,0,0.0500
16828,3124849,-60.14,89,0,0.0500
16829,3124962,-55.88,113,0,0.0500
16830,3125045,-61.34,83,0,0.0500
16831,3125132,-60.59,87,0,0.0500
16832,3125218,-60.85,86,0,0.0500
16833,3125303,-60.84,85,0,0.0500
16834,3125354,-79.76,51,0,0.0500
16835,3125595,605.22,241,1,0.0500
16836,3125643,-78.99,48,0,0.0500
16837,3125785,-36.41,142,0,0.0500
16838,3126037,607.45,252,1,0.0500
16839,3126127,-59.73,90,0,0.0500
16840,3126405,608.74,278,1,0.0500
16841,3126664,606.45,259,1,0.0500
16842,3126817,-33.47,153,0,0.0500
16843,3126994,-20.99,177,0,0.0500
16844,3127253,606.23,259,1,0.0500
16845,3127506,605.71,253,1,0.0500
16846,3127647,-36.39,141,0,0.0500
16847,3127897,607.04,250,1,0.0500
16848,3128132,605.42,235,1,0.0500
16849,3128148,-90.67,16,0,0.0500
16850,3128402,607.43,254,1,0.0500
16851,3128475,-63.02,73,0,0.0500
16852,3128716,605.90,241,1,0.0500
16853,3128962,606.66,246,1,0.0500
16854,3129103,-35.74,141,0,0.0500
16855,3129370,607.39,267,1,0.0500
16856,3129625,606.26,255,1,0.0500
16857,3129878,605.97,253,1,0.0500
16858,3130115,607.30,237,1,0.0500
16859,3130357,605.62,242,1,0.0500
16860,3130446,-60.14,89,0,0.0500
16861,3130486,-84.85,40,0,0.0500
16862,3130565,-61.84,79,0,0.0500
16863,3130606,-84.85,41,0,0.0500
16864,3130851,605.82,245,1,0.0500
16865,3131115,606.66,264,1,0.0500
16866,3131363,606.63,248,1,0.0500
16867,3131463,-61.62,100,0,0.0500
16868,3131554,-60.78,91,0,0.0500
16869,3131814,605.39,260,1,0.0500
16870,3131964,-32.09,150,0,0.0500
16871,3132201,606.66,237,1,0.0500
16872,3132457,606.61,256,1,0.0500
16873,3132727,609.79,270,1,0.0500
16874,3132982,606.36,255,1,0.0500
16875,3133223,605.38,241,1,0.0500
16876,3133406,-20.54,183,0,0.0500
16877,3133635,606.74,229,1,0.0500
16878,3133916,606.65,281,1,0.0500
16879,3134166,605.77,250,1,0.0500
16880,3134249,-60.07,83,0,0.0500
16881,3134396,-33.18,147,0,0.0500
16882,3134643,605.18,247,1,0.0500
16883,3134904,606.42,261,1,0.0500
16884,3135086,-20.62,182,0,0.0500
16885,3135234,-33.51,148,0,0.0500
16886,3135487,605.98,253,1,0.0500
16887,3135717,606.73,230,1,0.0500
16888,3135966,605.37,249,1,0.0500
16889,3136038,-63.03,72,0,0.0500
16890,3136181,-35.15,143,0,0.0500
16891,3136409,606.64,228,1,0.0500
16892,3136499,-61.19,90,0,0.0500
16893,3136769,607.67,270,1,0.0500
16894,3137016,605.39,247,1,0.0500
16895,3137296,607.77,280,1,0.0500
16896,3137547,606.62,251,1,0.0500
16897,3137649,-61.64,102,0,0.0500
16898,3137895,606.26,246,1,0.0500
16899,3138148,607.06,253,1,0.0500
16900,3138289,-35.64,141,0,0.0500
16901,3138376,-60.64,87,0,0.0500
16902,3138633,608.66,257,1,0.0500
16903,3138777,-35.45,144,0,0.0500
16904,3139049,607.59,272,1,0.0500
16905,3139288,604.94,239,1,0.0500
16906,3139373,-61.26,85,0,0.0500
16907,3139617,606.19,244,1,0.0500
16908,3139870,607.81,253,1,0.0500
16909,3140018,-33.10,148,0,0.0500
16910,3140272,606.15,254,1,0.0500
16911,3140385,-61.22,113,0,0.0500
16912,3140632,607.51,247,1,0.0500
16913,3140873,605.66,241,1,0.0500
16914,3141128,606.16,255,1,0.0500
16915,3141234,-61.59,106,0,0.0500
16916,3141491,608.41,257,1,0.0500
16917,3141589,-62.45,98,0,0.0500
16918,3141682,-61.54,93,0,0.0500
16919,3141786,-61.05,104,0,0.0500
16920,3142063,608.56,277,1,0.0500
16921,3142297,606.91,234,1,0.0500
16922,3142535,607.49,238,1,0.0500
16923,3142784,606.44,249,1,0.0500
16924,3143024,605.18,240,1,0.0500
16925,3143287,608.09,263,1,0.0500
16926,3143513,606.77,226,1,0.0500
16927,3143766,606.71,253,1,0.0500
16928,3143989,606.17,223,1,0.0500
16929,3144093,-61.42,104,0,0.0500
16930,3144188,-59.88,95,0,0.0500
16931,3144430,606.19,242,1,0.0500
16932,3144684,605.57,254,1,0.0500
16933,3144737,-79.72,53,0,0.0500
16934,3144983,606.91,246,1,0.0500
16935,3145221,606.23,238,1,0.0500
16936,3145320,-61.49,99,0,0.0500
16937,3145569,606.85,249,1,0.0500
16938,3145676,-61.43,107,0,0.0500
16939,3145911,605.22,235,1,0.0500
16940,3146063,-32.98,152,0,0.0500
16941,3146304,605.46,241,1,0.0500
16942,3146530,607.62,226,1,0.0500
16943,3146773,605.85,243,1,0.0500
16944,3147028,608.25,255,1,0.0500
16945,3147129,-61.71,101,0,0.0500
16946,3147243,-57.03,114,0,0.0500
16947,3147384,-34.38,141,0,0.0500
16948,3147634,606.52,250,1,0.0500
16949,3147880,606.67,246,1,0.0500
16950,3148140,607.15,260,1,0.0500
16951,3148216,-60.69,76,0,0.0500
16952,3148464,606.11,248,1,0.0500
16953,3148553,-60.98,89,0,0.0500
16954,3148805,606.19,252,1,0.0500
16955,3148897,-61.04,92,0,0.0500
16956,3149151,606.50,254,1,0.0500
16957,3149232,-59.96,81,0,0.0500
16958,3149471,607.06,239,1,0.0500
16959,3149724,606.48,253,1,0.0500
16960,3149980,606.36,256,1,0.0500
16961,3150233,607.12,253,1,0.0500
16962,3150255,-91.95,22,0,0.0500
16963,3150277,-91.95,22,0,0.0500
16964,3150328,-79.76,51,0,0.0500
16965,3150573,606.38,245,1,0.0500
16966,3150811,606.03,238,1,0.0500
16967,3151061,607.58,250,1,0.0500
16968,3151307,606.35,246,1,0.0500
16969,3151560,606.59,253,1,0.0500
16970,3151809,606.85,249,1,0.0500
16971,3152056,606.45,247,1,0.0500
16972,3152109,-79.72,53,0,0.0500
16973,3152355,606.38,246,1,0.0500
16974,3152627,608.61,272,1,0.0500
16975,3152768,-35.56,141,0,0.0500
16976,3152857,-60.66,89,0,0.0500
16977,3152935,-60.35,78,0,0.0500
16978,3153188,607.00,253,1,0.0500
16979,3153433,606.38,245,1,0.0500
16980,3153684,607.14,251,1,0.0500
16981,3153922,606.23,238,1,0.0500
16982,3154206,608.51,284,1,0.0500
16983,3154473,607.72,267,1,0.0500
16984,3154717,605.83,244,1,0.0500
16985,3154876,-33.10,159,0,0.0500
16986,3154924,-78.79,48,0,0.0500
16987,3155025,-61.97,101,0,0.0500
16988,3155136,-60.03,111,0,0.0500
16989,3155311,-21.27,175,0,0.0500
16990,3155580,608.12,269,1,0.0500
16991,3155814,608.47,234,1,0.0500
16992,3156066,606.40,252,1,0.0500
16993,3156313,606.03,247,1,0.0500
16994,3156562,605.05,249,1,0.0500
16995,3156822,607.44,260,1,0.0500
16996,3157078,607.41,256,1,0.0500
16997,3157351,606.29,273,1,0.0500
16998,3157573,605.00,222,1,0.0500
16999,3157813,605.80,240,1,0.0500
17000,3158055,605.67,242,1,0.0500
17001,3158136,-59.96,81,0,0.0500
17002,3158237,-61.97,101,0,0.0500
17003,3158464,605.92,227,1,0.0500
17004,3158565,-62.47,101,0,0.0500
17005,3158657,-61.58,92,0,0.0500
17006,3158712,-78.96,55,0,0.0500
17007,3158851,-36.58,139,0,0.0500
17008,3159104,606.98,253,1,0.0500
17009,3159343,605.18,239,1,0.0500
17010,3159411,-64.25,68,0,0.0500
17011,3159660,605.79,249,1,0.0500
17012,3159904,605.61,244,1,0.0500
17013,3160161,607.82,257,1,0.0500
17014,3160382,605.66,221,1,0.0500
17015,3160525,-33.92,143,0,0.0500
17016,3160771,605.52,246,1,0.0500
17017,3161034,607.76,263,1,0.0500
17018,3161290,606.79,256,1,0.0500
17019,3161538,605.37,248,1,0.0500
17020,3161778,605.47,240,1,0.0500
17021,3162000,605.97,222,1,0.0500
17022,3162246,605.96,246,1,0.0500
17023,3162506,607.88,260,1,0.0500
17024,3162659,-32.64,153,0,0.0500
17025,3162806,-33.10,147,0,0.0500
17026,3162986,-20.40,180,0,0.0500
17027,3163166,-21.01,180,0,0.0500
17028,3163312,-32.87,146,0,0.0500
17029,3163404,-61.43,92,0,0.0500
17030,3163662,608.47,258,1,0.0500
17031,3163901,606.11,239,1,0.0500
17032,3163991,-58.89,90,0,0.0500
17033,3164236,606.46,245,1,0.0500
17034,3164496,606.77,260,1,0.0500
17035,3164589,-61.04,93,0,0.0500
17036,3164689,-61.49,100,0,0.0500
17037,3164830,-35.14,141,0,0.0500
17038,3164870,-84.85,40,0,0.0500
17039,3165114,606.29,244,1,0.0500
17040,3165255,-35.54,141,0,0.0500
17041,3165340,-59.88,85,0,0.0500
17042,3165586,605.83,246,1,0.0500
17043,3165670,-60.41,84,0,0.0500
17044,3165777,-61.70,107,0,0.0500
17045,3166030,606.69,253,1,0.0500
17046,3166070,-84.85,40,0,0.0500
17047,3166163,-58.28,93,0,0.0500
17048,3166305,-34.17,142,0,0.0500
17049,3166560,605.93,255,1,0.0500
17050,3166653,-61.04,93,0,0.0500
17051,3166738,-60.84,85,0,0.0500
17052,3166885,-32.92,147,0,0.0500
17053,3167026,-35.21,141,0,0.0500
17054,3167208,-19.79,182,0,0.0500
17055,3167453,606.63,245,1,0.0500
17056,3167596,-36.07,143,0,0.0500
17057,3167830,607.33,234,1,0.0500
17058,3168078,606.43,248,1,0.0500
17059,3168219,-35.14,141,0,0.0500
17060,3168304,-60.94,85,0,0.0500
17061,3168394,-61.09,90,0,0.0500
17062,3168635,605.18,241,1,0.0500
17063,3168940,614.70,305,1,0.0500
17064,3169166,606.33,226,1,0.0500
17065,3169250,-61.25,84,0,0.0500
17066,3169495,605.84,245,1,0.0500
17067,3169735,607.05,240,1,0.0500
17068,3169844,-61.82,109,0,0.0500
17069,3169930,-61.37,86,0,0.0500
17070,3170169,607.06,239,1,0.0500
17071,3170310,-35.64,141,0,0.0500
17072,3170399,-61.37,89,0,0.0500
17073,3170649,606.33,250,1,0.0500
17074,3170690,-84.86,41,0,0.0500
17075,3170938,606.43,248,1,0.0500
17076,3171024,-60.11,86,0,0.0500
17077,3171272,606.02,248,1,0.0500
17078,3171362,-60.89,90,0,0.0500
17079,3171446,-60.08,84,0,0.0500
17080,3171600,-33.58,154,0,0.0500
17081,3171822,605.77,222,1,0.0500
17082,3171906,-61.03,84,0,0.0500
17083,3172140,605.55,234,1,0.0500
17084,3172371,606.67,231,1,0.0500
17085,3172595,606.38,224,1,0.0500
17086,3172844,605.07,249,1,0.0500
17087,3173103,606.84,259,1,0.0500
17088,3173203,-61.43,100,0,0.0500
17089,3173303,-61.85,100,0,0.0500
17090,3173539,605.10,236,1,0.0500
17091,3173648,-61.43,109,0,0.0500
17092,3173789,-36.06,141,0,0.0500
17093,3174033,606.27,244,1,0.0500
17094,3174279,606.45,246,1,0.0500
17095,3174505,606.57,226,1,0.0500
17096,3174606,-60.73,101,0,0.0500
17097,3174855,606.04,249,1,0.0500
17098,3175106,606.02,251,1,0.0500
17099,3175333,606.23,227,1,0.0500
17100,3175580,607.22,247,1,0.0500
17101,3175839,606.93,259,1,0.0500
17102,3176058,605.26,219,1,0.0500
17103,3176309,605.68,251,1,0.0500
17104,3176452,-33.98,143,0,0.0500
17105,3176705,606.80,253,1,0.0500
17106,3176853,-32.49,148,0,0.0500
17107,3177111,605.82,258,1,0.0500
17108,3177362,607.04,251,1,0.0500
17109,3177617,607.62,255,1,0.0500
17110,3177860,606.39,243,1,0.0500
17111,3177901,-84.85,41,0,0.0500
17112,3178171,607.90,270,1,0.0500
17113,3178416,606.02,245,1,0.0500
17114,3178528,-61.27,112,0,0.0500
17115,3178779,607.03,251,1,0.0500
17116,3179037,607.92,258,1,0.0500
17117,3179271,606.79,234,1,0.0500
17118,3179362,-60.93,91,0,0.0500
17119,3179402,-84.85,40,0,0.0500
17120,3179545,-35.66,143,0,0.0500
17121,3179642,-60.04,97,0,0.0500
17122,3179870,605.91,228,1,0.0500
17123,3179909,-85.04,39,0,0.0500
17124,3180000,-61.24,91,0,0.0500
17125,3180141,-34.38,141,0,0.0500
17126,3180423,608.91,282,1,0.0500
17127,3180648,606.02,225,1,0.0500
17128,3180915,605.99,267,1,0.0500
17129,3181022,-61.30,107,0,0.0500
17130,3181112,-61.38,90,0,0.0500
17131,3181189,-62.02,77,0,0.0500
17132,3181441,607.24,252,1,0.0500
17133,3181532,-59.94,91,0,0.0500
17134,3181787,608.98,255,1,0.0500
17135,3181839,-78.73,52,0,0.0500
17136,3182091,606.92,252,1,0.0500
17137,3182338,606.10,247,1,0.0500
17138,3182595,605.72,257,1,0.0500
17139,3182694,-61.25,99,0,0.0500
17140,3182937,606.13,243,1,0.0500
17141,3183211,607.85,274,1,0.0500
17142,3183463,607.78,252,1,0.0500
17143,3183716,608.07,253,1,0.0500
17144,3183865,-32.48,149,0,0.0500
17145,3184116,607.04,251,1,0.0500
17146,3184376,608.41,260,1,0.0500
17147,3184621,606.05,245,1,0.0500
17148,3184871,607.47,250,1,0.0500
17149,3185049,-20.66,178,0,0.0500
17150,3185295,605.84,246,1,0.0500
17151,3185547,607.95,252,1,0.0500
17152,3185784,607.18,237,1,0.0500
17153,3186032,606.05,248,1,0.0500
17154,3186279,606.03,247,1,0.0500
17155,3186530,605.78,251,1,0.0500
17156,3186765,606.17,235,1,0.0500
17157,3186857,-61.33,92,0,0.0500
17158,3187083,605.30,226,1,0.0500
17159,3187233,-32.54,150,0,0.0500
17160,3187476,605.62,243,1,0.0500
17161,3187567,-61.62,91,0,0.0500
17162,3187607,-84.85,40,0,0.0500
17163,3187852,605.94,245,1,0.0500
17164,3188089,606.87,237,1,0.0500
17165,3188302,-21.26,213,0,0.0500
17166,3188546,605.65,244,1,0.0500
17167,3188810,607.51,264,1,0.0500
17168,3188912,-61.59,102,0,0.0500
17169,3189005,-60.50,93,0,0.0500
17170,3189249,605.65,244,1,0.0500
17171,3189482,605.87,233,1,0.0500
17172,3189625,-33.90,143,0,0.0500
17173,3189800,-21.19,175,0,0.0500
17174,3190056,606.98,256,1,0.0500
17175,3190148,-61.33,92,0,0.0500
17176,3190257,-61.25,109,0,0.0500
17177,3190347,-60.73,90,0,0.0500
17178,3190598,607.90,251,1,0.0500
17179,3190852,605.50,254,1,0.0500
17180,3191098,606.04,246,1,0.0500
17181,3191345,605.18,247,1,0.0500
17182,3191494,-33.10,149,0,0.0500
17183,3191593,-61.81,99,0,0.0500
17184,3191848,606.88,255,1,0.0500
17185,3191995,-33.10,147,0,0.0500
17186,3192242,606.75,247,1,0.0500
17187,3192428,-22.24,186,0,0.0500
17188,3192600,-33.75,172,0,0.0500
17189,3192847,605.97,247,1,0.0500
17190,3193086,607.06,239,1,0.0500
17191,3193187,-61.41,101,0,0.0500
17192,3193275,-61.06,88,0,0.0500
17193,3193343,-64.25,68,0,0.0500
17194,3193596,606.60,253,1,0.0500
17195,3193832,607.61,236,1,0.0500
17196,3194068,605.53,236,1,0.0500
17197,3194209,-36.17,141,0,0.0500
17198,3194350,-36.26,141,0,0.0500
17199,3194594,606.05,244,1,0.0500
17200,3194844,605.70,250,1,0.0500
17201,3195093,607.04,249,1,0.0500
17202,3195237,-33.57,144,0,0.0500
17203,3195491,605.46,254,1,0.0500
17204,3195715,605.32,224,1,0.0500
17205,3195958,606.06,243,1,0.0500
17206,3196202,606.18,244,1,0.0500
17207,3196250,-78.37,48,0,0.0500
17208,3196496,606.33,246,1,0.0500
17209,3196637,-34.38,141,0,0.0500
17210,3196784,-32.84,147,0,0.0500
17211,3197041,606.88,257,1,0.0500
17212,3197284,606.04,243,1,0.0500
17213,3197425,-34.79,141,0,0.0500
17214,3197675,606.09,250,1,0.0500
17215,3197898,606.04,223,1,0.0500
17216,3198138,605.91,240,1,0.0500
17217,3198367,606.11,229,1,0.0500
17218,3198622,607.30,255,1,0.0500
17219,3198644,-91.80,22,0,0.0500
17220,3198874,605.47,230,1,0.0500
17221,3199126,606.06,252,1,0.0500
17222,3199372,606.66,246,1,0.0500
17223,3199456,-59.96,84,0,0.0500
17224,3199699,606.27,243,1,0.0500
17225,3199792,-61.46,93,0,0.0500
17226,3200050,606.97,258,1,0.0500
17227,3200304,607.64,254,1,0.0500
17228,3200445,-36.26,141,0,0.0500
17229,3200696,606.73,251,1,0.0500
17230,3200876,-21.13,180,0,0.0500
17231,3201122,606.58,246,1,0.0500
17232,3201204,-59.75,82,0,0.0500
17233,3201454,606.53,250,1,0.0500
17234,3201700,606.58,246,1,0.0500
17235,3201875,-21.19,175,0,0.0500
17236,3202016,-35.84,141,0,0.0500
17237,3202259,606.60,243,1,0.0500
17238,3202505,606.45,246,1,0.0500
17239,3202745,606.43,240,1,0.0500
17240,3203001,605.83,256,1,0.0500
17241,3203232,607.56,231,1,0.0500
17242,3203476,605.64,244,1,0.0500
17243,3203723,606.24,247,1,0.0500
17244,3203963,605.37,240,1,0.0500
17245,3204074,-62.11,111,0,0.0500
17246,3204169,-60.23,95,0,0.0500
17247,3204422,605.22,253,1,0.0500
17248,3204574,-35.76,152,0,0.0500
17249,3204821,606.03,247,1,0.0500
17250,3205064,605.74,243,1,0.0500
17251,3205308,606.93,244,1,0.0500
17252,3205550,606.29,242,1,0.0500
17253,3205795,606.24,245,1,0.0500
17254,3206048,607.88,253,1,0.0500
17255,3206301,607.45,253,1,0.0500
17256,3206562,607.66,261,1,0.0500
17257,3206805,605.77,243,1,0.0500
17258,3207075,606.42,270,1,0.0500
17259,3207116,-84.85,41,0,0.0500
17260,3207361,606.46,245,1,0.0500
17261,3207508,-33.29,147,0,0.0500
17262,3207761,607.13,253,1,0.0500
17263,3208008,606.66,247,1,0.0500
17264,3208254,605.59,246,1,0.0500
17265,3208511,606.46,257,1,0.0500
17266,3208551,-84.85,40,0,0.0500
17267,3208774,606.59,223,1,0.0500
17268,3208915,-35.64,141,0,0.0500
17269,3209096,-21.57,181,0,0.0500
17270,3209329,607.12,233,1,0.0500
17271,3209426,-61.45,97,0,0.0500
17272,3209678,607.14,252,1,0.0500
17273,3209922,605.97,244,1,0.0500
17274,3210021,-61.25,99,0,0.0500
17275,3210118,-62.10,97,0,0.0500
17276,3210375,606.23,257,1,0.0500
17277,3210523,-32.68,148,0,0.0500
17278,3210776,605.22,253,1,0.0500
17279,3211031,606.55,255,1,0.0500
17280,3211129,-61.46,98,0,0.0500
17281,3211170,-84.86,41,0,0.0500
17282,3211417,606.98,247,1,0.0500
17283,3211644,605.71,227,1,0.0500
17284,3211899,606.90,255,1,0.0500
17285,3212046,-33.50,147,0,0.0500
17286,3212297,607.86,251,1,0.0500
17287,3212539,605.66,242,1,0.0500
17288,3212782,605.77,243,1,0.0500
17289,3212928,-32.95,146,0,0.0500
17290,3213038,-61.88,110,0,0.0500
17291,3213291,608.06,253,1,0.0500
17292,3213553,607.22,262,1,0.0500
17293,3213652,-61.69,99,0,0.0500
17294,3213899,606.98,247,1,0.0500
17295,3214142,605.68,243,1,0.0500
17296,3214247,-61.00,105,0,0.0500
17297,3214489,605.21,242,1,0.0500
17298,3214588,-62.22,99,0,0.0500
17299,3214736,-32.97,148,0,0.0500
17300,3214826,-61.25,90,0,0.0500
17301,3215068,604.91,242,1,0.0500
17302,3215165,-59.15,97,0,0.0500
17303,3215423,606.29,258,1,0.0500
17304,3215517,-60.81,94,0,0.0500
17305,3215662,-33.49,145,0,0.0500
17306,3215904,605.65,242,1,0.0500
17307,3216155,605.58,251,1,0.0500
17308,3216296,-34.60,141,0,0.0500
17309,3216516,605.05,220,1,0.0500
17310,3216757,605.16,241,1,0.0500
17311,3217008,605.87,251,1,0.0500
17312,3217113,-60.94,105,0,0.0500
17313,3217361,606.64,248,1,0.0500
17314,3217618,606.98,257,1,0.0500
17315,3217644,-91.43,26,0,0.0500
17316,3217908,607.86,264,1,0.0500
17317,3218160,606.91,252,1,0.0500
17318,3218258,-61.71,98,0,0.0500
17319,3218507,606.64,249,1,0.0500
17320,3218606,-61.28,99,0,0.0500
17321,3218852,607.61,246,1,0.0500
17322,3218930,-60.03,78,0,0.0500
17323,3219183,606.38,253,1,0.0500
17324,3219426,605.98,243,1,0.0500
17325,3219516,-60.35,90,0,0.0500
17326,3219761,606.02,245,1,0.0500
17327,3219842,-60.27,81,0,0.0500
17328,3220086,605.73,244,1,0.0500
17329,3220340,605.47,254,1,0.0500
17330,3220582,607.87,242,1,0.0500
17331,3220732,-32.69,150,0,0.0500
17332,3220873,-34.58,141,0,0.0500
17333,3221119,606.24,246,1,0.0500
17334,3221377,607.07,258,1,0.0500
17335,3221614,605.74,237,1,0.0500
17336,3221882,608.35,268,1,0.0500
17337,3222157,606.98,275,1,0.0500
17338,3222418,606.41,261,1,0.0500
17339,3222671,607.56,253,1,0.0500
17340,3222918,606.04,247,1,0.0500
17341,3223167,606.63,249,1,0.0500
17342,3223414,606.86,247,1,0.0500
17343,3223662,606.67,248,1,0.0500
17344,3223865,-21.68,203,0,0.0500
17345,3224128,606.82,263,1,0.0500
17346,3224371,605.84,243,1,0.0500
17347,3224629,606.74,258,1,0.0500
17348,3224880,606.29,251,1,0.0500
17349,3224931,-79.76,51,0,0.0500
17350,3225182,606.31,251,1,0.0500
17351,3225426,605.84,244,1,0.0500
17352,3225689,607.64,263,1,0.0500
17353,3225941,607.87,252,1,0.0500
17354,3226190,606.96,249,1,0.0500
17355,3226287,-55.30,97,0,0.0500
17356,3226534,606.59,247,1,0.0500
17357,3226635,-62.04,101,0,0.0500
17358,3226869,608.02,234,1,0.0500
17359,3227108,605.24,239,1,0.0500
17360,3227194,-60.99,86,0,0.0500
17361,3227375,-21.06,181,0,0.0500
17362,3227524,-33.01,149,0,0.0500
17363,3227747,605.84,223,1,0.0500
17364,3227991,606.71,244,1,0.0500
17365,3228174,-21.79,183,0,0.0500
17366,3228435,607.36,261,1,0.0500
17367,3228584,-32.89,149,0,0.0500
17368,3228823,605.27,239,1,0.0500
17369,3229061,605.95,238,1,0.0500
17370,3229309,608.53,248,1,0.0500
17371,3229357,-78.79,48,0,0.0500
17372,3229429,-63.43,72,0,0.0500
17373,3229658,607.16,229,1,0.0500
17374,3229905,606.03,247,1,0.0500
17375,3230046,-35.33,141,0,0.0500
17376,3230195,-32.78,149,0,0.0500
17377,3230303,-59.81,108,0,0.0500
17378,3230546,606.94,243,1,0.0500
17379,3230638,-54.92,92,0,0.0500
17380,3230890,606.37,252,1,0.0500
17381,3231133,605.65,243,1,0.0500
17382,3231155,-91.80,22,0,0.0500
17383,3231305,-32.96,150,0,0.0500
17384,3231410,-60.33,105,0,0.0500
17385,3231652,605.46,242,1,0.0500
17386,3231692,-84.85,40,0,0.0500
17387,3231935,609.96,243,1,0.0500
17388,3232081,-32.87,146,0,0.0500
17389,3232126,-84.66,45,0,0.0500
17390,3232355,606.32,229,1,0.0500
17391,3232503,-33.30,148,0,0.0500
17392,3232613,-61.06,110,0,0.0500
17393,3232766,-33.48,153,0,0.0500
17394,3233002,605.41,236,1,0.0500
17395,3233260,608.88,258,1,0.0500
17396,3233518,606.95,258,1,0.0500
17397,3233569,-79.03,51,0,0.0500
17398,3233824,605.64,255,1,0.0500
17399,3234069,606.41,245,1,0.0500
17400,3234327,607.42,258,1,0.0500
17401,3234407,-60.15,80,0,0.0500
17402,3234640,606.18,233,1,0.0500
17403,3234880,605.23,240,1,0.0500
17404,3235126,606.24,246,1,0.0500
17405,3235384,606.37,258,1,0.0500
17406,3235653,608.00,269,1,0.0500
17407,3235890,605.42,237,1,0.0500
17408,3236140,606.52,250,1,0.0500
17409,3236196,-79.74,56,0,0.0500
17410,3236439,606.61,243,1,0.0500
17411,3236688,606.46,249,1,0.0500
17412,3236944,606.05,256,1,0.0500
17413,3237049,-61.17,105,0,0.0500
17414,3237129,-60.15,80,0,0.0500
17415,3237368,607.69,239,1,0.0500
17416,3237525,-32.86,157,0,0.0500
17417,3237777,605.72,252,1,0.0500
17418,3237999,605.97,222,1,0.0500
17419,3238252,605.67,253,1,0.0500
17420,3238492,605.49,240,1,0.0500
17421,3238752,606.53,260,1,0.0500
17422,3238857,-61.88,105,0,0.0500
17423,3239094,605.42,237,1,0.0500
17424,3239150,-79.36,56,0,0.0500
17425,3239406,605.63,256,1,0.0500
17426,3239653,606.05,247,1,0.0500
17427,3239900,606.43,247,1,0.0500
17428,3240046,-33.70,146,0,0.0500
17429,3240274,605.70,228,1,0.0500
17430,3240424,-32.29,150,0,0.0500
17431,3240690,606.69,266,1,0.0500
17432,3240748,-79.58,58,0,0.0500
17433,3241004,605.49,256,1,0.0500
17434,3241249,605.84,245,1,0.0500
17435,3241505,606.23,256,1,0.0500
17436,3241582,-62.02,77,0,0.0500
17437,3241841,606.97,259,1,0.0500
17438,3241987,-33.08,146,0,0.0500
17439,3242245,607.40,258,1,0.0500
17440,3242440,-21.39,195,0,0.0500
17441,3242478,-84.23,38,0,0.0500
17442,3242729,605.99,251,1,0.0500
17443,3242839,-56.27,110,0,0.0500
17444,3242929,-59.83,90,0,0.0500
17445,3243175,606.46,246,1,0.0500
17446,3243227,-79.15,52,0,0.0500
17447,3243338,-56.00,111,0,0.0500
17448,3243484,-34.97,146,0,0.0500
17449,3243727,605.57,243,1,0.0500
17450,3243973,606.04,246,1,0.0500
17451,3244162,-20.90,189,0,0.0500
17452,3244309,-33.51,147,0,0.0500
17453,3244546,605.62,237,1,0.0500
17454,3244801,607.87,255,1,0.0500
17455,3244947,-33.09,146,0,0.0500
17456,3245195,606.25,248,1,0.0500
17457,3245342,-33.29,147,0,0.0500
17458,3245600,607.18,258,1,0.0500
17459,3245794,-21.06,194,0,0.0500
17460,3246029,605.02,235,1,0.0500
17461,3246272,605.85,243,1,0.0500
17462,3246515,606.31,243,1,0.0500
17463,3246770,607.22,255,1,0.0500
17464,3246944,-32.61,174,0,0.0500
17465,3247184,606.84,240,1,0.0500
17466,3247333,-35.20,149,0,0.0500
17467,3247596,608.70,263,1,0.0500
17468,3247858,606.82,262,1,0.0500
17469,3248116,606.97,258,1,0.0500
17470,3248369,607.77,253,1,0.0500
17471,3248511,-33.89,142,0,0.0500
17472,3248562,-79.76,51,0,0.0500
17473,3248818,606.79,256,1,0.0500
17474,3248984,-32.44,166,0,0.0500
17475,3249231,605.28,247,1,0.0500
17476,3249503,607.17,272,1,0.0500
17477,3249607,-61.77,104,0,0.0500
17478,3249655,-78.79,48,0,0.0500
17479,3249753,-54.89,98,0,0.0500
17480,3249857,-61.51,104,0,0.0500
17481,3250105,607.25,248,1,0.0500
17482,3250365,605.99,260,1,0.0500
17483,3250624,607.29,259,1,0.0500
17484,3250879,605.53,255,1,0.0500
17485,3251163,608.89,284,1,0.0500
17486,3251411,605.52,248,1,0.0500
17487,3251518,-60.94,107,0,0.0500
17488,3251759,605.25,241,1,0.0500
17489,3252033,609.53,274,1,0.0500
17490,3252256,604.91,223,1,0.0500
17491,3252519,607.81,263,1,0.0500
17492,3252789,606.25,270,1,0.0500
17493,3252860,-63.86,71,0,0.0500
17494,3252976,-60.42,116,0,0.0500
17495,3253220,605.85,244,1,0.0500
17496,3253471,605.58,251,1,0.0500
17497,3253723,607.25,252,1,0.0500
17498,3253972,606.86,249,1,0.0500
17499,3254118,-32.67,146,0,0.0500
17500,3254371,606.18,253,1,0.0500
17501,3254617,606.04,246,1,0.0500
17502,3254869,606.39,252,1,0.0500
17503,3255125,606.32,256,1,0.0500
17504,3255199,-63.45,74,0,0.0500
17505,3255313,-61.37,114,0,0.0500
17506,3255563,607.05,250,1,0.0500
17507,3255668,-61.69,105,0,0.0500
17508,3255851,-21.38,183,0,0.0500
17509,3256095,605.64,244,1,0.0500
17510,3256241,-32.67,146,0,0.0500
17511,3256347,-61.72,106,0,0.0500
17512,3256493,-32.87,146,0,0.0500
17513,3256580,-60.95,87,0,0.0500
17514,3256670,-61.19,90,0,0.0500
17515,3256928,606.77,258,1,0.0500
17516,3257181,607.64,253,1,0.0500
17517,3257432,607.45,251,1,0.0500
17518,3257670,606.03,238,1,0.0500
17519,3257923,606.27,253,1,0.0500
17520,3258153,605.47,230,1,0.0500
17521,3258175,-91.95,22,0,0.0500
17522,3258322,-32.76,147,0,0.0500
17523,3258531,-22.99,209,0,0.0500
17524,3258780,606.94,249,1,0.0500
17525,3259008,605.49,228,1,0.0500
17526,3259151,-33.56,143,0,0.0500
17527,3259330,-20.39,179,0,0.0500
17528,3259560,605.69,230,1,0.0500
17529,3259812,606.59,252,1,0.0500
17530,3259864,-79.14,52,0,0.0500
17531,3260085,605.66,221,1,0.0500
17532,3260333,606.56,248,1,0.0500
17533,3260477,-33.15,144,0,0.0500
17534,3260525,-78.79,48,0,0.0500
17535,3260673,-32.55,148,0,0.0500
17536,3260776,-55.36,103,0,0.0500
17537,3261030,605.75,254,1,0.0500
17538,3261127,-61.48,97,0,0.0500
17539,3261381,605.51,254,1,0.0500
17540,3261633,605.46,252,1,0.0500
17541,3261745,-60.75,112,0,0.0500
17542,3261793,-78.99,48,0,0.0500
17543,3262022,606.33,229,1,0.0500
17544,3262169,-32.76,147,0,0.0500
17545,3262315,-33.16,146,0,0.0500
17546,3262470,-34.67,155,0,0.0500
17547,3262725,607.02,255,1,0.0500
17548,3262976,606.38,251,1,0.0500
17549,3263123,-33.10,147,0,0.0500
17550,3263355,606.71,232,1,0.0500
17551,3263580,605.74,225,1,0.0500
17552,3263825,607.28,245,1,0.0500
17553,3264079,607.03,254,1,0.0500
17554,3264101,-91.95,22,0,0.0500
17555,3264246,-33.16,145,0,0.0500
17556,3264496,606.83,250,1,0.0500
17557,3264741,605.84,245,1,0.0500
17558,3264989,606.15,248,1,0.0500
17559,3265133,-33.15,144,0,0.0500
17560,3265388,606.37,255,1,0.0500
17561,3265534,-32.67,146,0,0.0500
17562,3265607,-63.04,73,0,0.0500
17563,3265752,-33.03,145,0,0.0500
17564,3266007,607.36,255,1,0.0500
17565,3266262,606.42,255,1,0.0500
17566,3266371,-60.66,109,0,0.0500
17567,3266620,606.42,249,1,0.0500
17568,3266846,606.56,226,1,0.0500
17569,3266992,-32.95,146,0,0.0500
17570,3267245,607.42,253,1,0.0500
17571,3267480,607.74,235,1,0.0500
17572,3267624,-33.27,144,0,0.0500
17573,3267879,606.40,255,1,0.0500
17574,3267964,-60.98,85,0,0.0500
17575,3268205,605.58,241,1,0.0500
17576,3268444,606.56,239,1,0.0500
17577,3268689,606.04,245,1,0.0500
17578,3268833,-33.15,144,0,0.0500
17579,3269095,607.78,262,1,0.0500
17580,3269243,-32.55,148,0,0.0500
17581,3269487,605.63,244,1,0.0500
17582,3269662,-20.86,175,0,0.0500
17583,3269809,-32.76,147,0,0.0500
17584,3269953,-33.17,144,0,0.0500
17585,3270200,605.58,247,1,0.0500
17586,3270446,606.03,246,1,0.0500
17587,3270593,-32.76,147,0,0.0500
17588,3270739,-32.87,146,0,0.0500
17589,3270999,606.11,260,1,0.0500
17590,3271112,-62.48,113,0,0.0500
17591,3271293,-20.61,181,0,0.0500
17592,3271544,606.02,251,1,0.0500
17593,3271780,606.26,236,1,0.0500
17594,3272032,607.35,252,1,0.0500
17595,3272286,606.14,254,1,0.0500
17596,3272512,606.35,226,1,0.0500
17597,3272763,606.63,251,1,0.0500
17598,3273012,606.13,249,1,0.0500
17599,3273262,605.67,250,1,0.0500
17600,3273284,-91.95,22,0,0.0500
17601,3273533,606.44,249,1,0.0500
17602,3273769,605.72,236,1,0.0500
17603,3274018,606.44,249,1,0.0500
17604,3274263,605.89,245,1,0.0500
17605,3274518,606.29,255,1,0.0500
17606,3274778,607.70,260,1,0.0500
17607,3275027,606.82,249,1,0.0500
17608,3275096,-63.84,69,0,0.0500
17609,3275207,-55.86,111,0,0.0500
17610,3275353,-33.17,146,0,0.0500
17611,3275503,-32.37,150,0,0.0500
17612,3275730,606.34,227,1,0.0500
17613,3275801,-64.16,71,0,0.0500
17614,3276053,607.33,252,1,0.0500
17615,3276300,606.02,247,1,0.0500
17616,3276352,-78.93,52,0,0.0500
17617,3276535,-19.16,183,0,0.0500
17618,3276629,-60.70,94,0,0.0500
17619,3276773,-33.15,144,0,0.0500
17620,3276997,605.63,224,1,0.0500
17621,3277178,-20.82,181,0,0.0500
17622,3277438,606.33,260,1,0.0500
17623,3277628,-22.27,190,0,0.0500
17624,3277775,-33.09,147,0,0.0500
17625,3278021,605.80,246,1,0.0500
17626,3278173,-34.27,152,0,0.0500
17627,3278319,-32.87,146,0,0.0500
17628,3278590,606.35,271,1,0.0500
17629,3278702,-60.68,112,0,0.0500
17630,3278942,605.47,240,1,0.0500
17631,3278997,-79.53,55,0,0.0500
17632,3279152,-34.63,155,0,0.0500
17633,3279380,605.80,228,1,0.0500
17634,3279628,605.59,248,1,0.0500
17635,3279814,-21.93,186,0,0.0500
17636,3279865,-79.03,51,0,0.0500
17637,3279944,-60.55,79,0,0.0500
17638,3280029,-62.52,85,0,0.0500
17639,3280276,607.16,247,1,0.0500
17640,3280383,-61.28,107,0,0.0500
17641,3280626,606.52,243,1,0.0500
17642,3280884,607.91,258,1,0.0500
17643,3281140,608.66,256,1,0.0500
17644,3281180,-85.05,40,0,0.0500
17645,3281272,-61.24,92,0,0.0500
17646,3281511,607.48,239,1,0.0500
17647,3281767,607.92,256,1,0.0500
17648,3281913,-32.67,146,0,0.0500
17649,3282165,607.11,252,1,0.0500
17650,3282315,-33.02,150,0,0.0500
17651,3282575,606.54,260,1,0.0500
17652,3282828,606.07,253,1,0.0500
17653,3283077,607.15,249,1,0.0500
17654,3283323,606.13,246,1,0.0500
17655,3283565,606.05,242,1,0.0500
17656,3283817,606.18,252,1,0.0500
17657,3284072,605.32,255,1,0.0500
17658,3284142,-63.63,70,0,0.0500
17659,3284380,609.70,238,1,0.0500
17660,3284477,-62.08,97,0,0.0500
17661,3284730,608.46,253,1,0.0500
17662,3284782,-79.15,52,0,0.0500
17663,3284968,-21.09,186,0,0.0500
17664,3285218,607.04,250,1,0.0500
17665,3285476,606.66,258,1,0.0500
17666,3285735,606.12,259,1,0.0500
17667,3285960,606.25,225,1,0.0500
17668,3286002,-84.65,42,0,0.0500
17669,3286260,606.96,258,1,0.0500
17670,3286410,-32.70,150,0,0.0500
17671,3286558,-32.69,148,0,0.0500
17672,3286808,606.96,250,1,0.0500
17673,3287072,607.54,264,1,0.0500
17674,3287306,605.53,234,1,0.0500
17675,3287454,-32.55,148,0,0.0500
17676,3287595,-35.22,141,0,0.0500
17677,3287842,606.04,247,1,0.0500
17678,3288096,607.31,254,1,0.0500
17679,3288150,-78.65,54,0,0.0500
17680,3288390,605.65,240,1,0.0500
17681,3288538,-32.68,148,0,0.0500
17682,3288787,606.22,249,1,0.0500
17683,3288889,-61.52,102,0,0.0500
17684,3289134,606.24,245,1,0.0500
17685,3289394,606.97,260,1,0.0500
17686,3289464,-64.47,70,0,0.0500
17687,3289709,606.18,245,1,0.0500
17688,3289819,-61.13,110,0,0.0500
17689,3290072,607.02,253,1,0.0500
17690,3290315,605.85,243,1,0.0500
17691,3290406,-61.24,91,0,0.0500
17692,3290555,-32.83,149,0,0.0500
17693,3290808,605.52,253,1,0.0500
17694,3291059,606.80,251,1,0.0500
17695,3291295,606.57,236,1,0.0500
17696,3291551,606.78,256,1,0.0500
17697,3291802,606.38,251,1,0.0500
17698,3292063,607.15,261,1,0.0500
17699,3292314,607.46,251,1,0.0500
17700,3292551,606.45,237,1,0.0500
17701,3292700,-32.89,149,0,0.0500
17702,3292879,-21.22,179,0,0.0500
17703,3292963,-61.35,84,0,0.0500
17704,3293109,-32.75,146,0,0.0500
17705,3293255,-32.95,146,0,0.0500
17706,3293403,-33.11,148,0,0.0500
17707,3293664,606.42,261,1,0.0500
17708,3293915,605.54,251,1,0.0500
17709,3294174,607.68,259,1,0.0500
17710,3294215,-85.05,41,0,0.0500
17711,3294308,-60.59,93,0,0.0500
17712,3294560,607.03,252,1,0.0500
17713,3294701,-35.14,141,0,0.0500
17714,3294942,605.90,241,1,0.0500
17715,3295087,-32.88,145,0,0.0500
17716,3295197,-60.89,110,0,0.0500
17717,3295443,606.05,246,1,0.0500
17718,3295695,606.94,252,1,0.0500
17719,3295847,-33.98,152,0,0.0500
17720,3296084,605.43,237,1,0.0500
17721,3296336,607.36,252,1,0.0500
17722,3296482,-32.95,146,0,0.0500
17723,3296573,-60.64,91,0,0.0500
17724,3296830,606.56,257,1,0.0500
17725,3297066,605.33,236,1,0.0500
17726,3297314,606.43,248,1,0.0500
17727,3297559,606.14,245,1,0.0500
17728,3297611,-78.93,52,0,0.0500
17729,3297852,605.58,241,1,0.0500
17730,3297952,-61.88,100,0,0.0500
17731,3298205,606.28,253,1,0.0500
17732,3298451,606.87,246,1,0.0500
17733,3298710,606.76,259,1,0.0500
17734,3298971,608.20,261,1,0.0500
17735,3299224,607.20,253,1,0.0500
17736,3299276,-78.93,52,0,0.0500
17737,3299527,607.04,251,1,0.0500
17738,3299579,-79.15,52,0,0.0500
17739,3299683,-61.44,104,0,0.0500
17740,3299956,610.18,273,1,0.0500
17741,3300196,605.80,240,1,0.0500
17742,3300456,607.17,260,1,0.0500
17743,3300603,-33.10,147,0,0.0500
17744,3300864,607.68,261,1,0.0500
17745,3301108,605.14,244,1,0.0500
17746,3301359,605.56,251,1,0.0500
17747,3301515,-31.92,156,0,0.0500
17748,3301748,606.49,233,1,0.0500
17749,3301984,606.67,236,1,0.0500
17750,3302240,605.95,256,1,0.0500
17751,3302381,-34.38,141,0,0.0500
17752,3302523,-34.17,142,0,0.0500
17753,3302664,-34.38,141,0,0.0500
17754,3302811,-32.76,147,0,0.0500
17755,3303057,606.11,246,1,0.0500
17756,3303302,606.19,245,1,0.0500
17757,3303549,608.54,247,1,0.0500
17758,3303732,-20.33,183,0,0.0500
17759,3303877,-32.94,145,0,0.0500
17760,3304129,605.77,252,1,0.0500
17761,3304386,607.50,257,1,0.0500
17762,3304437,-79.76,51,0,0.0500
17763,3304684,606.65,247,1,0.0500
17764,3304929,606.49,245,1,0.0500
17765,3305195,605.84,266,1,0.0500
17766,3305454,608.10,259,1,0.0500
17767,3305712,605.39,258,1,0.0500
17768,3305955,606.72,243,1,0.0500
17769,3306199,605.85,244,1,0.0500
17770,3306445,605.94,246,1,0.0500
17771,3306686,605.25,241,1,0.0500
17772,3306835,-32.47,149,0,0.0500
17773,3306940,-61.10,105,0,0.0500
17774,3307198,606.43,258,1,0.0500
17775,3307442,606.07,244,1,0.0500
17776,3307696,607.44,254,1,0.0500
17777,3307943,606.78,247,1,0.0500
17778,3308091,-32.68,148,0,0.0500
17779,3308232,-35.84,141,0,0.0500
17780,3308380,-32.88,148,0,0.0500
17781,3308477,-61.61,97,0,0.0500
17782,3308722,605.64,245,1,0.0500
17783,3308906,-21.90,184,0,0.0500
17784,3309155,606.42,249,1,0.0500
17785,3309397,605.69,242,1,0.0500
17786,3309640,605.74,243,1,0.0500
17787,3309902,609.75,262,1,0.0500
17788,3310149,606.24,247,1,0.0500
17789,3310399,605.69,250,1,0.0500
17790,3310642,605.56,243,1,0.0500
17791,3310894,605.53,252,1,0.0500
17792,3311151,607.16,257,1,0.0500
17793,3311414,606.29,263,1,0.0500
17794,3311507,-60.79,93,0,0.0500
17795,3311653,-32.87,146,0,0.0500
17796,3311895,605.58,242,1,0.0500
17797,3312158,607.14,263,1,0.0500
17798,3312409,606.92,251,1,0.0500
17799,3312652,605.54,243,1,0.0500
17800,3312898,607.51,246,1,0.0500
17801,3312949,-78.40,51,0,0.0500
17802,3313196,606.24,247,1,0.0500
17803,3313450,606.90,254,1,0.0500
17804,3313695,606.46,245,1,0.0500
17805,3313948,605.94,253,1,0.0500
17806,3314090,-35.37,142,0,0.0500
17807,3314332,605.63,242,1,0.0500
17808,3314571,606.34,239,1,0.0500
17809,3314622,-79.56,51,0,0.0500
17810,3314870,606.36,248,1,0.0500
17811,3315045,-21.06,175,0,0.0500
17812,3315299,607.22,254,1,0.0500
17813,3315549,606.45,250,1,0.0500
17814,3315725,-20.78,176,0,0.0500
17815,3315808,-59.95,83,0,0.0500
17816,3316064,605.64,256,1,0.0500
17817,3316206,-33.97,142,0,0.0500
17818,3316464,609.28,258,1,0.0500
17819,3316717,607.86,253,1,0.0500
17820,3316966,606.84,249,1,0.0500
17821,3317060,-63.67,94,0,0.0500
17822,3317111,-78.22,51,0,0.0500
17823,3317363,605.98,252,1,0.0500
17824,3317615,608.73,252,1,0.0500
17825,3317666,-79.45,51,0,0.0500
17826,3317911,606.36,245,1,0.0500
17827,3318085,-30.84,174,0,0.0500
17828,3318336,607.87,251,1,0.0500
17829,3318477,-34.38,141,0,0.0500
17830,3318753,609.07,276,1,0.0500
17831,3318999,605.79,246,1,0.0500
17832,3319233,607.32,234,1,0.0500
17833,3319493,606.65,260,1,0.0500
17834,3319709,606.45,216,1,0.0500
17835,3319856,-32.76,147,0,0.0500
17836,3320101,606.46,245,1,0.0500
17837,3320330,607.37,229,1,0.0500
17838,3320481,-32.71,151,0,0.0500
17839,3320584,-61.34,103,0,0.0500
17840,3320838,606.77,254,1,0.0500
17841,3321095,606.44,257,1,0.0500
17842,3321353,606.43,258,1,0.0500
17843,3321606,607.53,253,1,0.0500
17844,3321785,-21.01,179,0,0.0500
17845,3322012,606.76,227,1,0.0500
17846,3322104,-54.92,92,0,0.0500
17847,3322325,605.75,221,1,0.0500
17848,3322591,606.87,266,1,0.0500
17849,3322843,606.80,252,1,0.0500
17850,3323091,606.63,248,1,0.0500
17851,3323334,605.77,243,1,0.0500
17852,3323588,607.64,254,1,0.0500
17853,3323834,606.58,246,1,0.0500
17854,3324084,606.63,250,1,0.0500
17855,3324169,-61.14,85,0,0.0500
17856,3324399,606.73,230,1,0.0500
17857,3324497,-62.45,98,0,0.0500
17858,3324604,-61.64,107,0,0.0500
17859,3324701,-62.02,97,0,0.0500
17860,3324850,-33.11,149,0,0.0500
17861,3325103,608.27,253,1,0.0500
17862,3325212,-61.00,109,0,0.0500
17863,3325439,606.11,227,1,0.0500
17864,3325681,608.73,242,1,0.0500
17865,3325854,-33.00,173,0,0.0500
17866,3326104,607.04,250,1,0.0500
17867,3326157,-79.15,53,0,0.0500
17868,3326308,-33.48,151,0,0.0500
17869,3326461,-32.35,153,0,0.0500
17870,3326720,606.42,259,1,0.0500
17871,3326995,607.73,275,1,0.0500
17872,3327193,-22.19,198,0,0.0500
17873,3327300,-60.26,107,0,0.0500
17874,3327351,-79.55,51,0,0.0500
17875,3327443,-61.01,92,0,0.0500
17876,3327593,-32.37,150,0,0.0500
17877,3327674,-60.56,81,0,0.0500
17878,3327767,-60.84,93,0,0.0500
17879,3328028,606.93,261,1,0.0500
17880,3328298,610.20,270,1,0.0500
17881,3328539,605.78,241,1,0.0500
17882,3328786,606.98,247,1,0.0500
17883,3328863,-60.74,77,0,0.0500
17884,3329015,-34.43,152,0,0.0500
17885,3329257,605.17,242,1,0.0500
17886,3329496,605.72,239,1,0.0500
17887,3329585,-61.44,89,0,0.0500
17888,3329817,606.50,232,1,0.0500
17889,3329930,-61.12,113,0,0.0500
17890,3330018,-59.07,88,0,0.0500
17891,3330270,606.70,252,1,0.0500
17892,3330347,-60.54,77,0,0.0500
17893,3330444,-62.07,97,0,0.0500
17894,3330590,-32.75,146,0,0.0500
17895,3330847,606.62,257,1,0.0500
17896,3330996,-32.48,149,0,0.0500
17897,3331244,605.28,248,1,0.0500
17898,3331492,607.06,248,1,0.0500
17899,3331722,606.73,230,1,0.0500
17900,3331968,606.58,246,1,0.0500
17901,3332213,605.63,245,1,0.0500
17902,3332474,607.14,261,1,0.0500
17903,3332555,-60.15,81,0,0.0500
17904,3332789,607.75,234,1,0.0500
17905,3333035,605.92,246,1,0.0500
17906,3333274,606.02,239,1,0.0500
17907,3333507,606.92,233,1,0.0500
17908,3333657,-32.36,150,0,0.0500
17909,3333904,606.54,247,1,0.0500
17910,3333992,-60.65,88,0,0.0500
17911,3334244,606.19,252,1,0.0500
17912,3334501,605.72,257,1,0.0500
17913,3334615,-56.39,114,0,0.0500
17914,3334858,605.77,243,1,0.0500
17915,3335008,-32.07,150,0,0.0500
17916,3335251,605.04,243,1,0.0500
17917,3335490,605.05,239,1,0.0500
17918,3335733,605.86,243,1,0.0500
17919,3335984,607.76,251,1,0.0500
17920,3336252,609.39,268,1,0.0500
17921,3336483,606.10,231,1,0.0500
17922,3336734,605.83,251,1,0.0500
17923,3336980,605.39,246,1,0.0500
17924,3337229,606.75,249,1,0.0500
17925,3337379,-34.42,150,0,0.0500
17926,3337581,-22.09,202,0,0.0500
17927,3337670,-61.30,89,0,0.0500
17928,3337923,606.60,253,1,0.0500
17929,3338187,606.17,264,1,0.0500
17930,3338334,-32.68,147,0,0.0500
17931,3338515,-20.28,181,0,0.0500
17932,3338612,-61.48,97,0,0.0500
17933,3338853,607.04,241,1,0.0500
17934,3339087,605.84,234,1,0.0500
17935,3339269,-20.43,182,0,0.0500
17936,3339520,607.90,251,1,0.0500
17937,3339760,605.12,240,1,0.0500
17938,3340013,607.86,253,1,0.0500
17939,3340249,607.93,236,1,0.0500
17940,3340356,-59.50,107,0,0.0500
17941,3340439,-59.56,83,0,0.0500
17942,3340529,-61.45,90,0,0.0500
17943,3340679,-32.90,150,0,0.0500
17944,3340721,-84.65,42,0,0.0500
17945,3340943,606.40,222,1,0.0500
17946,3341183,605.32,240,1,0.0500
17947,3341221,-84.23,38,0,0.0500
17948,3341467,607.83,246,1,0.0500
17949,3341714,605.38,247,1,0.0500
17950,3341886,-33.32,172,0,0.0500
17951,3342034,-32.27,148,0,0.0500
17952,3342271,605.07,237,1,0.0500
17953,3342413,-34.11,142,0,0.0500
17954,3342507,-62.39,94,0,0.0500
17955,3342773,607.72,266,1,0.0500
17956,3342857,-61.39,84,0,0.0500
17957,3343102,606.35,245,1,0.0500
17958,3343358,605.72,256,1,0.0500
17959,3343508,-31.67,150,0,0.0500
17960,3343660,-32.50,152,0,0.0500
17961,3343905,606.59,245,1,0.0500
17962,3344077,-33.54,172,0,0.0500
17963,3344157,-60.15,80,0,0.0500
17964,3344419,606.31,262,1,0.0500
17965,3344660,605.66,241,1,0.0500
17966,3344911,605.96,251,1,0.0500
17967,3344962,-79.98,51,0,0.0500
17968,3345049,-60.64,87,0,0.0500
17969,3345299,606.39,250,1,0.0500
17970,3345449,-32.29,150,0,0.0500
17971,3345698,605.86,249,1,0.0500
17972,3345944,606.17,246,1,0.0500
17973,3346209,608.16,265,1,0.0500
17974,3346288,-60.34,79,0,0.0500
17975,3346531,605.98,243,1,0.0500
17976,3346709,-20.59,178,0,0.0500
17977,3346798,-62.02,89,0,0.0500
17978,3347024,605.59,226,1,0.0500
17979,3347274,606.83,250,1,0.0500
17980,3347372,-60.78,98,0,0.0500
17981,3347513,-36.06,141,0,0.0500
17982,3347768,606.71,255,1,0.0500
17983,3348005,606.45,237,1,0.0500
17984,3348278,607.56,273,1,0.0500
17985,3348318,-85.19,40,0,0.0500
17986,3348575,607.42,257,1,0.0500
17987,3348716,-34.79,141,0,0.0500
17988,3348824,-61.40,108,0,0.0500
17989,3349071,605.94,247,1,0.0500
17990,3349123,-79.57,52,0,0.0500
17991,3349229,-61.93,106,0,0.0500
17992,3349487,609.09,258,1,0.0500
17993,3349571,-61.35,84,0,0.0500
17994,3349828,607.18,257,1,0.0500
17995,3350083,605.86,255,1,0.0500
17996,3350326,606.18,243,1,0.0500
17997,3350556,606.17,230,1,0.0500
17998,3350799,605.86,243,1,0.0500
17999,3351045,606.58,246,1,0.0500
18000,3351299,606.38,254,1,0.0500
18001,3351557,606.85,258,1,0.0500
18002,3351698,-35.34,141,0,0.0500
18003,3351948,607.37,250,1,0.0500
18004,3352204,606.36,256,1,0.0500
18005,3352345,-36.06,141,0,0.0500
18006,3352448,-61.34,103,0,0.0500
18007,3352706,607.27,258,1,0.0500
18008,3352815,-61.37,109,0,0.0500
18009,3352895,-60.15,80,0,0.0500
18010,3353144,606.54,249,1,0.0500
18011,3353399,607.21,255,1,0.0500
18012,3353551,-34.07,152,0,0.0500
18013,3353798,608.10,247,1,0.0500
18014,3353935,-36.56,137,0,0.0500
18015,3354076,-36.48,141,0,0.0500
18016,3354226,-36.48,150,0,0.0500
18017,3354302,-63.27,76,0,0.0500
18018,3354561,607.59,259,1,0.0500
18019,3354823,606.39,262,1,0.0500
18020,3354922,-59.57,99,0,0.0500
18021,3355075,-32.34,153,0,0.0500
18022,3355226,-36.07,151,0,0.0500
18023,3355486,605.93,260,1,0.0500
18024,3355578,-54.92,92,0,0.0500
18025,3355619,-84.85,41,0,0.0500
18026,3355708,-62.01,89,0,0.0500
18027,3355957,605.05,249,1,0.0500
18028,3356110,-35.90,153,0,0.0500
18029,3356360,606.63,250,1,0.0500
18030,3356504,-36.09,144,0,0.0500
18031,3356654,-34.67,150,0,0.0500
18032,3356760,-60.92,106,0,0.0500
18033,3356851,-60.16,91,0,0.0500
18034,3356900,-78.70,49,0,0.0500
18035,3357043,-35.15,143,0,0.0500
18036,3357191,-34.36,148,0,0.0500
18037,3357342,-33.13,151,0,0.0500
18038,3357497,-34.85,155,0,0.0500
18039,3357650,-32.18,153,0,0.0500
18040,3357924,608.05,274,1,0.0500
18041,3358000,-60.64,76,0,0.0500
18042,3358258,608.66,258,1,0.0500
18043,3358331,-63.64,73,0,0.0500
18044,3358474,-35.15,143,0,0.0500
18045,3358730,606.25,256,1,0.0500
18046,3358873,-35.99,143,0,0.0500
18047,3359028,-35.27,155,0,0.0500
18048,3359168,-35.77,140,0,0.0500
18049,3359246,-60.35,78,0,0.0500
18050,3359391,-35.26,145,0,0.0500
18051,3359664,606.92,273,1,0.0500
18052,3359809,-35.59,145,0,0.0500
18053,3359957,-34.93,148,0,0.0500
18054,3360062,-54.84,105,0,0.0500
18055,3360219,-34.37,157,0,0.0500
18056,3360376,-34.34,157,0,0.0500
18057,3360525,-34.06,149,0,0.0500
18058,3360672,-34.77,147,0,0.0500
18059,3360782,-61.24,110,0,0.0500
18060,3360939,-35.10,157,0,0.0500
18061,3361187,605.90,248,1,0.0500
18062,3361268,-59.32,81,0,0.0500
18063,3361344,-60.64,76,0,0.0500
18064,3361491,-34.76,147,0,0.0500
18065,3361750,606.96,259,1,0.0500
18066,3361899,-33.43,149,0,0.0500
18067,3362040,-36.48,141,0,0.0500
18068,3362182,-34.95,142,0,0.0500
18069,3362439,608.46,257,1,0.0500
18070,3362696,606.13,257,1,0.0500
18071,3362840,-36.42,144,0,0.0500
18072,3363086,606.49,246,1,0.0500
18073,3363316,606.31,230,1,0.0500
18074,3363462,-34.76,146,0,0.0500
18075,3363611,-34.37,149,0,0.0500
18076,3363701,-61.09,90,0,0.0500
18077,3363848,-35.18,147,0,0.0500
18078,3363927,-60.34,79,0,0.0500
18079,3364073,-34.12,146,0,0.0500
18080,3364227,-33.58,154,0,0.0500
18081,3364367,-35.80,140,0,0.0500
18082,3364517,-36.48,150,0,0.0500
18083,3364672,-33.17,155,0,0.0500
18084,3364826,-33.58,154,0,0.0500
18085,3364976,-33.20,150,0,0.0500
18086,3365125,-33.20,149,0,0.0500
18087,3365381,607.71,256,1,0.0500
18088,3365637,606.88,256,1,0.0500
18089,3365743,-61.43,106,0,0.0500
18090,3365823,-60.15,80,0,0.0500
18091,3365986,-34.50,163,0,0.0500
18092,3366093,-60.65,107,0,0.0500
18093,3366276,-30.51,183,0,0.0500
18094,3366525,607.26,249,1,0.0500
18095,3366666,-35.14,141,0,0.0500
18096,3366811,-36.01,145,0,0.0500
18097,3367064,607.65,253,1,0.0500
18098,3367214,-35.00,150,0,0.0500
18099,3367404,-29.88,190,0,0.0500
18100,3367661,605.41,257,1,0.0500
18101,3367757,-61.88,96,0,0.0500
18102,3367907,-32.48,150,0,0.0500
18103,3368165,609.05,258,1,0.0500
18104,3368315,-32.81,150,0,0.0500
18105,3368367,-78.93,52,0,0.0500
18106,3368514,-33.18,147,0,0.0500
18107,3368777,607.97,263,1,0.0500
18108,3368928,-32.08,151,0,0.0500
18109,3369017,-61.60,89,0,0.0500
18110,3369264,606.65,247,1,0.0500
18111,3369347,-59.86,83,0,0.0500
18112,3369601,609.13,254,1,0.0500
18113,3369690,-61.49,89,0,0.0500
18114,3369933,606.18,243,1,0.0500
18115,3370178,606.46,245,1,0.0500
18116,3370427,608.74,249,1,0.0500
18117,3370671,606.26,244,1,0.0500
18118,3370915,605.97,244,1,0.0500
18119,3371165,607.26,250,1,0.0500
18120,3371416,606.84,251,1,0.0500
18121,3371656,605.60,240,1,0.0500
18122,3371765,-61.30,109,0,0.0500
18123,3372016,607.03,251,1,0.0500
18124,3372106,-61.19,90,0,0.0500
18125,3372197,-61.62,91,0,0.0500
18126,3372237,-84.85,40,0,0.0500
18127,3372483,606.04,246,1,0.0500
18128,3372729,605.91,246,1,0.0500
18129,3372769,-85.19,40,0,0.0500
18130,3373023,606.91,254,1,0.0500
18131,3373275,607.67,252,1,0.0500
18132,3373528,607.95,253,1,0.0500
18133,3373669,-35.22,141,0,0.0500
18134,3373720,-78.50,51,0,0.0500
18135,3373812,-59.95,92,0,0.0500
18136,3373953,-36.48,141,0,0.0500
18137,3373993,-84.85,40,0,0.0500
18138,3374247,605.65,254,1,0.0500
18139,3374502,607.02,255,1,0.0500
18140,3374643,-35.22,141,0,0.0500
18141,3374793,-35.45,150,0,0.0500
18142,3374976,-20.03,183,0,0.0500
18143,3375060,-61.25,84,0,0.0500
18144,3375306,606.13,246,1,0.0500
18145,3375447,-34.29,141,0,0.0500
18146,3375709,606.81,262,1,0.0500
18147,3375796,-60.31,87,0,0.0500
18148,3376045,607.36,249,1,0.0500
18149,3376290,606.26,245,1,0.0500
18150,3376544,606.08,254,1,0.0500
18151,3376811,608.72,267,1,0.0500
18152,3377065,607.64,254,1,0.0500
18153,3377309,606.21,244,1,0.0500
18154,3377566,608.04,257,1,0.0500
18155,3377836,608.77,270,1,0.0500
18156,3377887,-79.98,51,0,0.0500
18157,3378140,606.17,253,1,0.0500
18158,3378282,-34.53,142,0,0.0500
18159,3378439,-31.51,157,0,0.0500
18160,3378615,-31.06,176,0,0.0500
18161,3378854,604.77,239,1,0.0500
18162,3379099,607.84,245,1,0.0500
18163,3379209,-60.50,110,0,0.0500
18164,3379469,606.22,260,1,0.0500
18165,3379712,606.61,243,1,0.0500
18166,3379857,-34.75,145,0,0.0500
18167,3380104,606.65,247,1,0.0500
18168,3380247,-34.73,143,0,0.0500
18169,3380448,-22.38,201,0,0.0500
18170,3380599,-36.07,151,0,0.0500
18171,3380742,-33.89,143,0,0.0500
18172,3381003,608.80,261,1,0.0500
18173,3381263,608.33,260,1,0.0500
18174,3381520,606.66,257,1,0.0500
18175,3381771,606.84,251,1,0.0500
18176,3382026,608.08,255,1,0.0500
18177,3382139,-60.83,113,0,0.0500
18178,3382388,605.68,249,1,0.0500
18179,3382436,-78.79,48,0,0.0500
18180,3382589,-31.78,153,0,0.0500
18181,3382741,-31.71,152,0,0.0500
18182,3382988,606.25,247,1,0.0500
18183,3383241,607.85,253,1,0.0500
18184,3383495,607.04,254,1,0.0500
18185,3383738,606.18,243,1,0.0500
18186,3383884,-33.28,146,0,0.0500
18187,3384108,606.17,224,1,0.0500
18188,3384363,606.79,255,1,0.0500
18189,3384611,606.22,248,1,0.0500
18190,3384718,-61.15,107,0,0.0500
18191,3384983,607.53,265,1,0.0500
18192,3385134,-34.29,151,0,0.0500
18193,3385284,-33.10,150,0,0.0500
18194,3385568,612.07,284,1,0.0500
18195,3385807,605.38,239,1,0.0500
18196,3386051,606.26,244,1,0.0500
18197,3386299,607.15,248,1,0.0500
18198,3386548,606.44,249,1,0.0500
18199,3386817,606.52,269,1,0.0500
18200,3387056,606.85,239,1,0.0500
18201,3387315,606.33,259,1,0.0500
18202,3387463,-33.10,148,0,0.0500
18203,3387548,-61.14,85,0,0.0500
18204,3387772,605.53,224,1,0.0500
18205,3388015,606.06,243,1,0.0500
18206,3388259,606.06,244,1,0.0500
18207,3388504,606.63,245,1,0.0500
18208,3388760,607.61,256,1,0.0500
18209,3389012,607.03,252,1,0.0500
18210,3389124,-59.04,112,0,0.0500
18211,3389176,-78.93,52,0,0.0500
18212,3389419,605.56,243,1,0.0500
18213,3389566,-33.29,147,0,0.0500
18214,3389812,606.13,246,1,0.0500
18215,3389860,-78.79,48,0,0.0500
18216,3390112,607.01,252,1,0.0500
18217,3390378,607.32,266,1,0.0500
18218,3390615,605.00,237,1,0.0500
18219,3390858,605.98,243,1,0.0500
18220,3390999,-36.39,141,0,0.0500
18221,3391141,-34.11,142,0,0.0500
18222,3391183,-85.00,42,0,0.0500
18223,3391443,607.47,260,1,0.0500
18224,3391619,-32.31,176,0,0.0500
18225,3391859,604.85,240,1,0.0500
18226,3392085,605.93,226,1,0.0500
18227,3392125,-84.85,40,0,0.0500
18228,3392377,607.24,252,1,0.0500
18229,3392636,607.26,259,1,0.0500
18230,3392881,605.43,245,1,0.0500
18231,3393144,608.50,263,1,0.0500
18232,3393396,606.37,252,1,0.0500
18233,3393437,-84.86,41,0,0.0500
18234,3393525,-60.23,88,0,0.0500
18235,3393773,605.78,248,1,0.0500
18236,3394023,606.12,250,1,0.0500
18237,3394278,607.30,255,1,0.0500
18238,3394527,605.37,249,1,0.0500
18239,3394756,606.00,229,1,0.0500
18240,3394912,-33.38,156,0,0.0500
18241,3395156,606.06,244,1,0.0500
18242,3395406,605.37,250,1,0.0500
18243,3395510,-61.12,104,0,0.0500
18244,3395687,-33.06,177,0,0.0500
18245,3395922,604.90,235,1,0.0500
18246,3396000,-60.35,78,0,0.0500
18247,3396253,606.06,253,1,0.0500
18248,3396304,-78.08,51,0,0.0500
18249,3396352,-78.79,48,0,0.0500
18250,3396615,606.74,263,1,0.0500
18251,3396865,606.84,250,1,0.0500
18252,3397013,-32.88,148,0,0.0500
18253,3397245,606.71,232,1,0.0500
18254,3397496,605.36,251,1,0.0500
18255,3397638,-34.11,142,0,0.0500
18256,3397785,-33.09,147,0,0.0500
18257,3398030,605.13,245,1,0.0500
18258,3398289,606.86,259,1,0.0500
18259,3398537,606.98,248,1,0.0500
18260,3398684,-32.88,147,0,0.0500
18261,3398793,-61.60,109,0,0.0500
18262,3398880,-60.95,87,0,0.0500
18263,3398921,-84.86,41,0,0.0500
18264,3399020,-62.48,99,0,0.0500
18265,3399171,-32.71,151,0,0.0500
18266,3399251,-60.15,80,0,0.0500
18267,3399302,-78.50,51,0,0.0500
18268,3399448,-33.28,146,0,0.0500
18269,3399600,-32.44,152,0,0.0500
18270,3399688,-60.55,88,0,0.0500
18271,3399941,606.92,253,1,0.0500
18272,3400196,607.41,255,1,0.0500
18273,3400441,606.98,245,1,0.0500
18274,3400585,-33.83,144,0,0.0500
18275,3400636,-78.50,51,0,0.0500
18276,3400877,606.20,241,1,0.0500
18277,3401119,605.45,242,1,0.0500
18278,3401354,605.22,235,1,0.0500
18279,3401602,607.07,248,1,0.0500
18280,3401849,606.24,247,1,0.0500
18281,3402094,605.18,245,1,0.0500
18282,3402235,-34.38,141,0,0.0500
18283,3402382,-33.08,147,0,0.0500
18284,3402621,605.92,239,1,0.0500
18285,3402853,606.93,232,1,0.0500
18286,3403096,606.19,243,1,0.0500
18287,3403341,606.70,245,1,0.0500
18288,3403586,607.54,245,1,0.0500
18289,3403771,-21.16,185,0,0.0500
18290,3404022,605.04,251,1,0.0500
18291,3404166,-32.54,144,0,0.0500
18292,3404319,-33.78,153,0,0.0500
18293,3404500,-21.03,181,0,0.0500
18294,3404762,606.19,262,1,0.0500
18295,3404909,-32.96,147,0,0.0500
18296,3405050,-34.38,141,0,0.0500
18297,3405157,-61.15,107,0,0.0500
18298,3405392,607.52,235,1,0.0500
18299,3405443,-79.03,51,0,0.0500
18300,3405711,609.09,268,1,0.0500
18301,3405951,606.74,240,1,0.0500
18302,3406197,606.24,246,1,0.0500
18303,3406341,-33.57,144,0,0.0500
18304,3406578,607.60,237,1,0.0500
18305,3406805,606.13,227,1,0.0500
18306,3406946,-36.06,141,0,0.0500
18307,3407183,605.84,237,1,0.0500
18308,3407266,-62.72,83,0,0.0500
18309,3407364,-61.48,98,0,0.0500
18310,3407516,-34.07,152,0,0.0500
18311,3407664,-32.55,148,0,0.0500
18312,3407686,-91.80,22,0,0.0500
18313,3407915,607.38,229,1,0.0500
18314,3408152,605.60,237,1,0.0500
18315,3408404,607.11,252,1,0.0500
18316,3408655,605.34,251,1,0.0500
18317,3408904,605.78,249,1,0.0500
18318,3409148,606.03,244,1,0.0500
18319,3409406,606.52,258,1,0.0500
18320,3409651,605.52,245,1,0.0500
18321,3409737,-60.63,86,0,0.0500
18322,3409983,606.26,246,1,0.0500
18323,3410080,-61.68,97,0,0.0500
18324,3410337,607.06,257,1,0.0500
18325,3410580,605.62,243,1,0.0500
18326,3410620,-84.85,40,0,0.0500
18327,3410896,607.93,276,1,0.0500
18328,3411138,605.23,242,1,0.0500
18329,3411389,606.85,251,1,0.0500
18330,3411542,-32.31,153,0,0.0500
18331,3411791,605.42,249,1,0.0500
18332,3412031,605.46,240,1,0.0500
18333,3412181,-32.90,150,0,0.0500
18334,3412332,-35.34,151,0,0.0500
18335,3412576,606.20,244,1,0.0500
18336,3412681,-61.42,105,0,0.0500
18337,3412947,606.50,266,1,0.0500
18338,3413200,608.49,253,1,0.0500
18339,3413448,606.83,248,1,0.0500
18340,3413677,606.32,229,1,0.0500
18341,3413765,-59.71,88,0,0.0500
18342,3413906,-36.48,141,0,0.0500
18343,3414168,606.83,262,1,0.0500
18344,3414412,605.54,244,1,0.0500
18345,3414667,607.95,255,1,0.0500
18346,3414767,-62.79,100,0,0.0500
18347,3414990,605.54,223,1,0.0500
18348,3415243,606.17,253,1,0.0500
18349,3415479,607.93,236,1,0.0500
18350,3415729,606.95,250,1,0.0500
18351,3415976,607.17,247,1,0.0500
18352,3416218,605.59,242,1,0.0500
18353,3416467,606.64,249,1,0.0500
18354,3416619,-33.14,152,0,0.0500
18355,3416852,606.49,233,1,0.0500
18356,3416993,-34.33,141,0,0.0500
18357,3417243,605.69,250,1,0.0500
18358,3417501,607.48,258,1,0.0500
18359,3417642,-34.80,141,0,0.0500
18360,3417882,605.23,240,1,0.0500
18361,3418128,605.01,246,1,0.0500
18362,3418168,-84.85,40,0,0.0500
18363,3418414,606.67,246,1,0.0500
18364,3418636,605.97,222,1,0.0500
18365,3418814,-21.21,178,0,0.0500
18366,3419047,605.65,233,1,0.0500
18367,3419294,604.97,247,1,0.0500
18368,3419443,-32.14,149,0,0.0500
18369,3419675,607.55,232,1,0.0500
18370,3419696,-92.00,21,0,0.0500
18371,3419937,606.06,241,1,0.0500
18372,3420188,606.19,251,1,0.0500
18373,3420416,606.97,228,1,0.0500
18374,3420485,-64.04,69,0,0.0500
18375,3420744,606.81,259,1,0.0500
18376,3420997,607.02,253,1,0.0500
18377,3421036,-85.04,39,0,0.0500
18378,3421076,-84.85,40,0,0.0500
18379,3421334,606.65,258,1,0.0500
18380,3421556,605.77,222,1,0.0500
18381,3421705,-32.89,149,0,0.0500
18382,3421757,-79.92,52,0,0.0500
18383,3421990,605.87,233,1,0.0500
18384,3422251,606.43,261,1,0.0500
18385,3422480,606.84,229,1,0.0500
18386,3422736,606.78,256,1,0.0500
18387,3422827,-60.53,91,0,0.0500
18388,3423086,606.72,259,1,0.0500
18389,3423351,605.84,265,1,0.0500
18390,3423604,606.48,253,1,0.0500
18391,3423852,606.12,248,1,0.0500
18392,3424123,606.63,271,1,0.0500
18393,3424144,-91.80,21,0,0.0500
18394,3424386,605.79,242,1,0.0500
18395,3424483,-61.72,97,0,0.0500
18396,3424525,-84.65,42,0,0.0500
18397,3424666,-34.80,141,0,0.0500
18398,3424894,606.12,228,1,0.0500
18399,3425135,605.45,241,1,0.0500
18400,3425388,606.18,253,1,0.0500
18401,3425620,607.77,232,1,0.0500
18402,3425641,-91.80,21,0,0.0500
18403,3425753,-61.51,112,0,0.0500
18404,3425987,606.69,234,1,0.0500
18405,3426208,605.66,221,1,0.0500
18406,3426349,-34.38,141,0,0.0500
18407,3426605,607.79,256,1,0.0500
18408,3426869,607.33,264,1,0.0500
18409,3426958,-60.34,89,0,0.0500
18410,3427010,-78.62,52,0,0.0500
18411,3427263,605.96,253,1,0.0500
18412,3427520,607.20,257,1,0.0500
18413,3427571,-79.34,51,0,0.0500
18414,3427833,607.81,262,1,0.0500
18415,3427854,-91.80,21,0,0.0500
18416,3427967,-60.60,113,0,0.0500
18417,3428228,608.72,261,1,0.0500
18418,3428373,-32.88,145,0,0.0500
18419,3428470,-61.68,97,0,0.0500
18420,3428492,-91.81,22,0,0.0500
18421,3428726,605.85,234,1,0.0500
18422,3428988,607.77,262,1,0.0500
18423,3429231,605.56,243,1,0.0500
18424,3429374,-34.24,143,0,0.0500
18425,3429650,607.83,276,1,0.0500
18426,3429756,-61.68,106,0,0.0500
18427,3430015,607.17,259,1,0.0500
18428,3430284,608.66,269,1,0.0500
18429,3430533,606.21,249,1,0.0500
18430,3430573,-84.85,40,0,0.0500
18431,3430718,-33.70,145,0,0.0500
18432,3430979,607.77,261,1,0.0500
18433,3431201,605.97,222,1,0.0500
18434,3431450,606.85,249,1,0.0500
18435,3431704,605.51,254,1,0.0500
18436,3431969,606.90,265,1,0.0500
18437,3432199,606.11,230,1,0.0500
18438,3432432,607.76,233,1,0.0500
18439,3432541,-60.98,109,0,0.0500
18440,3432781,606.85,240,1,0.0500
18441,3432803,-91.95,22,0,0.0500
18442,3432944,-34.58,141,0,0.0500
18443,3433177,607.34,233,1,0.0500
18444,3433318,-34.79,141,0,0.0500
18445,3433470,-32.60,152,0,0.0500
18446,3433578,-61.76,108,0,0.0500
18447,3433729,-32.71,151,0,0.0500
18448,3433881,-32.21,152,0,0.0500
18449,3434025,-33.35,144,0,0.0500
18450,3434250,605.94,225,1,0.0500
18451,3434391,-34.38,141,0,0.0500
18452,3434633,605.55,242,1,0.0500
18453,3434876,606.70,243,1,0.0500
18454,3435114,605.93,238,1,0.0500
18455,3435360,605.84,246,1,0.0500
18456,3435603,605.98,243,1,0.0500
18457,3435871,607.95,268,1,0.0500
18458,3435951,-60.55,80,0,0.0500
18459,3436196,605.64,245,1,0.0500
18460,3436337,-35.78,141,0,0.0500
18461,3436580,606.60,243,1,0.0500
18462,3436721,-35.00,141,0,0.0500
18463,3436811,-61.29,90,0,0.0500
18464,3437057,605.98,246,1,0.0500
18465,3437308,607.59,251,1,0.0500
18466,3437544,605.63,236,1,0.0500
18467,3437784,605.17,240,1,0.0500
18468,3438032,606.19,248,1,0.0500
18469,3438121,-60.55,89,0,0.0500
18470,3438161,-84.85,40,0,0.0500
18471,3438308,-32.88,147,0,0.0500
18472,3438563,606.79,255,1,0.0500
18473,3438811,606.78,248,1,0.0500
18474,3439039,606.33,228,1,0.0500
18475,3439180,-36.06,141,0,0.0500
18476,3439430,607.26,250,1,0.0500
18477,3439680,607.46,250,1,0.0500
18478,3439936,608.05,256,1,0.0500
18479,3440200,608.48,264,1,0.0500
18480,3440308,-61.75,108,0,0.0500
18481,3440410,-62.91,102,0,0.0500
18482,3440551,-35.22,141,0,0.0500
18483,3440799,605.27,248,1,0.0500
18484,3441043,606.58,244,1,0.0500
18485,3441288,606.26,245,1,0.0500
18486,3441561,607.86,273,1,0.0500
18487,3441813,606.08,252,1,0.0500
18488,3442059,606.58,246,1,0.0500
18489,3442298,605.24,239,1,0.0500
18490,3442444,-32.95,146,0,0.0500
18491,3442596,-31.97,152,0,0.0500
18492,3442866,607.42,270,1,0.0500
18493,3442917,-77.88,51,0,0.0500
18494,3443153,605.43,236,1,0.0500
18495,3443405,607.24,252,1,0.0500
18496,3443546,-34.79,141,0,0.0500
18497,3443796,605.77,250,1,0.0500
18498,3443937,-34.38,141,0,0.0500
18499,3443988,-79.92,51,0,0.0500
18500,3444009,-91.80,21,0,0.0500
18501,3444259,607.25,250,1,0.0500
18502,3444410,-33.13,151,0,0.0500
18503,3444648,606.03,238,1,0.0500
18504,3444890,605.57,242,1,0.0500
18505,3445138,605.57,248,1,0.0500
18506,3445293,-33.08,155,0,0.0500
18507,3445529,605.53,236,1,0.0500
18508,3445782,606.27,253,1,0.0500
18509,3445822,-84.85,40,0,0.0500
18510,3446073,607.79,251,1,0.0500
18511,3446322,606.12,249,1,0.0500
18512,3446362,-84.85,40,0,0.0500
18513,3446593,606.52,231,1,0.0500
18514,3446838,606.47,245,1,0.0500
18515,3446979,-34.38,141,0,0.0500
18516,3447217,605.59,238,1,0.0500
18517,3447370,-33.68,153,0,0.0500
18518,3447459,-61.18,89,0,0.0500
18519,3447712,606.48,253,1,0.0500
18520,3447984,609.65,272,1,0.0500
18521,3448094,-60.75,110,0,0.0500
18522,3448345,607.48,251,1,0.0500
18523,3448591,605.85,246,1,0.0500
18524,3448842,606.08,251,1,0.0500
18525,3448950,-61.77,108,0,0.0500
18526,3449201,606.50,251,1,0.0500
18527,3449449,606.23,248,1,0.0500
18528,3449711,607.55,262,1,0.0500
18529,3449960,606.63,249,1,0.0500
18530,3450201,605.17,241,1,0.0500
18531,3450436,607.94,235,1,0.0500
18532,3450704,606.33,268,1,0.0500
18533,3450844,-36.39,140,0,0.0500
18534,3451090,606.65,246,1,0.0500
18535,3451175,-59.88,85,0,0.0500
18536,3451419,606.91,244,1,0.0500
18537,3451467,-78.79,48,0,0.0500
18538,3451720,605.97,253,1,0.0500
18539,3451963,605.77,243,1,0.0500
18540,3452243,608.98,280,1,0.0500
18541,3452489,606.27,246,1,0.0500
18542,3452741,608.17,252,1,0.0500
18543,3452989,605.83,248,1,0.0500
18544,3453237,605.27,248,1,0.0500
18545,3453474,606.66,237,1,0.0500
18546,3453740,606.69,266,1,0.0500
18547,3453787,-79.00,47,0,0.0500
18548,3454036,607.38,249,1,0.0500
18549,3454286,608.01,250,1,0.0500
18550,3454519,605.65,233,1,0.0500
18551,3454629,-61.21,110,0,0.0500
18552,3454885,605.53,256,1,0.0500
18553,3455119,606.37,234,1,0.0500
18554,3455411,610.17,292,1,0.0500
18555,3455659,605.12,248,1,0.0500
18556,3455758,-55.32,99,0,0.0500
18557,3455910,-33.37,152,0,0.0500
18558,3455995,-60.67,85,0,0.0500
18559,3456258,608.90,263,1,0.0500
18560,3456412,-33.84,154,0,0.0500
18561,3456666,606.47,254,1,0.0500
18562,3456758,-61.38,92,0,0.0500
18563,3456984,605.93,226,1,0.0500
18564,3457033,-78.28,49,0,0.0500
18565,3457290,604.86,257,1,0.0500
18566,3457535,606.38,245,1,0.0500
18567,3457616,-59.52,81,0,0.0500
18568,3457878,607.76,262,1,0.0500
18569,3458134,606.57,256,1,0.0500
18570,3458393,606.54,259,1,0.0500
18571,3458646,605.59,253,1,0.0500
18572,3458753,-61.58,107,0,0.0500
18573,3459011,607.41,258,1,0.0500
18574,3459157,-33.79,146,0,0.0500
18575,3459417,607.37,260,1,0.0500
18576,3459468,-79.98,51,0,0.0500
18577,3459715,604.82,247,1,0.0500
18578,3459970,606.58,255,1,0.0500
18579,3460070,-61.71,100,0,0.0500
18580,3460310,606.14,240,1,0.0500
18581,3460553,605.85,243,1,0.0500
18582,3460593,-84.85,40,0,0.0500
18583,3460743,-33.15,150,0,0.0500
18584,3460997,606.17,254,1,0.0500
18585,3461246,606.52,249,1,0.0500
18586,3461400,-33.25,154,0,0.0500
18587,3461642,605.25,242,1,0.0500
18588,3461891,607.15,249,1,0.0500
18589,3462039,-32.69,148,0,0.0500
18590,3462293,605.96,254,1,0.0500
18591,3462534,605.86,241,1,0.0500
18592,3462777,605.74,243,1,0.0500
18593,3462861,-61.03,84,0,0.0500
18594,3463120,607.79,259,1,0.0500
18595,3463161,-84.85,41,0,0.0500
18596,3463419,606.23,258,1,0.0500
18597,3463508,-60.14,89,0,0.0500
18598,3463756,606.01,248,1,0.0500
18599,3464010,605.99,254,1,0.0500
18600,3464162,-33.17,152,0,0.0500
18601,3464424,606.52,262,1,0.0500
18602,3464685,609.34,261,1,0.0500
18603,3464918,605.86,233,1,0.0500
18604,3465178,606.93,260,1,0.0500
18605,3465232,-79.67,54,0,0.0500
18606,3465472,605.37,240,1,0.0500
18607,3465716,606.25,244,1,0.0500
18608,3465863,-32.90,147,0,0.0500
18609,3466128,607.76,265,1,0.0500
18610,3466235,-60.51,107,0,0.0500
18611,3466257,-91.80,22,0,0.0500
18612,3466504,606.24,247,1,0.0500
18613,3466753,606.44,249,1,0.0500
18614,3466933,-21.01,180,0,0.0500
18615,3467205,607.10,272,1,0.0500
18616,3467351,-33.70,146,0,0.0500
18617,3467599,605.78,248,1,0.0500
18618,3467849,605.50,250,1,0.0500
18619,3467990,-34.38,141,0,0.0500
18620,3468142,-34.13,152,0,0.0500
18621,3468396,605.55,254,1,0.0500
18622,3468436,-84.85,40,0,0.0500
18623,3468680,607.11,244,1,0.0500
18624,3468928,605.59,248,1,0.0500
18625,3469180,606.02,252,1,0.0500
18626,3469365,-21.89,185,0,0.0500
18627,3469552,-20.26,187,0,0.0500
18628,3469658,-61.74,106,0,0.0500
18629,3469917,607.38,259,1,0.0500
18630,3470023,-60.94,106,0,0.0500
18631,3470268,606.46,245,1,0.0500
18632,3470292,-91.96,24,0,0.0500
18633,3470389,-62.34,97,0,0.0500
18634,3470640,608.29,251,1,0.0500
18635,3470898,607.33,258,1,0.0500
18636,3471128,606.53,230,1,0.0500
18637,3471282,-34.42,154,0,0.0500
18638,3471530,604.76,248,1,0.0500
18639,3471781,605.25,251,1,0.0500
18640,3472021,605.68,240,1,0.0500
18641,3472274,608.89,253,1,0.0500
18642,3472528,605.96,254,1,0.0500
18643,3472788,608.39,260,1,0.0500
18644,3473027,605.43,239,1,0.0500
18645,3473266,605.05,239,1,0.0500
18646,3473415,-33.11,149,0,0.0500
18647,3473521,-60.70,106,0,0.0500
18648,3473664,-33.28,143,0,0.0500
18649,3473913,605.75,249,1,0.0500
18650,3474159,606.04,246,1,0.0500
18651,3474408,605.78,249,1,0.0500
18652,3474656,605.22,248,1,0.0500
18653,3474948,610.95,292,1,0.0500
18654,3475055,-60.86,107,0,0.0500
18655,3475307,606.85,252,1,0.0500
18656,3475558,606.44,251,1,0.0500
18657,3475808,608.09,250,1,0.0500
18658,3476046,606.15,238,1,0.0500
18659,3476298,605.55,252,1,0.0500
18660,3476555,605.93,257,1,0.0500
18661,3476789,607.53,234,1,0.0500
18662,3477050,607.57,261,1,0.0500
18663,3477155,-61.72,105,0,0.0500
18664,3477406,605.61,251,1,0.0500
18665,3477649,607.65,243,1,0.0500
18666,3477745,-62.18,96,0,0.0500
18667,3477890,-32.88,145,0,0.0500
18668,3478147,605.51,257,1,0.0500
18669,3478404,606.86,257,1,0.0500
18670,3478554,-32.09,150,0,0.0500
18671,3478784,605.47,230,1,0.0500
18672,3479041,605.70,257,1,0.0500
18673,3479300,607.73,259,1,0.0500
18674,3479446,-32.67,146,0,0.0500
18675,3479590,-33.07,144,0,0.0500
18676,3479838,606.67,248,1,0.0500
18677,3479918,-63.11,80,0,0.0500
18678,3480139,605.98,221,1,0.0500
18679,3480398,606.65,259,1,0.0500
18680,3480642,606.05,244,1,0.0500
18681,3480893,608.30,251,1,0.0500
18682,3480996,-61.88,103,0,0.0500
18683,3481235,605.50,239,1,0.0500
18684,3481492,606.44,257,1,0.0500
18685,3481726,605.32,234,1,0.0500
18686,3481955,606.54,229,1,0.0500
18687,3482196,605.78,241,1,0.0500
18688,3482445,605.68,249,1,0.0500
18689,3482690,606.05,245,1,0.0500
18690,3482927,606.46,237,1,0.0500
18691,3482975,-78.79,48,0,0.0500
18692,3483228,608.04,253,1,0.0500
18693,3483483,606.90,255,1,0.0500
18694,3483739,609.11,256,1,0.0500
18695,3483992,607.76,253,1,0.0500
18696,3484145,-32.18,153,0,0.0500
18697,3484389,605.97,244,1,0.0500
18698,3484429,-84.85,40,0,0.0500
18699,3484685,605.97,256,1,0.0500
18700,3484771,-61.20,86,0,0.0500
18701,3485021,606.63,250,1,0.0500
18702,3485172,-32.38,151,0,0.0500
18703,3485259,-60.64,87,0,0.0500
18704,3485511,606.15,252,1,0.0500
18705,3485765,609.21,254,1,0.0500
18706,3485918,-32.31,153,0,0.0500
18707,3486172,604.79,254,1,0.0500
18708,3486426,606.47,254,1,0.0500
18709,3486535,-60.66,109,0,0.0500
18710,3486787,606.18,252,1,0.0500
18711,3486829,-84.65,42,0,0.0500
18712,3487093,607.53,264,1,0.0500
18713,3487344,605.80,251,1,0.0500
18714,3487441,-62.08,97,0,0.0500
18715,3487693,606.22,252,1,0.0500
18716,3487954,606.52,261,1,0.0500
18717,3488208,607.25,254,1,0.0500
18718,3488482,607.85,274,1,0.0500
18719,3488738,606.72,256,1,0.0500
18720,3488921,-21.01,183,0,0.0500
18721,3489160,604.77,239,1,0.0500
18722,3489414,606.89,254,1,0.0500
18723,3489519,-59.67,105,0,0.0500
18724,3489767,606.98,248,1,0.0500
18725,3489991,604.90,224,1,0.0500
18726,3490075,-61.45,84,0,0.0500
18727,3490322,606.45,247,1,0.0500
18728,3490566,606.29,244,1,0.0500
18729,3490811,606.99,245,1,0.0500
18730,3491069,605.07,258,1,0.0500
18731,3491109,-84.85,40,0,0.0500
18732,3491358,605.78,249,1,0.0500
18733,3491605,607.26,247,1,0.0500
18734,3491746,-34.58,141,0,0.0500
18735,3491797,-79.34,51,0,0.0500
18736,3492037,605.25,240,1,0.0500
18737,3492286,607.46,249,1,0.0500
18738,3492385,-61.66,99,0,0.0500
18739,3492526,-34.80,141,0,0.0500
18740,3492673,-32.68,147,0,0.0500
18741,3492759,-61.25,86,0,0.0500
18742,3493005,606.55,246,1,0.0500
18743,3493255,605.57,250,1,0.0500
18744,3493504,605.80,249,1,0.0500
18745,3493748,605.31,244,1,0.0500
18746,3493825,-60.74,77,0,0.0500
18747,3494055,605.89,230,1,0.0500
18748,3494240,-21.28,185,0,0.0500
18749,3494488,606.97,248,1,0.0500
18750,3494672,-21.64,184,0,0.0500
18751,3494857,-21.49,185,0,0.0500
18752,3494960,-62.05,103,0,0.0500
18753,3495235,608.05,275,1,0.0500
18754,3495477,605.86,242,1,0.0500
18755,3495580,-61.55,103,0,0.0500
18756,3495819,604.85,239,1,0.0500
18757,3495969,-31.73,150,0,0.0500
18758,3496017,-79.21,48,0,0.0500
18759,3496268,609.88,251,1,0.0500
18760,3496510,605.57,242,1,0.0500
18761,3496756,606.13,246,1,0.0500
18762,3497018,607.25,262,1,0.0500
18763,3497268,606.52,250,1,0.0500
18764,3497516,606.44,248,1,0.0500
18765,3497564,-79.21,48,0,0.0500
18766,3497844,608.08,280,1,0.0500
18767,3498102,606.45,258,1,0.0500
18768,3498252,-33.32,150,0,0.0500
18769,3498336,-60.83,84,0,0.0500
18770,3498408,-63.03,72,0,0.0500
18771,3498549,-34.38,141,0,0.0500
18772,3498793,606.03,244,1,0.0500
18773,3499052,606.24,259,1,0.0500
18774,3499092,-84.85,40,0,0.0500
18775,3499356,608.15,264,1,0.0500
18776,3499599,605.64,243,1,0.0500
18777,3499855,607.62,256,1,0.0500
18778,3500101,606.72,246,1,0.0500
18779,3500360,608.74,259,1,0.0500
18780,3500381,-92.00,21,0,0.0500
18781,3500641,607.05,260,1,0.0500
18782,3500693,-78.93,52,0,0.0500
18783,3500803,-56.27,110,0,0.0500
18784,3500950,-32.76,147,0,0.0500
18785,3501192,605.66,242,1,0.0500
18786,3501270,-60.35,78,0,0.0500
18787,3501563,610.28,293,1,0.0500
18788,3501614,-79.34,51,0,0.0500
18789,3501864,606.19,250,1,0.0500
18790,3502101,606.04,237,1,0.0500
18791,3502277,-20.99,176,0,0.0500
18792,3502526,607.56,249,1,0.0500
18793,3502638,-62.10,112,0,0.0500
18794,3502879,605.70,241,1,0.0500
18795,3503127,606.85,248,1,0.0500
18796,3503377,606.31,250,1,0.0500
18797,3503482,-61.26,105,0,0.0500
18798,3503743,607.46,261,1,0.0500
18799,3503990,606.24,247,1,0.0500
18800,3504137,-32.76,147,0,0.0500
18801,3504159,-91.80,22,0,0.0500
18802,3504300,-36.17,141,0,0.0500
18803,3504528,605.29,228,1,0.0500
18804,3504757,606.96,229,1,0.0500
18805,3504858,-61.85,101,0,0.0500
18806,3505106,606.25,248,1,0.0500
18807,3505217,-55.86,111,0,0.0500
18808,3505269,-78.73,52,0,0.0500
18809,3505515,606.14,246,1,0.0500
18810,3505661,-33.36,146,0,0.0500
18811,3505911,606.27,250,1,0.0500
18812,3506024,-61.59,113,0,0.0500
18813,3506132,-59.75,108,0,0.0500
18814,3506388,606.56,256,1,0.0500
18815,3506595,-19.56,207,0,0.0500
18816,3506712,-58.85,117,0,0.0500
18817,3506955,605.83,243,1,0.0500
18818,3507048,-61.96,93,0,0.0500
18819,3507297,607.46,249,1,0.0500
18820,3507552,606.54,255,1,0.0500
18821,3507604,-78.93,52,0,0.0500
18822,3507844,604.98,240,1,0.0500
18823,3508091,606.23,247,1,0.0500
18824,3508232,-34.80,141,0,0.0500
18825,3508317,-61.14,85,0,0.0500
18826,3508561,606.17,244,1,0.0500
18827,3508711,-33.20,150,0,0.0500
18828,3508959,606.23,248,1,0.0500
18829,3509065,-54.43,106,0,0.0500
18830,3509157,-61.63,92,0,0.0500
18831,3509345,-21.73,188,0,0.0500
18832,3509396,-78.08,51,0,0.0500
18833,3509622,605.72,226,1,0.0500
18834,3509763,-35.84,141,0,0.0500
18835,3509841,-60.35,78,0,0.0500
18836,3510062,605.56,221,1,0.0500
18837,3510295,606.49,233,1,0.0500
18838,3510436,-36.06,141,0,0.0500
18839,3510487,-79.34,51,0,0.0500
18840,3510746,607.17,259,1,0.0500
18841,3510950,-18.33,204,0,0.0500
18842,3511202,606.79,252,1,0.0500
18843,3511307,-61.70,105,0,0.0500
18844,3511558,605.68,251,1,0.0500
18845,3511806,606.43,248,1,0.0500
18846,3511956,-33.15,150,0,0.0500
18847,3512033,-60.54,77,0,0.0500
18848,3512262,605.48,229,1,0.0500
18849,3512512,607.35,250,1,0.0500
18850,3512763,606.08,251,1,0.0500
18851,3513015,607.25,252,1,0.0500
18852,3513237,605.97,222,1,0.0500
18853,3513482,606.14,245,1,0.0500
18854,3513728,606.66,246,1,0.0500
18855,3513976,608.65,248,1,0.0500
18856,3514225,605.83,249,1,0.0500
18857,3514484,606.35,259,1,0.0500
18858,3514589,-61.07,105,0,0.0500
18859,3514832,606.18,243,1,0.0500
18860,3515082,606.64,250,1,0.0500
18861,3515260,-20.79,178,0,0.0500
18862,3515508,606.98,248,1,0.0500
18863,3515759,605.87,251,1,0.0500
18864,3515839,-60.15,80,0,0.0500
18865,3515953,-61.38,114,0,0.0500
18866,3516183,606.74,230,1,0.0500
18867,3516424,605.78,241,1,0.0500
18868,3516674,607.29,250,1,0.0500
18869,3516899,605.32,225,1,0.0500
18870,3517052,-33.17,153,0,0.0500
18871,3517303,606.62,251,1,0.0500
18872,3517575,608.55,272,1,0.0500
18873,3517819,606.05,244,1,0.0500
18874,3517871,-78.93,52,0,0.0500
18875,3518121,607.06,250,1,0.0500
18876,3518366,605.18,245,1,0.0500
18877,3518620,606.58,254,1,0.0500
18878,3518660,-84.85,40,0,0.0500
18879,3518769,-60.21,109,0,0.0500
18880,3519026,606.23,257,1,0.0500
18881,3519320,610.47,294,1,0.0500
18882,3519563,607.03,243,1,0.0500
18883,3519712,-33.11,149,0,0.0500
18884,3519956,605.85,244,1,0.0500
18885,3520216,607.34,260,1,0.0500
18886,3520449,606.49,233,1,0.0500
18887,3520590,-34.58,141,0,0.0500
18888,3520842,606.93,252,1,0.0500
18889,3521091,607.36,249,1,0.0500
18890,3521349,607.41,258,1,0.0500
18891,3521400,-79.14,51,0,0.0500
18892,3521645,605.66,245,1,0.0500
18893,3521885,605.91,240,1,0.0500
18894,3522147,607.35,262,1,0.0500
18895,3522289,-35.51,142,0,0.0500
18896,3522547,605.71,258,1,0.0500
18897,3522793,606.25,246,1,0.0500
18898,3523043,605.99,250,1,0.0500
18899,3523295,606.37,252,1,0.0500
18900,3523528,606.50,233,1,0.0500
18901,3523669,-36.17,141,0,0.0500
18902,3523914,606.58,245,1,0.0500
18903,3523966,-77.01,52,0,0.0500
18904,3524056,-61.29,90,0,0.0500
18905,3524206,-33.32,150,0,0.0500
18906,3524437,605.88,231,1,0.0500
18907,3524670,607.12,233,1,0.0500
18908,3524924,606.48,254,1,0.0500
18909,3525065,-34.79,141,0,0.0500
18910,3525312,606.24,247,1,0.0500
18911,3525461,-32.36,149,0,0.0500
18912,3525566,-62.93,105,0,0.0500
18913,3525813,607.40,247,1,0.0500
18914,3525962,-33.11,149,0,0.0500
18915,3526212,606.84,250,1,0.0500
18916,3526289,-60.22,77,0,0.0500
18917,3526381,-60.89,92,0,0.0500
18918,3526561,-20.39,180,0,0.0500
18919,3526706,-33.08,145,0,0.0500
18920,3526953,606.22,247,1,0.0500
18921,3527198,608.68,245,1,0.0500
18922,3527445,606.23,247,1,0.0500
18923,3527685,606.63,240,1,0.0500
18924,3527797,-61.12,112,0,0.0500
18925,3527905,-62.06,108,0,0.0500
18926,3528137,605.88,232,1,0.0500
18927,3528373,606.25,236,1,0.0500
18928,3528605,605.03,232,1,0.0500
18929,3528648,-79.27,43,0,0.0500
18930,3528738,-60.75,90,0,0.0500
18931,3528879,-35.14,141,0,0.0500
18932,3528972,-61.45,93,0,0.0500
18933,3529199,605.50,227,1,0.0500
18934,3529340,-36.06,141,0,0.0500
18935,3529441,-62.32,101,0,0.0500
18936,3529700,606.86,259,1,0.0500
18937,3529956,606.56,256,1,0.0500
18938,3530177,605.36,221,1,0.0500
18939,3530267,-61.64,90,0,0.0500
18940,3530543,607.73,276,1,0.0500
18941,3530646,-61.43,103,0,0.0500
18942,3530873,606.14,227,1,0.0500
18943,3531118,605.85,245,1,0.0500
18944,3531372,606.59,254,1,0.0500
18945,3531602,607.37,230,1,0.0500
18946,3531658,-79.73,56,0,0.0500
18947,3531893,605.31,235,1,0.0500
18948,3532169,607.98,276,1,0.0500
18949,3532431,608.29,262,1,0.0500
18950,3532511,-60.15,80,0,0.0500
18951,3532753,605.13,242,1,0.0500
18952,3533013,606.21,260,1,0.0500
18953,3533111,-62.04,98,0,0.0500
18954,3533354,605.86,243,1,0.0500
18955,3533608,606.79,254,1,0.0500
18956,3533760,-32.29,152,0,0.0500
18957,3533851,-59.94,91,0,0.0500
18958,3533962,-56.28,111,0,0.0500
18959,3534042,-60.15,80,0,0.0500
18960,3534310,606.13,268,1,0.0500
18961,3534556,606.25,246,1,0.0500
18962,3534731,-21.40,175,0,0.0500
18963,3535008,609.32,277,1,0.0500
18964,3535111,-61.49,103,0,0.0500
18965,3535134,-91.60,23,0,0.0500
18966,3535374,607.89,240,1,0.0500
18967,3535617,605.54,243,1,0.0500
18968,3535904,614.14,287,1,0.0500
18969,3535987,-60.07,83,0,0.0500
18970,3536237,606.90,250,1,0.0500
18971,3536287,-82.98,50,0,0.0500
18972,3536537,607.27,250,1,0.0500
18973,3536627,-61.29,90,0,0.0500
18974,3536857,606.31,230,1,0.0500
18975,3536950,-61.04,93,0,0.0500
18976,3537194,605.83,244,1,0.0500
18977,3537430,605.53,236,1,0.0500
18978,3537642,-16.61,212,0,0.0500
18979,3537684,-84.65,42,0,0.0500
18980,3537761,-60.68,77,0,0.0500
18981,3537908,-33.09,147,0,0.0500
18982,3538141,607.12,233,1,0.0500
18983,3538391,606.00,250,1,0.0500
18984,3538538,-32.88,147,0,0.0500
18985,3538580,-84.65,42,0,0.0500
18986,3538631,-77.98,51,0,0.0500
18987,3538723,-60.89,92,0,0.0500
18988,3538974,606.20,251,1,0.0500
18989,3539202,605.29,228,1,0.0500
18990,3539454,605.77,252,1,0.0500
18991,3539623,-33.94,169,0,0.0500
18992,3539877,608.17,254,1,0.0500
18993,3540122,606.14,245,1,0.0500
18994,3540267,-33.49,145,0,0.0500
18995,3540359,-61.01,92,0,0.0500
18996,3540514,-34.63,155,0,0.0500
18997,3540779,608.16,265,1,0.0500
18998,3541019,605.91,240,1,0.0500
18999,3541268,606.85,249,1,0.0500
19000,3541531,607.34,263,1,0.0500
19001,3541583,-78.93,52,0,0.0500
19002,3541827,605.84,244,1,0.0500
19003,3542069,605.86,242,1,0.0500
19004,3542247,-20.39,178,0,0.0500
19005,3542496,607.06,249,1,0.0500
19006,3542641,-34.14,145,0,0.0500
19007,3542886,605.63,245,1,0.0500
19008,3543129,605.24,243,1,0.0500
19009,3543171,-84.65,42,0,0.0500
19010,3543430,605.26,259,1,0.0500
19011,3543577,-53.46,147,0,0.0500
19012,3543827,605.89,250,1,0.0500
19013,3544072,606.05,245,1,0.0500
19014,3544317,605.84,245,1,0.0500
19015,3544559,606.62,242,1,0.0500
19016,3544805,606.46,246,1,0.0500
19017,3544955,-34.00,150,0,0.0500
19018,3545053,-60.32,98,0,0.0500
19019,3545151,-61.14,98,0,0.0500
19020,3545401,606.52,250,1,0.0500
19021,3545488,-60.64,87,0,0.0500
19022,3545539,-79.34,51,0,0.0500
19023,3545562,-91.60,23,0,0.0500
19024,3545815,606.17,253,1,0.0500
19025,3545928,-60.50,113,0,0.0500
19026,3545982,-79.87,54,0,0.0500
19027,3546129,-33.92,147,0,0.0500
19028,3546227,-60.07,98,0,0.0500
19029,3546340,-60.92,113,0,0.0500
19030,3546430,-61.23,90,0,0.0500
19031,3546543,-60.05,113,0,0.0500
19032,3546795,606.26,252,1,0.0500
19033,3546901,-61.05,106,0,0.0500
19034,3547145,605.73,244,1,0.0500
19035,3547374,605.90,229,1,0.0500
19036,3547487,-59.06,113,0,0.0500
19037,3547743,607.29,256,1,0.0500
19038,3547837,-60.91,94,0,0.0500
19039,3548091,607.01,254,1,0.0500
19040,3548197,-61.31,106,0,0.0500
19041,3548347,-32.57,150,0,0.0500
19042,3548604,606.14,257,1,0.0500
19043,3548862,605.99,258,1,0.0500
19044,3549116,607.05,254,1,0.0500
19045,3549168,-78.93,52,0,0.0500
19046,3549422,606.99,254,1,0.0500
19047,3549673,605.77,251,1,0.0500
19048,3549818,-33.68,145,0,0.0500
19049,3549910,-60.94,92,0,0.0500
19050,3550156,606.37,246,1,0.0500
19051,3550304,-33.10,148,0,0.0500
19052,3550553,606.64,249,1,0.0500
19053,3550795,606.31,242,1,0.0500
19054,3551053,608.20,258,1,0.0500
19055,3551194,-36.48,141,0,0.0500
19056,3551451,608.12,257,1,0.0500
19057,3551692,606.32,241,1,0.0500
19058,3551935,605.85,243,1,0.0500
19059,3551957,-91.80,22,0,0.0500
19060,3552073,-59.97,116,0,0.0500
19061,3552180,-62.30,107,0,0.0500
19062,3552266,-59.74,86,0,0.0500
19063,3552321,-79.56,55,0,0.0500
19064,3552567,607.07,246,1,0.0500
19065,3552821,605.51,254,1,0.0500
19066,3552962,-35.42,141,0,0.0500
19067,3553203,605.34,241,1,0.0500
19068,3553401,-29.18,198,0,0.0500
19069,3553553,-32.30,152,0,0.0500
19070,3553704,-34.28,151,0,0.0500
19071,3553787,-62.72,83,0,0.0500
19072,3553864,-60.74,77,0,0.0500
19073,3554112,606.41,248,1,0.0500
19074,3554358,605.85,246,1,0.0500
19075,3554439,-60.36,81,0,0.0500
19076,3554686,606.84,247,1,0.0500
19077,3554927,606.74,241,1,0.0500
19078,3555176,606.64,249,1,0.0500
19079,3555419,605.84,243,1,0.0500
19080,3555665,606.13,246,1,0.0500
19081,3555819,-31.69,154,0,0.0500
19082,3556067,607.06,248,1,0.0500
19083,3556306,607.48,239,1,0.0500
19084,3556454,-32.88,148,0,0.0500
19085,3556705,607.25,251,1,0.0500
19086,3556856,-33.28,151,0,0.0500
19087,3556997,-34.80,141,0,0.0500
19088,3557150,-32.51,153,0,0.0500
19089,3557291,-34.38,141,0,0.0500
19090,3557539,606.78,248,1,0.0500
19091,3557820,610.84,281,1,0.0500
19092,3558072,607.24,252,1,0.0500
19093,3558319,606.45,247,1,0.0500
19094,3558460,-34.38,141,0,0.0500
19095,3558704,605.77,244,1,0.0500
19096,3558934,605.47,230,1,0.0500
19097,3559195,607.08,261,1,0.0500
19098,3559337,-34.31,142,0,0.0500
19099,3559596,606.95,259,1,0.0500
19100,3559742,-33.58,146,0,0.0500
19101,3559919,-21.41,177,0,0.0500
19102,3560165,607.51,246,1,0.0500
19103,3560244,-60.34,79,0,0.0500
19104,3560485,606.54,241,1,0.0500
19105,3560724,605.24,239,1,0.0500
19106,3560964,606.33,240,1,0.0500
19107,3561211,605.80,247,1,0.0500
19108,3561448,605.82,237,1,0.0500
19109,3561470,-91.80,22,0,0.0500
19110,3561710,606.33,240,1,0.0500
19111,3561851,-34.38,141,0,0.0500
19112,3561954,-61.52,103,0,0.0500
19113,3562206,608.17,252,1,0.0500
19114,3562460,606.27,254,1,0.0500
19115,3562710,606.10,250,1,0.0500
19116,3562863,-32.42,153,0,0.0500
19117,3563101,605.73,238,1,0.0500
19118,3563358,607.28,257,1,0.0500
19119,3563409,-79.45,51,0,0.0500
19120,3563693,610.76,284,1,0.0500
19121,3563920,605.85,227,1,0.0500
19122,3564186,608.36,266,1,0.0500
19123,3564476,613.61,290,1,0.0500
19124,3564726,606.51,250,1,0.0500
19125,3564878,-32.47,152,0,0.0500
19126,3565128,605.59,250,1,0.0500
19127,3565377,606.94,249,1,0.0500
19128,3565616,605.05,239,1,0.0500
19129,3565723,-61.13,107,0,0.0500
19130,3565833,-55.85,110,0,0.0500
19131,3565973,-35.73,140,0,0.0500
19132,3566066,-60.80,93,0,0.0500
19133,3566148,-63.13,82,0,0.0500
19134,3566391,605.92,243,1,0.0500
19135,3566650,608.19,259,1,0.0500
19136,3566802,-33.34,152,0,0.0500
19137,3566894,-60.89,92,0,0.0500
19138,3567037,-34.10,143,0,0.0500
19139,3567284,606.12,247,1,0.0500
19140,3567404,-58.78,120,0,0.0500
19141,3567459,-79.55,55,0,0.0500
19142,3567544,-61.04,85,0,0.0500
19143,3567698,-33.52,154,0,0.0500
19144,3567946,606.65,248,1,0.0500
19145,3568189,605.77,243,1,0.0500
19146,3568344,-33.28,155,0,0.0500
19147,3568519,-32.64,175,0,0.0500
19148,3568788,608.30,269,1,0.0500
19149,3569030,605.58,242,1,0.0500
19150,3569268,606.23,238,1,0.0500
19151,3569567,613.92,299,1,0.0500
19152,3569719,-31.89,152,0,0.0500
19153,3569826,-61.43,107,0,0.0500
19154,3569907,-59.74,81,0,0.0500
19155,3569960,-79.72,53,0,0.0500
19156,3570210,605.64,250,1,0.0500
19157,3570445,606.26,235,1,0.0500
19158,3570694,607.06,249,1,0.0500
19159,3570746,-78.93,52,0,0.0500
19160,3570998,605.95,252,1,0.0500
19161,3571272,611.33,274,1,0.0500
19162,3571533,605.78,261,1,0.0500
19163,3571749,606.03,216,1,0.0500
19164,3571833,-61.25,84,0,0.0500
19165,3571939,-61.60,106,0,0.0500
19166,3572091,-33.77,152,0,0.0500
19167,3572187,-63.27,96,0,0.0500
19168,3572414,606.00,227,1,0.0500
19169,3572493,-60.34,79,0,0.0500
19170,3572756,608.00,263,1,0.0500
19171,3573001,606.24,245,1,0.0500
19172,3573241,605.17,240,1,0.0500
19173,3573322,-60.15,81,0,0.0500
19174,3573588,608.15,266,1,0.0500
19175,3573812,606.37,224,1,0.0500
19176,3574061,605.58,249,1,0.0500
19177,3574134,-63.04,73,0,0.0500
19178,3574377,605.70,243,1,0.0500
19179,3574435,-79.16,58,0,0.0500
19180,3574663,606.33,228,1,0.0500
19181,3574715,-78.73,52,0,0.0500
19182,3574763,-78.99,48,0,0.0500
19183,3574984,605.36,221,1,0.0500
19184,3575161,-20.66,177,0,0.0500
19185,3575308,-32.76,147,0,0.0500
19186,3575543,609.20,235,1,0.0500
19187,3575796,607.62,253,1,0.0500
19188,3576033,608.34,237,1,0.0500
19189,3576114,-60.58,81,0,0.0500
19190,3576191,-60.74,77,0,0.0500
19191,3576422,607.56,231,1,0.0500
19192,3576671,606.54,249,1,0.0500
19193,3576922,605.98,251,1,0.0500
19194,3577074,-32.39,152,0,0.0500
19195,3577097,-91.60,23,0,0.0500
19196,3577344,606.51,247,1,0.0500
19197,3577601,607.39,257,1,0.0500
19198,3577848,605.83,247,1,0.0500
19199,3577955,-61.07,107,0,0.0500
19200,3578192,604.87,237,1,0.0500
19201,3578431,606.37,239,1,0.0500
19202,3578536,-61.69,105,0,0.0500
19203,3578613,-60.54,77,0,0.0500
19204,3578866,607.86,253,1,0.0500
19205,3578957,-60.35,91,0,0.0500
19206,3579195,606.65,238,1,0.0500
19207,3579279,-59.25,84,0,0.0500
19208,3579370,-61.75,91,0,0.0500
19209,3579620,605.50,250,1,0.0500
19210,3579705,-61.04,85,0,0.0500
19211,3579954,606.73,249,1,0.0500
19212,3580134,-20.72,180,0,0.0500
19213,3580245,-55.86,111,0,0.0500
19214,3580522,608.14,277,1,0.0500
19215,3580767,605.54,245,1,0.0500
19216,3580992,605.52,225,1,0.0500
19217,3581137,-33.57,145,0,0.0500
19218,3581214,-60.22,77,0,0.0500
19219,3581294,-59.83,80,0,0.0500
19220,3581549,605.84,255,1,0.0500
19221,3581794,605.84,245,1,0.0500
19222,3582050,606.06,256,1,0.0500
19223,3582311,607.16,261,1,0.0500
19224,3582578,607.18,267,1,0.0500
19225,3582812,606.91,234,1,0.0500
19226,3583069,606.88,257,1,0.0500
19227,3583328,606.98,259,1,0.0500
19228,3583437,-61.28,109,0,0.0500
19229,3583537,-61.85,100,0,0.0500
19230,3583721,-19.61,184,0,0.0500
19231,3583961,605.23,240,1,0.0500
19232,3584233,606.46,272,1,0.0500
19233,3584495,607.53,262,1,0.0500
19234,3584750,607.32,255,1,0.0500
19235,3584889,-36.46,139,0,0.0500
19236,3585136,606.66,247,1,0.0500
19237,3585277,-36.18,141,0,0.0500
19238,3585514,605.07,237,1,0.0500
19239,3585611,-61.89,97,0,0.0500
19240,3585717,-61.06,106,0,0.0500
19241,3585959,605.57,242,1,0.0500
19242,3586052,-61.04,93,0,0.0500
19243,3586200,-34.65,148,0,0.0500
19244,3586253,-79.72,53,0,0.0500
19245,3586399,-33.58,146,0,0.0500
19246,3586647,607.25,248,1,0.0500
19247,3586903,608.04,256,1,0.0500
19248,3587145,605.57,242,1,0.0500
19249,3587234,-63.20,89,0,0.0500
19250,3587467,606.28,233,1,0.0500
19251,3587712,606.55,245,1,0.0500
19252,3587736,-91.75,24,0,0.0500
19253,3587987,607.78,251,1,0.0500
19254,3588245,606.53,258,1,0.0500
19255,3588504,605.92,259,1,0.0500
19256,3588657,-33.38,153,0,0.0500
19257,3588911,607.22,254,1,0.0500
19258,3589153,606.73,242,1,0.0500
19259,3589407,606.47,254,1,0.0500
19260,3589498,-61.34,91,0,0.0500
19261,3589758,606.74,260,1,0.0500
19262,3590008,605.35,250,1,0.0500
19263,3590091,-60.97,83,0,0.0500
19264,3590339,607.39,248,1,0.0500
19265,3590592,607.53,253,1,0.0500
19266,3590864,607.28,272,1,0.0500
19267,3590916,-79.14,52,0,0.0500
19268,3591175,606.94,259,1,0.0500
19269,3591447,606.61,272,1,0.0500
19270,3591711,607.33,264,1,0.0500
19271,3591958,605.65,247,1,0.0500
19272,3592203,606.44,245,1,0.0500
19273,3592453,605.99,250,1,0.0500
19274,3592594,-36.06,141,0,0.0500
19275,3592848,608.17,254,1,0.0500
19276,3593108,606.23,260,1,0.0500
19277,3593350,606.73,242,1,0.0500
19278,3593595,607.96,245,1,0.0500
19279,3593841,606.46,246,1,0.0500
19280,3594045,-20.43,204,0,0.0500
19281,3594304,607.26,259,1,0.0500
19282,3594401,-61.89,97,0,0.0500
19283,3594656,605.42,255,1,0.0500
19284,3594726,-64.27,70,0,0.0500
19285,3594975,607.90,249,1,0.0500
19286,3595036,-79.61,61,0,0.0500
19287,3595283,605.49,247,1,0.0500
19288,3595432,-33.11,149,0,0.0500
19289,3595681,607.50,249,1,0.0500
19290,3595931,607.18,250,1,0.0500
19291,3596190,607.06,259,1,0.0500
19292,3596419,606.32,229,1,0.0500
19293,3596565,-33.37,146,0,0.0500
19294,3596799,606.49,234,1,0.0500
19295,3597041,605.78,242,1,0.0500
19296,3597318,608.78,277,1,0.0500
19297,3597561,605.20,243,1,0.0500
19298,3597737,-21.04,176,0,0.0500
19299,3597983,606.35,246,1,0.0500
19300,3598162,-20.60,179,0,0.0500
19301,3598390,606.33,228,1,0.0500
19302,3598641,606.59,251,1,0.0500
19303,3598872,606.72,231,1,0.0500
19304,3599115,606.16,243,1,0.0500
19305,3599257,-34.31,142,0,0.0500
19306,3599504,606.78,247,1,0.0500
19307,3599730,606.15,226,1,0.0500
19308,3599836,-61.36,106,0,0.0500
19309,3599888,-79.15,52,0,0.0500
19310,3599996,-61.22,108,0,0.0500
19311,3600228,607.55,232,1,0.0500
19312,3600478,606.43,250,1,0.0500
19313,3600720,605.85,242,1,0.0500
19314,3600975,607.30,255,1,0.0500
19315,3601224,605.80,249,1,0.0500
19316,3601452,606.41,228,1,0.0500
19317,3601560,-61.69,108,0,0.0500
19318,3601705,-32.97,145,0,0.0500
19319,3601955,605.58,250,1,0.0500
19320,3602045,-61.29,90,0,0.0500
19321,3602150,-61.25,105,0,0.0500
19322,3602190,-84.85,40,0,0.0500
19323,3602331,-36.48,141,0,0.0500
19324,3602583,607.98,252,1,0.0500
19325,3602733,-32.28,150,0,0.0500
19326,3602784,-78.50,51,0,0.0500
19327,3603026,605.35,242,1,0.0500
19328,3603255,607.16,229,1,0.0500
19329,3603504,606.65,249,1,0.0500
19330,3603747,606.18,243,1,0.0500
19331,3603986,605.26,239,1,0.0500
19332,3604127,-34.29,141,0,0.0500
19333,3604274,-32.88,147,0,0.0500
19334,3604423,-32.17,149,0,0.0500
19335,3604688,607.52,265,1,0.0500
19336,3604930,606.74,242,1,0.0500
19337,3605001,-63.44,71,0,0.0500
19338,3605149,-32.55,148,0,0.0500
19339,3605250,-61.86,101,0,0.0500
19340,3605497,606.14,247,1,0.0500
19341,3605645,-32.47,148,0,0.0500
19342,3605904,607.56,259,1,0.0500
19343,3606132,606.33,228,1,0.0500
19344,3606376,605.72,244,1,0.0500
19345,3606612,605.63,236,1,0.0500
19346,3606706,-60.70,94,0,0.0500
19347,3606910,-21.27,204,0,0.0500
19348,3607137,606.34,227,1,0.0500
19349,3607224,-60.96,87,0,0.0500
19350,3607474,605.78,250,1,0.0500
19351,3607564,-61.61,90,0,0.0500
19352,3607757,-30.73,193,0,0.0500
19353,3607867,-61.98,110,0,0.0500
19354,3607908,-85.06,41,0,0.0500
19355,3608132,606.37,224,1,0.0500
19356,3608392,607.55,260,1,0.0500
19357,3608643,607.55,251,1,0.0500
19358,3608732,-60.76,89,0,0.0500
19359,3608880,-33.10,148,0,0.0500
19360,3609101,605.56,221,1,0.0500
19361,3609340,605.36,239,1,0.0500
19362,3609576,607.21,236,1,0.0500
19363,3609717,-34.38,141,0,0.0500
19364,3609937,605.23,220,1,0.0500
19365,3610181,606.05,244,1,0.0500
19366,3610436,606.64,255,1,0.0500
19367,3610692,606.98,256,1,0.0500
19368,3610836,-33.67,144,0,0.0500
19369,3611074,607.07,238,1,0.0500
19370,3611297,605.96,223,1,0.0500
19371,3611409,-60.26,112,0,0.0500
19372,3611661,606.70,252,1,0.0500
19373,3611906,606.56,245,1,0.0500
19374,3612047,-34.38,141,0,0.0500
19375,3612285,606.65,238,1,0.0500
19376,3612540,607.10,255,1,0.0500
19377,3612817,608.54,277,1,0.0500
19378,3613064,606.66,247,1,0.0500
19379,3613312,606.66,248,1,0.0500
19380,3613546,606.27,234,1,0.0500
19381,3613785,607.07,239,1,0.0500
19382,3613836,-78.50,51,0,0.0500
19383,3614072,606.25,236,1,0.0500
19384,3614321,606.19,249,1,0.0500
19385,3614399,-60.35,78,0,0.0500
19386,3614544,-33.08,145,0,0.0500
19387,3614796,606.39,252,1,0.0500
19388,3615043,606.45,247,1,0.0500
19389,3615305,607.76,262,1,0.0500
19390,3615560,605.85,255,1,0.0500
19391,3615801,605.22,241,1,0.0500
19392,3616047,606.85,246,1,0.0500
19393,3616297,606.83,250,1,0.0500
19394,3616382,-63.58,85,0,0.0500
19395,3616622,605.38,240,1,0.0500
19396,3616763,-34.58,141,0,0.0500
19397,3617005,605.33,242,1,0.0500
19398,3617089,-61.03,84,0,0.0500
19399,3617325,607.31,236,1,0.0500
19400,3617569,606.26,244,1,0.0500
19401,3617621,-79.15,52,0,0.0500
19402,3617825,-20.01,204,0,0.0500
19403,3618076,606.83,251,1,0.0500
19404,3618321,606.14,245,1,0.0500
19405,3618472,-32.29,151,0,0.0500
19406,3618582,-60.82,110,0,0.0500
19407,3618855,606.50,273,1,0.0500
19408,3619113,606.44,258,1,0.0500
19409,3619266,-32.21,153,0,0.0500
19410,3619531,607.20,265,1,0.0500
19411,3619766,607.10,235,1,0.0500
19412,3619912,-33.50,146,0,0.0500
19413,3620053,-34.58,141,0,0.0500
19414,3620309,605.84,256,1,0.0500
19415,3620493,-21.70,184,0,0.0500
19416,3620738,605.94,245,1,0.0500
19417,3620975,605.94,237,1,0.0500
19418,3621116,-34.70,141,0,0.0500
19419,3621376,607.13,260,1,0.0500
19420,3621428,-78.93,52,0,0.0500
19421,3621672,606.36,244,1,0.0500
19422,3621825,-33.48,153,0,0.0500
19423,3622079,607.83,254,1,0.0500
19424,3622327,606.75,248,1,0.0500
19425,3622586,606.84,259,1,0.0500
19426,3622830,606.06,244,1,0.0500
19427,3623069,606.22,239,1,0.0500
19428,3623327,608.55,258,1,0.0500
19429,3623571,606.05,244,1,0.0500
19430,3623722,-32.91,151,0,0.0500
19431,3623837,-60.24,115,0,0.0500
19432,3624096,606.02,259,1,0.0500
19433,3624347,607.24,251,1,0.0500
19434,3624590,605.32,243,1,0.0500
19435,3624738,-32.68,148,0,0.0500
19436,3624786,-78.79,48,0,0.0500
19437,3624927,-36.06,141,0,0.0500
19438,3624979,-78.93,52,0,0.0500
19439,3625222,606.06,243,1,0.0500
19440,3625468,606.59,246,1,0.0500
19441,3625726,606.96,258,1,0.0500
19442,3625957,606.09,231,1,0.0500
19443,3626053,-62.27,96,0,0.0500
19444,3626296,605.84,243,1,0.0500
19445,3626367,-63.44,71,0,0.0500
19446,3626604,605.60,237,1,0.0500
19447,3626859,606.46,255,1,0.0500
19448,3626949,-61.19,90,0,0.0500
19449,3627055,-61.61,106,0,0.0500
19450,3627109,-77.91,54,0,0.0500
19451,3627364,606.04,255,1,0.0500
19452,3627505,-34.58,141,0,0.0500
19453,3627779,606.69,274,1,0.0500
19454,3628031,606.82,252,1,0.0500
19455,3628283,611.24,252,1,0.0500
19456,3628515,607.14,232,1,0.0500
19457,3628760,606.59,245,1,0.0500
19458,3629009,607.50,249,1,0.0500
19459,3629246,608.34,237,1,0.0500
19460,3629493,607.07,247,1,0.0500
19461,3629677,-21.29,184,0,0.0500
19462,3629951,608.57,274,1,0.0500
19463,3630093,-36.19,142,0,0.0500
19464,3630235,-34.31,142,0,0.0500
19465,3630479,606.93,244,1,0.0500
19466,3630727,606.43,248,1,0.0500
19467,3630975,606.65,248,1,0.0500
19468,3631128,-33.72,153,0,0.0500
19469,3631375,605.80,247,1,0.0500
19470,3631617,606.73,242,1,0.0500
19471,3631861,605.98,244,1,0.0500
19472,3632083,605.97,222,1,0.0500
19473,3632336,606.39,253,1,0.0500
19474,3632582,605.59,246,1,0.0500
19475,3632809,605.92,227,1,0.0500
19476,3632888,-60.34,79,0,0.0500
19477,3633151,607.39,263,1,0.0500
19478,3633391,605.65,240,1,0.0500
19479,3633634,605.86,243,1,0.0500
19480,3633882,605.59,248,1,0.0500
19481,3633975,-60.44,93,0,0.0500
19482,3634228,606.08,253,1,0.0500
19483,3634473,606.28,245,1,0.0500
19484,3634721,606.43,248,1,0.0500
19485,3634978,605.60,257,1,0.0500
19486,3635216,605.91,238,1,0.0500
19487,3635456,607.05,240,1,0.0500
19488,3635603,-32.90,147,0,0.0500
19489,3635830,605.30,227,1,0.0500
19490,3636061,606.72,231,1,0.0500
19491,3636325,606.42,264,1,0.0500
19492,3636408,-60.07,83,0,0.0500
19493,3636668,606.22,260,1,0.0500
19494,3636779,-60.72,111,0,0.0500
19495,3637024,605.94,245,1,0.0500
19496,3637175,-32.19,151,0,0.0500
19497,3637455,609.59,280,1,0.0500
19498,3637600,-32.91,145,0,0.0500
19499,3637844,606.18,244,1,0.0500
19500,3638027,-20.21,183,0,0.0500
19501,3638278,607.04,251,1,0.0500
19502,3638517,605.06,239,1,0.0500
19503,3638768,607.45,251,1,0.0500
19504,3639012,605.96,244,1,0.0500
19505,3639277,606.78,265,1,0.0500
19506,3639537,608.11,260,1,0.0500
19507,3639791,606.92,254,1,0.0500
19508,3639862,-63.44,71,0,0.0500
19509,3640120,608.53,258,1,0.0500
19510,3640366,606.67,246,1,0.0500
19511,3640603,605.60,237,1,0.0500
19512,3640847,606.05,244,1,0.0500
19513,3640918,-63.44,71,0,0.0500
19514,3641165,606.65,247,1,0.0500
19515,3641249,-61.03,84,0,0.0500
19516,3641495,606.43,246,1,0.0500
19517,3641593,-62.02,98,0,0.0500
19518,3641836,604.84,243,1,0.0500
19519,3642088,607.21,252,1,0.0500
19520,3642242,-32.78,154,0,0.0500
19521,3642501,605.16,259,1,0.0500
19522,3642758,606.46,257,1,0.0500
19523,3643020,606.61,262,1,0.0500
19524,3643259,605.80,239,1,0.0500
19525,3643400,-34.38,141,0,0.0500
19526,3643541,-34.58,141,0,0.0500
19527,3643797,606.47,256,1,0.0500
19528,3643885,-60.59,88,0,0.0500
19529,3644135,606.73,250,1,0.0500
19530,3644241,-61.53,106,0,0.0500
19531,3644491,606.03,250,1,0.0500
19532,3644539,-79.41,48,0,0.0500
19533,3644653,-59.74,114,0,0.0500
19534,3644886,606.50,233,1,0.0500
19535,3645134,606.78,248,1,0.0500
19536,3645388,608.48,254,1,0.0500
19537,3645630,605.90,242,1,0.0500
19538,3645725,-60.50,95,0,0.0500
19539,3645966,605.16,241,1,0.0500
19540,3646190,606.17,224,1,0.0500
19541,3646433,605.14,243,1,0.0500
19542,3646685,607.05,252,1,0.0500
19543,3646966,607.41,281,1,0.0500
19544,3647208,605.87,242,1,0.0500
19545,3647450,605.65,242,1,0.0500
19546,3647529,-60.56,79,0,0.0500
19547,3647781,607.86,252,1,0.0500
19548,3647869,-61.00,88,0,0.0500
19549,3648114,605.60,245,1,0.0500
19550,3648363,606.85,249,1,0.0500
19551,3648611,606.89,248,1,0.0500
19552,3648869,607.77,258,1,0.0500
19553,3649123,604.81,254,1,0.0500
19554,3649378,605.86,255,1,0.0500
19555,3649485,-62.49,107,0,0.0500
19556,3649574,-62.02,89,0,0.0500
19557,3649806,606.92,232,1,0.0500
19558,3650066,606.32,260,1,0.0500
19559,3650311,606.38,245,1,0.0500
19560,3650565,606.71,254,1,0.0500
19561,3650808,606.26,243,1,0.0500
19562,3651055,606.22,247,1,0.0500
19563,3651154,-61.94,99,0,0.0500
19564,3651234,-60.15,80,0,0.0500
19565,3651493,606.84,259,1,0.0500
19566,3651639,-33.09,146,0,0.0500
19567,3651888,606.00,249,1,0.0500
19568,3652145,606.02,257,1,0.0500
19569,3652401,608.46,256,1,0.0500
19570,3652638,605.63,237,1,0.0500
19571,3652690,-79.14,52,0,0.0500
19572,3652944,607.01,254,1,0.0500
19573,3653192,606.65,248,1,0.0500
19574,3653441,606.19,249,1,0.0500
19575,3653690,605.58,249,1,0.0500
19576,3653911,605.14,221,1,0.0500
19577,3654053,-34.72,142,0,0.0500
19578,3654151,-61.66,98,0,0.0500
19579,3654402,607.37,251,1,0.0500
19580,3654661,607.20,259,1,0.0500
19581,3654738,-60.74,77,0,0.0500
19582,3654979,605.24,241,1,0.0500
19583,3655219,606.11,240,1,0.0500
19584,3655366,-32.67,147,0,0.0500
19585,3655619,607.46,253,1,0.0500
19586,3655671,-79.15,52,0,0.0500
19587,3655929,607.48,258,1,0.0500
19588,3656182,607.45,253,1,0.0500
19589,3656422,606.63,240,1,0.0500
19590,3656674,607.03,252,1,0.0500
19591,3656917,605.23,243,1,0.0500
19592,3657175,606.65,258,1,0.0500
19593,3657428,607.32,253,1,0.0500
19594,3657535,-61.93,107,0,0.0500
19595,3657590,-79.55,55,0,0.0500
19596,3657842,605.56,252,1,0.0500
19597,3657921,-60.34,79,0,0.0500
19598,3658062,-35.33,141,0,0.0500
19599,3658242,-20.81,180,0,0.0500
19600,3658473,607.22,231,1,0.0500
19601,3658732,606.65,259,1,0.0500
19602,3658972,605.49,240,1,0.0500
19603,3659127,-33.91,155,0,0.0500
19604,3659347,605.15,220,1,0.0500
19605,3659494,-32.88,147,0,0.0500
19606,3659688,-21.47,194,0,0.0500
19607,3659867,-20.40,179,0,0.0500
19608,3660135,606.74,268,1,0.0500
19609,3660394,608.53,259,1,0.0500
19610,3660634,607.47,240,1,0.0500
19611,3660877,606.18,243,1,0.0500
19612,3661131,605.63,254,1,0.0500
19613,3661369,605.73,238,1,0.0500
19614,3661592,605.96,223,1,0.0500
19615,3661813,605.56,221,1,0.0500
19616,3662062,606.17,249,1,0.0500
19617,3662300,605.93,238,1,0.0500
19618,3662553,606.63,253,1,0.0500
19619,3662664,-61.68,111,0,0.0500
19620,3662885,605.66,221,1,0.0500
19621,3663132,606.68,247,1,0.0500
19622,3663217,-60.97,85,0,0.0500
19623,3663471,605.85,254,1,0.0500
19624,3663712,605.46,241,1,0.0500
19625,3663959,606.24,247,1,0.0500
19626,3664211,608.73,252,1,0.0500
19627,3664296,-61.04,85,0,0.0500
19628,3664536,604.85,240,1,0.0500
19629,3664787,605.80,251,1,0.0500
19630,3665052,607.62,265,1,0.0500
19631,3665301,606.85,249,1,0.0500
19632,3665549,607.39,248,1,0.0500
19633,3665783,606.27,234,1,0.0500
19634,3665870,-60.95,87,0,0.0500
19635,3665923,-78.74,53,0,0.0500
19636,3666160,604.88,237,1,0.0500
19637,3666241,-59.96,81,0,0.0500
19638,3666342,-61.51,101,0,0.0500
19639,3666484,-34.17,142,0,0.0500
19640,3666713,606.11,229,1,0.0500
19641,3666892,-21.01,179,0,0.0500
19642,3666969,-63.50,77,0,0.0500
19643,3667228,605.38,259,1,0.0500
19644,3667474,605.61,246,1,0.0500
19645,3667698,606.27,224,1,0.0500
19646,3667844,-33.08,146,0,0.0500
19647,3668098,607.34,254,1,0.0500
19648,3668328,605.89,230,1,0.0500
19649,3668585,607.10,257,1,0.0500
19650,3668806,605.56,221,1,0.0500
19651,3669049,606.16,243,1,0.0500
19652,3669298,607.26,249,1,0.0500
19653,3669523,605.94,225,1,0.0500
19654,3669771,604.98,248,1,0.0500
19655,3670005,605.23,234,1,0.0500
19656,3670246,606.62,241,1,0.0500
19657,3670505,606.32,259,1,0.0500
19658,3670553,-78.79,48,0,0.0500
19659,3670798,606.05,245,1,0.0500
19660,3671043,606.58,245,1,0.0500
19661,3671277,606.69,234,1,0.0500
19662,3671528,605.35,251,1,0.0500
19663,3671679,-32.49,151,0,0.0500
19664,3671826,-33.18,147,0,0.0500
19665,3671930,-61.86,104,0,0.0500
19666,3672175,606.24,245,1,0.0500
19667,3672422,606.28,247,1,0.0500
19668,3672501,-60.56,79,0,0.0500
19669,3672602,-61.84,101,0,0.0500
19670,3672846,606.25,244,1,0.0500
19671,3672901,-79.96,55,0,0.0500
19672,3673166,607.22,265,1,0.0500
19673,3673308,-34.72,142,0,0.0500
19674,3673574,607.63,266,1,0.0500
19675,3673814,606.21,240,1,0.0500
19676,3674058,606.42,244,1,0.0500
19677,3674135,-60.76,77,0,0.0500
19678,3674380,606.05,245,1,0.0500
19679,3674623,605.98,243,1,0.0500
19680,3674681,-79.89,58,0,0.0500
19681,3674931,606.40,250,1,0.0500
19682,3675199,606.45,268,1,0.0500
19683,3675444,605.53,245,1,0.0500
19684,3675688,605.45,244,1,0.0500
19685,3675740,-79.35,52,0,0.0500
19686,3675850,-61.70,110,0,0.0500
19687,3675958,-60.52,108,0,0.0500
19688,3676207,606.64,249,1,0.0500
19689,3676466,606.84,259,1,0.0500
19690,3676714,606.44,248,1,0.0500
19691,3676889,-21.19,175,0,0.0500
19692,3677133,605.66,244,1,0.0500
19693,3677376,605.85,243,1,0.0500
19694,3677633,605.93,257,1,0.0500
19695,3677813,-20.81,180,0,0.0500
19696,3677960,-33.09,147,0,0.0500
19697,3678016,-79.87,56,0,0.0500
19698,3678093,-60.76,77,0,0.0500
19699,3678349,605.95,256,1,0.0500
19700,3678490,-34.80,141,0,0.0500
19701,3678733,605.44,243,1,0.0500
19702,3679002,606.55,269,1,0.0500
19703,3679246,606.60,244,1,0.0500
19704,3679485,605.05,239,1,0.0500
19705,3679728,605.68,243,1,0.0500
19706,3679979,607.25,251,1,0.0500
19707,3680236,606.25,257,1,0.0500
19708,3680475,605.26,239,1,0.0500
19709,3680729,606.37,254,1,0.0500
19710,3680885,-34.54,156,0,0.0500
19711,3681035,-32.37,150,0,0.0500
19712,3681183,-32.88,148,0,0.0500
19713,3681277,-60.85,94,0,0.0500
19714,3681367,-61.25,90,0,0.0500
19715,3681613,606.66,246,1,0.0500
19716,3681759,-33.28,146,0,0.0500
19717,3682000,605.67,241,1,0.0500
19718,3682022,-91.80,22,0,0.0500
19719,3682269,606.33,247,1,0.0500
19720,3682526,606.65,257,1,0.0500
19721,3682773,606.46,247,1,0.0500
19722,3683028,605.96,255,1,0.0500
19723,3683132,-61.73,104,0,0.0500
19724,3683277,-33.58,145,0,0.0500
19725,3683537,605.79,260,1,0.0500
19726,3683773,605.95,236,1,0.0500
19727,3683888,-55.94,115,0,0.0500
19728,3684164,607.51,276,1,0.0500
19729,3684204,-84.85,40,0,0.0500
19730,3684293,-61.60,89,0,0.0500
19731,3684543,607.89,250,1,0.0500
19732,3684704,-32.48,161,0,0.0500
19733,3684974,606.94,270,1,0.0500
19734,3685256,608.29,282,1,0.0500
19735,3685503,605.38,247,1,0.0500
19736,3685646,-34.30,143,0,0.0500
19737,3685792,-32.95,146,0,0.0500
19738,3686049,607.38,257,1,0.0500
19739,3686298,607.37,249,1,0.0500
19740,3686567,608.13,269,1,0.0500
19741,3686825,607.78,258,1,0.0500
19742,3686903,-63.23,78,0,0.0500
19743,3687155,605.99,252,1,0.0500
19744,3687301,-32.75,146,0,0.0500
19745,3687557,606.48,256,1,0.0500
19746,3687667,-56.59,110,0,0.0500
19747,3687891,605.95,224,1,0.0500
19748,3687971,-59.51,80,0,0.0500
19749,3688208,607.69,237,1,0.0500
19750,3688462,605.95,254,1,0.0500
19751,3688641,-21.01,179,0,0.0500
19752,3688693,-78.73,52,0,0.0500
19753,3688914,605.56,221,1,0.0500
19754,3688962,-78.79,48,0,0.0500
19755,3689060,-54.89,98,0,0.0500
19756,3689163,-61.35,103,0,0.0500
19757,3689404,605.16,241,1,0.0500
19758,3689651,606.66,247,1,0.0500
19759,3689797,-32.95,146,0,0.0500
19760,3690048,605.36,251,1,0.0500
19761,3690146,-54.89,98,0,0.0500
19762,3690404,606.64,258,1,0.0500
19763,3690651,605.58,247,1,0.0500
19764,3690908,607.94,257,1,0.0500
19765,3691049,-34.38,141,0,0.0500
19766,3691197,-32.69,148,0,0.0500
19767,3691426,605.90,229,1,0.0500
19768,3691684,606.45,258,1,0.0500
19769,3691942,606.94,258,1,0.0500
19770,3692211,606.32,269,1,0.0500
19771,3692452,605.78,241,1,0.0500
19772,3692672,605.03,220,1,0.0500
19773,3692749,-60.54,77,0,0.0500
19774,3692829,-60.15,80,0,0.0500
19775,3692978,-32.78,149,0,0.0500
19776,3693064,-61.15,86,0,0.0500
19777,3693316,607.65,252,1,0.0500
19778,3693540,605.53,224,1,0.0500
19779,3693789,607.05,249,1,0.0500
19780,3693841,-78.93,52,0,0.0500
19781,3693946,-61.12,105,0,0.0500
19782,3694186,605.65,240,1,0.0500
19783,3694433,606.42,247,1,0.0500
19784,3694518,-61.36,85,0,0.0500
19785,3694609,-60.57,91,0,0.0500
19786,3694834,605.32,225,1,0.0500
19787,3694915,-59.96,81,0,0.0500
19788,3695175,607.79,260,1,0.0500
19789,3695422,606.65,247,1,0.0500
19790,3695598,-20.59,176,0,0.0500
19791,3695838,606.63,240,1,0.0500
19792,3695860,-91.80,22,0,0.0500
19793,3696121,605.98,261,1,0.0500
19794,3696367,606.70,246,1,0.0500
19795,3696549,-20.83,182,0,0.0500
19796,3696804,605.42,255,1,0.0500
19797,3697076,607.66,272,1,0.0500
19798,3697147,-63.86,71,0,0.0500
19799,3697384,604.96,237,1,0.0500
19800,3697636,605.82,252,1,0.0500
19801,3697698,-79.41,62,0,0.0500
19802,3697750,-78.51,52,0,0.0500
19803,3697891,-36.48,141,0,0.0500
19804,3697988,-62.26,97,0,0.0500
19805,3698076,-63.19,88,0,0.0500
19806,3698218,-34.17,142,0,0.0500
19807,3698279,-80.28,61,0,0.0500
19808,3698454,-20.77,175,0,0.0500
19809,3698709,606.88,255,1,0.0500
19810,3698850,-34.38,141,0,0.0500
19811,3699084,605.43,234,1,0.0500
19812,3699161,-60.54,77,0,0.0500
19813,3699404,605.94,243,1,0.0500
19814,3699496,-61.10,92,0,0.0500
19815,3699586,-60.91,90,0,0.0500
19816,3699736,-32.49,150,0,0.0500
19817,3699978,605.86,242,1,0.0500
19818,3700225,606.64,247,1,0.0500
19819,3700483,606.01,258,1,0.0500
19820,3700717,605.95,234,1,0.0500
19821,3700969,607.55,252,1,0.0500
19822,3701082,-55.46,113,0,0.0500
19823,3701190,-61.96,108,0,0.0500
19824,3701450,605.99,260,1,0.0500
19825,3701707,606.55,257,1,0.0500
19826,3701759,-78.93,52,0,0.0500
19827,3701996,606.16,237,1,0.0500
19828,3702141,-33.15,145,0,0.0500
19829,3702224,-60.08,83,0,0.0500
19830,3702459,605.20,235,1,0.0500
19831,3702511,-78.93,52,0,0.0500
19832,3702754,605.44,243,1,0.0500
19833,3702900,-32.95,146,0,0.0500
19834,3703138,607.07,238,1,0.0500
19835,3703393,606.25,255,1,0.0500
19836,3703628,608.46,235,1,0.0500
19837,3703850,605.77,222,1,0.0500
19838,3704107,609.10,257,1,0.0500
19839,3704368,606.99,261,1,0.0500
19840,3704509,-35.64,141,0,0.0500
19841,3704765,605.21,256,1,0.0500
19842,3704918,-33.38,153,0,0.0500
19843,3705150,607.55,232,1,0.0500
19844,3705250,-62.89,100,0,0.0500
19845,3705476,606.57,226,1,0.0500
19846,3705548,-64.29,72,0,0.0500
19847,3705689,-35.33,141,0,0.0500
19848,3705871,-20.41,182,0,0.0500
19849,3705964,-61.98,93,0,0.0500
19850,3706105,-36.48,141,0,0.0500
19851,3706271,-34.22,166,0,0.0500
19852,3706532,611.04,261,1,0.0500
19853,3706776,608.19,244,1,0.0500
19854,3707048,607.25,272,1,0.0500
19855,3707194,-34.01,146,0,0.0500
19856,3707271,-60.54,77,0,0.0500
19857,3707527,606.03,256,1,0.0500
19858,3707785,606.98,258,1,0.0500
19859,3707899,-61.34,114,0,0.0500
19860,3708157,606.34,258,1,0.0500
19861,3708445,609.29,288,1,0.0500
19862,3708526,-60.26,81,0,0.0500
19863,3708782,605.94,256,1,0.0500
19864,3708842,-80.34,60,0,0.0500
19865,3709020,-20.79,178,0,0.0500
19866,3709170,-32.79,150,0,0.0500
19867,3709240,-63.85,70,0,0.0500
19868,3709511,605.88,271,1,0.0500
19869,3709659,-33.18,148,0,0.0500
19870,3709805,-33.17,146,0,0.0500
19871,3709959,-33.37,154,0,0.0500
19872,3710204,606.38,245,1,0.0500
19873,3710447,605.77,243,1,0.0500
19874,3710679,605.87,232,1,0.0500
19875,3710927,605.99,248,1,0.0500
19876,3710967,-84.85,40,0,0.0500
19877,3711216,606.70,249,1,0.0500
19878,3711475,607.14,259,1,0.0500
19879,3711699,606.37,224,1,0.0500
19880,3711962,607.34,263,1,0.0500
19881,3712219,606.46,257,1,0.0500
19882,3712372,-33.58,153,0,0.0500
19883,3712451,-60.56,79,0,0.0500
19884,3712539,-60.94,88,0,0.0500
19885,3712625,-61.09,86,0,0.0500
19886,3712772,-33.09,147,0,0.0500
19887,3712995,605.76,223,1,0.0500
19888,3713237,606.84,242,1,0.0500
19889,3713350,-55.88,113,0,0.0500
19890,3713583,605.86,233,1,0.0500
19891,3713672,-60.60,89,0,0.0500
19892,3713937,607.92,265,1,0.0500
19893,3714192,606.26,255,1,0.0500
19894,3714282,-61.19,90,0,0.0500
19895,3714503,605.66,221,1,0.0500
19896,3714749,606.55,246,1,0.0500
19897,3714972,606.38,223,1,0.0500
19898,3714994,-92.21,22,0,0.0500
19899,3715254,607.06,260,1,0.0500
19900,3715497,605.85,243,1,0.0500
19901,3715756,607.58,259,1,0.0500
19902,3715836,-60.15,80,0,0.0500
19903,3715921,-61.04,85,0,0.0500
19904,3716104,-20.94,183,0,0.0500
19905,3716348,605.64,244,1,0.0500
19906,3716594,608.39,246,1,0.0500
19907,3716819,605.53,225,1,0.0500
19908,3717047,606.13,228,1,0.0500
19909,3717224,-20.58,177,0,0.0500
19910,3717265,-85.73,41,0,0.0500
19911,3717505,605.92,240,1,0.0500
19912,3717593,-60.85,88,0,0.0500
19913,3717682,-60.80,89,0,0.0500
19914,3717935,607.32,253,1,0.0500
19915,3718187,607.79,252,1,0.0500
19916,3718277,-61.09,90,0,0.0500
19917,3718532,606.34,255,1,0.0500
19918,3718788,607.02,256,1,0.0500
19919,3719029,605.46,241,1,0.0500
19920,3719178,-32.36,149,0,0.0500
19921,3719432,606.35,254,1,0.0500
19922,3719653,605.56,221,1,0.0500
19923,3719889,605.53,236,1,0.0500
19924,3720032,-33.90,143,0,0.0500
19925,3720276,605.78,244,1,0.0500
19926,3720525,607.06,249,1,0.0500
19927,3720769,606.06,244,1,0.0500
19928,3720821,-79.15,52,0,0.0500
19929,3720916,-60.81,95,0,0.0500
19930,3721162,607.11,246,1,0.0500
19931,3721187,-91.61,25,0,0.0500
19932,3721412,605.74,225,1,0.0500
19933,3721640,606.75,228,1,0.0500
19934,3721818,-20.77,178,0,0.0500
19935,3721898,-60.35,80,0,0.0500
19936,3722145,607.94,247,1,0.0500
19937,3722320,-20.78,175,0,0.0500
19938,3722394,-63.03,74,0,0.0500
19939,3722617,605.76,223,1,0.0500
19940,3722657,-84.85,40,0,0.0500
19941,3722734,-60.54,77,0,0.0500
19942,3722998,606.70,264,1,0.0500
19943,3723084,-58.21,86,0,0.0500
19944,3723329,606.66,245,1,0.0500
19945,3723577,608.37,248,1,0.0500
19946,3723656,-60.34,79,0,0.0500
19947,3723715,-79.48,59,0,0.0500
19948,3723867,-32.30,152,0,0.0500
19949,3724108,605.36,241,1,0.0500
19950,3724360,606.17,252,1,0.0500
19951,3724465,-61.98,105,0,0.0500
19952,3724558,-60.70,93,0,0.0500
19953,3724807,606.24,249,1,0.0500
19954,3725043,606.67,236,1,0.0500
19955,3725287,605.19,244,1,0.0500
19956,3725540,606.38,253,1,0.0500
19957,3725794,605.54,254,1,0.0500
19958,3726045,607.02,251,1,0.0500
19959,3726115,-64.25,70,0,0.0500
19960,3726372,607.72,257,1,0.0500
19961,3726461,-61.64,89,0,0.0500
19962,3726711,607.04,250,1,0.0500
19963,3726965,608.17,254,1,0.0500
19964,3727234,607.68,269,1,0.0500
19965,3727494,609.46,260,1,0.0500
19966,3727572,-60.35,78,0,0.0500
19967,3727747,-21.18,175,0,0.0500
19968,3727975,605.91,228,1,0.0500
19969,3728157,-22.10,182,0,0.0500
19970,3728298,-36.39,141,0,0.0500
19971,3728547,607.46,249,1,0.0500
19972,3728688,-35.42,141,0,0.0500
19973,3728942,607.42,254,1,0.0500
19974,3729174,606.08,232,1,0.0500
19975,3729428,605.97,254,1,0.0500
19976,3729469,-84.85,41,0,0.0500
19977,3729541,-63.65,72,0,0.0500
19978,3729779,605.93,238,1,0.0500
19979,3729801,-92.22,22,0,0.0500
19980,3730050,606.54,249,1,0.0500
19981,3730290,605.25,240,1,0.0500
19982,3730574,608.29,284,1,0.0500
19983,3730759,-22.01,185,0,0.0500
19984,3731017,606.66,258,1,0.0500
19985,3731286,609.58,269,1,0.0500
19986,3731309,-91.81,23,0,0.0500
19987,3731361,-78.52,52,0,0.0500
19988,3731614,607.34,253,1,0.0500
19989,3731863,605.78,249,1,0.0500
19990,3731960,-63.30,97,0,0.0500
19991,3732200,605.15,240,1,0.0500
19992,3732461,606.72,261,1,0.0500
19993,3732717,605.55,256,1,0.0500
19994,3732938,605.36,221,1,0.0500
19995,3733015,-60.76,77,0,0.0500
19996,3733271,610.67,256,1,0.0500
19997,3733493,605.97,222,1,0.0500
19998,3733634,-34.58,141,0,0.0500
19999,3733809,-21.27,175,0,0.0500
20000,3734055,606.24,246,1,0.0500
20001,3734280,606.78,225,1,0.0500
20002,3734432,-33.19,152,0,0.0500
20003,3734517,-61.68,85,0,0.0500
20004,3734538,-91.80,21,0,0.0500
20005,3734783,607.00,245,1,0.0500
20006,3735010,606.13,227,1,0.0500
20007,3735096,-62.75,86,0,0.0500
20008,3735354,607.91,258,1,0.0500
20009,3735495,-35.12,141,0,0.0500
20010,3735773,607.30,278,1,0.0500
20011,3735918,-33.16,145,0,0.0500
20012,3736177,607.78,259,1,0.0500
20013,3736425,606.97,248,1,0.0500
20014,3736666,606.81,241,1,0.0500
20015,3736913,605.39,247,1,0.0500
20016,3737002,-60.76,89,0,0.0500
20017,3737232,606.31,230,1,0.0500
20018,3737520,608.75,288,1,0.0500
20019,3737762,607.03,242,1,0.0500
20020,3737853,-61.19,91,0,0.0500
20021,3738083,606.31,230,1,0.0500
20022,3738323,605.25,240,1,0.0500
20023,3738572,605.92,249,1,0.0500
20024,3738808,607.93,236,1,0.0500
20025,3739051,606.18,243,1,0.0500
20026,3739304,606.50,253,1,0.0500
20027,3739481,-21.20,177,0,0.0500
20028,3739740,608.54,259,1,0.0500
20029,3740002,607.57,262,1,0.0500
20030,3740243,605.67,241,1,0.0500
20031,3740492,606.63,249,1,0.0500
20032,3740577,-61.04,85,0,0.0500
20033,3740851,607.45,274,1,0.0500
20034,3741026,-21.19,175,0,0.0500
20035,3741083,-79.46,57,0,0.0500
20036,3741321,606.23,238,1,0.0500
20037,3741578,608.24,257,1,0.0500
20038,3741663,-61.04,85,0,0.0500
20039,3741913,610.43,250,1,0.0500
20040,3742165,605.87,252,1,0.0500
20041,3742410,606.46,245,1,0.0500
20042,3742665,606.40,255,1,0.0500
20043,3742899,605.13,234,1,0.0500
20044,3743172,610.00,273,1,0.0500
20045,3743421,606.66,249,1,0.0500
20046,3743672,605.98,251,1,0.0500
20047,3743937,608.34,265,1,0.0500
20048,3744187,607.80,250,1,0.0500
20049,3744294,-61.55,107,0,0.0500
20050,3744479,-20.77,185,0,0.0500
20051,3744560,-60.15,81,0,0.0500
20052,3744582,-91.80,22,0,0.0500
20053,3744840,606.67,258,1,0.0500
20054,3745095,607.60,255,1,0.0500
20055,3745352,606.32,257,1,0.0500
20056,3745574,605.13,222,1,0.0500
20057,3745754,-21.02,180,0,0.0500
20058,3745931,-20.69,177,0,0.0500
20059,3746206,607.57,275,1,0.0500
20060,3746465,609.13,259,1,0.0500
20061,3746707,608.00,242,1,0.0500
20062,3746951,606.45,244,1,0.0500
20063,3747208,606.02,257,1,0.0500
20064,3747285,-60.74,77,0,0.0500
20065,3747438,-31.88,153,0,0.0500
20066,3747527,-61.64,89,0,0.0500
20067,3747781,607.45,254,1,0.0500
20068,3748039,607.71,258,1,0.0500
20069,3748279,604.97,240,1,0.0500
20070,3748526,606.96,247,1,0.0500
20071,3748667,-35.36,141,0,0.0500
20072,3748934,608.38,267,1,0.0500
20073,3749181,606.45,247,1,0.0500
20074,3749221,-84.85,40,0,0.0500
20075,3749479,607.18,258,1,0.0500
20076,3749519,-84.85,40,0,0.0500
20077,3749774,606.58,255,1,0.0500
20078,3750017,605.86,243,1,0.0500
20079,3750266,606.77,249,1,0.0500
20080,3750541,608.00,275,1,0.0500
20081,3750818,608.34,277,1,0.0500
20082,3751064,606.43,246,1,0.0500
20083,3751224,-34.49,160,0,0.0500
20084,3751489,608.34,265,1,0.0500
20085,3751562,-63.04,73,0,0.0500
20086,3751816,605.93,254,1,0.0500
20087,3752073,606.78,257,1,0.0500
20088,3752336,607.19,263,1,0.0500
20089,3752477,-36.48,141,0,0.0500
20090,3752709,606.71,232,1,0.0500
20091,3752950,605.25,241,1,0.0500
20092,3753049,-61.67,99,0,0.0500
20093,3753291,607.45,242,1,0.0500
20094,3753536,606.25,245,1,0.0500
20095,3753628,-54.92,92,0,0.0500
20096,3753886,606.43,258,1,0.0500
20097,3754032,-33.17,146,0,0.0500
20098,3754285,605.87,253,1,0.0500
20099,3754536,607.78,251,1,0.0500
20100,3754762,605.93,226,1,0.0500
20101,3754938,-20.79,176,0,0.0500
20102,3755178,605.47,240,1,0.0500
20103,3755258,-60.57,80,0,0.0500
20104,3755501,605.98,243,1,0.0500
20105,3755748,607.30,247,1,0.0500
20106,3756023,608.50,275,1,0.0500
20107,3756281,605.89,258,1,0.0500
20108,3756541,607.81,260,1,0.0500
20109,3756620,-60.56,79,0,0.0500
20110,3756864,609.11,244,1,0.0500
20111,3757012,-32.55,148,0,0.0500
20112,3757187,-21.19,175,0,0.0500
20113,3757460,607.42,273,1,0.0500
20114,3757689,606.32,229,1,0.0500
20115,3757937,606.78,248,1,0.0500
20116,3758006,-64.24,69,0,0.0500
20117,3758045,-84.24,39,0,0.0500
20118,3758221,-20.87,176,0,0.0500
20119,3758456,606.68,235,1,0.0500
20120,3758714,606.37,258,1,0.0500
20121,3758794,-60.15,80,0,0.0500
20122,3758879,-61.04,85,0,0.0500
20123,3759117,605.70,238,1,0.0500
20124,3759204,-60.11,87,0,0.0500
20125,3759463,606.02,259,1,0.0500
20126,3759698,607.10,235,1,0.0500
20127,3759778,-60.15,80,0,0.0500
20128,3760014,605.53,236,1,0.0500
20129,3760274,606.03,260,1,0.0500
20130,3760454,-20.19,180,0,0.0500
20131,3760711,606.68,257,1,0.0500
20132,3760951,606.63,240,1,0.0500
20133,3761198,606.00,247,1,0.0500
20134,3761454,606.03,256,1,0.0500
20135,3761559,-62.08,105,0,0.0500
20136,3761798,607.48,239,1,0.0500
20137,3762065,606.06,267,1,0.0500
20138,3762315,606.41,250,1,0.0500
20139,3762545,606.95,230,1,0.0500
20140,3762776,606.72,231,1,0.0500
20141,3763030,606.16,254,1,0.0500
20142,3763211,-21.46,181,0,0.0500
20143,3763464,607.74,253,1,0.0500
20144,3763689,605.94,225,1,0.0500
20145,3763771,-60.30,82,0,0.0500
20146,3764018,606.12,247,1,0.0500
20147,3764263,606.35,245,1,0.0500
20148,3764355,-60.05,92,0,0.0500
20149,3764576,605.56,221,1,0.0500
20150,3764835,607.28,259,1,0.0500
20151,3765071,605.41,236,1,0.0500
20152,3765267,-23.07,196,0,0.0500
20153,3765521,606.69,254,1,0.0500
20154,3765669,-32.69,148,0,0.0500
20155,3765711,-85.00,42,0,0.0500
20156,3765956,606.66,245,1,0.0500
20157,3766047,-61.58,91,0,0.0500
20158,3766126,-60.36,79,0,0.0500
20159,3766212,-61.25,86,0,0.0500
20160,3766470,608.54,258,1,0.0500
20161,3766554,-61.25,84,0,0.0500
20162,3766594,-85.25,40,0,0.0500
20163,3766852,608.25,258,1,0.0500
20164,3766935,-59.96,83,0,0.0500
20165,3767170,605.22,235,1,0.0500
20166,3767271,-61.85,101,0,0.0500
20167,3767449,-20.67,178,0,0.0500
20168,3767690,605.66,241,1,0.0500
20169,3767934,605.97,244,1,0.0500
20170,3768018,-62.73,84,0,0.0500
20171,3768219,-19.98,201,0,0.0500
20172,3768384,-33.05,165,0,0.0500
20173,3768525,-35.64,141,0,0.0500
20174,3768700,-20.86,175,0,0.0500
20175,3768757,-79.80,57,0,0.0500
20176,3768817,-79.49,60,0,0.0500
20177,3769067,606.48,250,1,0.0500
20178,3769083,-90.67,16,0,0.0500
20179,3769339,607.79,256,1,0.0500
20180,3769592,607.32,253,1,0.0500
20181,3769733,-35.64,141,0,0.0500
20182,3770010,608.22,277,1,0.0500
20183,3770247,605.52,237,1,0.0500
20184,3770494,605.19,247,1,0.0500
20185,3770745,604.93,251,1,0.0500
20186,3770988,605.54,243,1,0.0500
20187,3771078,-61.64,90,0,0.0500
20188,3771165,-60.89,87,0,0.0500
20189,3771248,-62.70,83,0,0.0500
20190,3771492,605.75,244,1,0.0500
20191,3771552,-79.91,60,0,0.0500
20192,3771703,-32.50,151,0,0.0500
20193,3771954,607.02,251,1,0.0500
20194,3772213,606.65,259,1,0.0500
20195,3772452,606.34,239,1,0.0500
20196,3772633,-21.68,181,0,0.0500
20197,3772860,607.82,227,1,0.0500
20198,3772901,-85.41,41,0,0.0500
20199,3773053,-33.79,152,0,0.0500
20200,3773280,607.40,227,1,0.0500
20201,3773519,605.24,239,1,0.0500
20202,3773670,-33.78,151,0,0.0500
20203,3773909,604.86,239,1,0.0500
20204,3774061,-33.89,152,0,0.0500
20205,3774290,606.05,229,1,0.0500
20206,3774396,-61.98,106,0,0.0500
20207,3774490,-59.44,94,0,0.0500
20208,3774733,606.04,243,1,0.0500
20209,3774805,-63.45,72,0,0.0500
20210,3775066,607.14,261,1,0.0500
20211,3775311,606.22,245,1,0.0500
20212,3775400,-61.60,89,0,0.0500
20213,3775674,607.21,274,1,0.0500
20214,3775851,-20.66,177,0,0.0500
20215,3776096,605.64,245,1,0.0500
20216,3776353,606.02,257,1,0.0500
20217,3776494,-34.37,141,0,0.0500
20218,3776720,606.35,226,1,0.0500
20219,3776980,605.68,260,1,0.0500
20220,3777134,-30.25,154,0,0.0500
20221,3777322,-21.64,188,0,0.0500
20222,3777463,-34.80,141,0,0.0500
20223,3777684,605.56,221,1,0.0500
20224,3777825,-34.38,141,0,0.0500
20225,3777973,-32.77,148,0,0.0500
20226,3778226,605.76,253,1,0.0500
20227,3778447,605.56,221,1,0.0500
20228,3778722,607.52,275,1,0.0500
20229,3778950,605.91,228,1,0.0500
20230,3779190,605.45,240,1,0.0500
20231,3779331,-35.22,141,0,0.0500
20232,3779587,606.81,256,1,0.0500
20233,3779843,606.25,256,1,0.0500
20234,3780023,-21.98,180,0,0.0500
20235,3780172,-32.69,149,0,0.0500
20236,3780429,607.81,257,1,0.0500
20237,3780604,-20.78,175,0,0.0500
20238,3780852,607.06,248,1,0.0500
20239,3781110,606.53,258,1,0.0500
20240,3781364,607.19,254,1,0.0500
20241,3781547,-21.88,183,0,0.0500
20242,3781702,-31.92,155,0,0.0500
20243,3781843,-36.17,141,0,0.0500
20244,3782080,606.76,237,1,0.0500
20245,3782194,-60.05,114,0,0.0500
20246,3782452,606.23,258,1,0.0500
20247,3782705,607.86,253,1,0.0500
20248,3782882,-20.60,177,0,0.0500
20249,3783107,606.02,225,1,0.0500
20250,3783369,606.53,262,1,0.0500
20251,3783611,607.45,242,1,0.0500
20252,3783860,607.06,249,1,0.0500
20253,3784042,-20.88,182,0,0.0500
20254,3784219,-21.31,177,0,0.0500
20255,3784460,605.38,241,1,0.0500
20256,3784543,-62.72,83,0,0.0500
20257,3784629,-59.79,86,0,0.0500
20258,3784875,606.02,246,1,0.0500
20259,3785049,-21.38,174,0,0.0500
20260,3785303,606.09,254,1,0.0500
20261,3785452,-32.36,149,0,0.0500
20262,3785713,607.26,261,1,0.0500
20263,3785935,605.97,222,1,0.0500
20264,3786039,-61.44,104,0,0.0500
20265,3786218,-20.38,179,0,0.0500
20266,3786296,-62.65,78,0,0.0500
20267,3786555,608.51,259,1,0.0500
20268,3786798,605.63,243,1,0.0500
20269,3787038,608.31,240,1,0.0500
20270,3787287,606.46,249,1,0.0500
20271,3787514,605.19,227,1,0.0500
20272,3787734,605.03,220,1,0.0500
20273,3787980,606.46,246,1,0.0500
20274,3788065,-61.39,85,0,0.0500
20275,3788284,605.16,219,1,0.0500
20276,3788369,-61.40,85,0,0.0500
20277,3788446,-60.54,77,0,0.0500
20278,3788703,607.30,257,1,0.0500
20279,3788942,605.90,239,1,0.0500
20280,3789170,606.55,228,1,0.0500
20281,3789272,-60.91,102,0,0.0500
20282,3789450,-20.47,178,0,0.0500
20283,3789529,-60.56,79,0,0.0500
20284,3789569,-85.78,40,0,0.0500
20285,3789677,-61.66,108,0,0.0500
20286,3789853,-20.79,176,0,0.0500
20287,3790050,-22.68,197,0,0.0500
20288,3790298,606.26,248,1,0.0500
20289,3790383,-60.97,85,0,0.0500
20290,3790563,-20.55,180,0,0.0500
20291,3790651,-61.17,88,0,0.0500
20292,3790691,-85.05,40,0,0.0500
20293,3790831,-35.53,140,0,0.0500
20294,3790979,-32.87,148,0,0.0500
20295,3791031,-78.93,52,0,0.0500
20296,3791109,-60.55,78,0,0.0500
20297,3791352,606.06,243,1,0.0500
20298,3791584,605.67,232,1,0.0500
20299,3791725,-34.38,141,0,0.0500
20300,3791967,607.87,242,1,0.0500
20301,3792112,-33.36,145,0,0.0500
20302,3792368,607.31,256,1,0.0500
20303,3792617,605.42,249,1,0.0500
20304,3792667,-78.49,50,0,0.0500
20305,3792910,606.06,243,1,0.0500
20306,3793090,-20.92,180,0,0.0500
20307,3793329,605.72,239,1,0.0500
20308,3793475,-33.28,146,0,0.0500
20309,3793528,-79.47,53,0,0.0500
20310,3793757,605.90,229,1,0.0500
20311,3793999,605.75,242,1,0.0500
20312,3794245,605.91,246,1,0.0500
20313,3794266,-91.80,21,0,0.0500
20314,3794508,605.55,242,1,0.0500
20315,3794772,606.70,264,1,0.0500
20316,3795019,606.74,247,1,0.0500
20317,3795106,-61.38,87,0,0.0500
20318,3795306,-22.09,200,0,0.0500
20319,3795458,-31.89,152,0,0.0500
20320,3795703,606.56,245,1,0.0500
20321,3795953,606.39,250,1,0.0500
20322,3796007,-79.17,54,0,0.0500
20323,3796255,606.65,248,1,0.0500
20324,3796296,-85.05,41,0,0.0500
20325,3796547,606.52,251,1,0.0500
20326,3796636,-60.34,89,0,0.0500
20327,3796867,605.88,231,1,0.0500
20328,3797045,-21.21,178,0,0.0500
20329,3797294,605.59,249,1,0.0500
20330,3797542,607.03,248,1,0.0500
20331,3797790,606.05,248,1,0.0500
20332,3797938,-32.88,148,0,0.0500
20333,3798193,605.92,255,1,0.0500
20334,3798426,609.02,233,1,0.0500
20335,3798675,609.08,249,1,0.0500
20336,3798788,-60.50,113,0,0.0500
20337,3799031,607.02,243,1,0.0500
20338,3799272,606.83,241,1,0.0500
20339,3799417,-33.27,145,0,0.0500
20340,3799654,607.92,237,1,0.0500
20341,3799731,-60.74,77,0,0.0500
20342,3800010,609.18,279,1,0.0500
20343,3800248,608.75,238,1,0.0500
20344,3800475,605.81,227,1,0.0500
20345,3800705,606.53,230,1,0.0500
20346,3800956,605.57,251,1,0.0500
20347,3801104,-32.88,148,0,0.0500
20348,3801207,-61.76,103,0,0.0500
20349,3801223,-90.67,16,0,0.0500
20350,3801402,-21.01,179,0,0.0500
20351,3801481,-60.55,79,0,0.0500
20352,3801537,-79.88,56,0,0.0500
20353,3801808,606.60,271,1,0.0500
20354,3801860,-79.35,52,0,0.0500
20355,3802001,-35.55,141,0,0.0500
20356,3802252,607.31,251,1,0.0500
20357,3802505,606.18,253,1,0.0500
20358,3802755,606.00,250,1,0.0500
20359,3803019,608.47,264,1,0.0500
20360,3803243,605.83,224,1,0.0500
20361,3803491,607.05,248,1,0.0500
20362,3803632,-35.64,141,0,0.0500
20363,3803889,606.56,257,1,0.0500
20364,3804034,-33.49,145,0,0.0500
20365,3804281,606.22,247,1,0.0500
20366,3804429,-32.47,148,0,0.0500
20367,3804667,604.77,238,1,0.0500
20368,3804745,-60.35,78,0,0.0500
20369,3804891,-33.17,146,0,0.0500
20370,3805052,-32.26,161,0,0.0500
20371,3805193,-36.48,141,0,0.0500
20372,3805334,-36.48,141,0,0.0500
20373,3805579,605.99,245,1,0.0500
20374,3805602,-91.81,23,0,0.0500
20375,3805878,609.61,276,1,0.0500
20376,3806121,606.18,243,1,0.0500
20377,3806365,605.85,244,1,0.0500
20378,3806601,605.63,236,1,0.0500
20379,3806752,-33.78,151,0,0.0500
20380,3806989,606.66,237,1,0.0500
20381,3807052,-79.74,63,0,0.0500
20382,3807307,605.74,255,1,0.0500
20383,3807549,606.74,242,1,0.0500
20384,3807770,605.56,221,1,0.0500
20385,3808023,607.23,253,1,0.0500
20386,3808275,607.45,252,1,0.0500
20387,3808509,605.85,234,1,0.0500
20388,3808757,605.79,248,1,0.0500
20389,3809014,607.21,257,1,0.0500
20390,3809259,605.84,245,1,0.0500
20391,3809312,-78.74,53,0,0.0500
20392,3809571,606.95,259,1,0.0500
20393,3809661,-61.29,90,0,0.0500
20394,3809812,-34.38,151,0,0.0500
20395,3810050,605.51,238,1,0.0500
20396,3810092,-84.65,42,0,0.0500
20397,3810348,606.81,256,1,0.0500
20398,3810523,-21.19,175,0,0.0500
20399,3810775,606.25,252,1,0.0500
20400,3811029,607.67,254,1,0.0500
20401,3811114,-59.46,85,0,0.0500
20402,3811257,-35.05,143,0,0.0500
20403,3811523,609.10,266,1,0.0500
20404,3811673,-32.69,150,0,0.0500
20405,3811764,-60.19,91,0,0.0500
20406,3812001,606.04,237,1,0.0500
20407,3812254,607.44,253,1,0.0500
20408,3812474,605.25,220,1,0.0500
20409,3812719,607.12,245,1,0.0500
20410,3812976,609.11,257,1,0.0500
20411,3813123,-32.48,147,0,0.0500
20412,3813364,606.32,241,1,0.0500
20413,3813610,606.25,246,1,0.0500
20414,3813700,-63.32,90,0,0.0500
20415,3813861,-33.01,161,0,0.0500
20416,3814010,-32.89,149,0,0.0500
20417,3814260,607.35,250,1,0.0500
20418,3814517,606.04,257,1,0.0500
20419,3814763,606.25,246,1,0.0500
20420,3815015,607.45,252,1,0.0500
20421,3815275,606.22,260,1,0.0500
20422,3815522,606.86,247,1,0.0500
20423,3815760,607.08,238,1,0.0500
20424,3816004,605.54,244,1,0.0500
20425,3816225,605.46,221,1,0.0500
20426,3816315,-60.78,90,0,0.0500
20427,3816364,-78.59,49,0,0.0500
20428,3816471,-61.80,107,0,0.0500
20429,3816730,606.76,259,1,0.0500
20430,3816986,608.56,256,1,0.0500
20431,3817233,608.03,247,1,0.0500
20432,3817493,607.67,260,1,0.0500
20433,3817734,605.79,241,1,0.0500
20434,3817834,-55.33,100,0,0.0500
20435,3818092,606.22,258,1,0.0500
20436,3818343,607.48,251,1,0.0500
20437,3818383,-84.85,40,0,0.0500
20438,3818626,605.96,243,1,0.0500
20439,3818778,-31.89,152,0,0.0500
20440,3818921,-35.98,143,0,0.0500
20441,3819181,606.71,260,1,0.0500
20442,3819434,607.34,253,1,0.0500
20443,3819661,605.92,227,1,0.0500
20444,3819911,608.13,250,1,0.0500
20445,3820168,606.44,257,1,0.0500
20446,3820408,606.63,240,1,0.0500
20447,3820554,-33.37,146,0,0.0500
20448,3820783,606.95,229,1,0.0500
20449,3821034,607.07,251,1,0.0500
20450,3821094,-79.23,60,0,0.0500
20451,3821337,606.18,243,1,0.0500
20452,3821567,607.15,230,1,0.0500
20453,3821834,610.21,267,1,0.0500
20454,3822037,-20.42,203,0,0.0500
20455,3822212,-21.61,175,0,0.0500
20456,3822387,-21.38,175,0,0.0500
20457,3822649,606.42,262,1,0.0500
20458,3822911,607.15,262,1,0.0500
20459,3823149,605.91,238,1,0.0500
20460,3823395,606.58,246,1,0.0500
20461,3823643,606.86,248,1,0.0500
20462,3823890,606.86,247,1,0.0500
20463,3824155,608.04,265,1,0.0500
20464,3824388,606.70,233,1,0.0500
20465,3824411,-91.60,23,0,0.0500
20466,3824656,606.28,245,1,0.0500
20467,3824797,-35.55,141,0,0.0500
20468,3825035,605.73,238,1,0.0500
20469,3825128,-60.84,93,0,0.0500
20470,3825380,607.45,252,1,0.0500
20471,3825632,606.95,252,1,0.0500
20472,3825879,609.67,247,1,0.0500
20473,3825919,-84.85,40,0,0.0500
20474,3826064,-32.94,145,0,0.0500
20475,3826169,-61.56,105,0,0.0500
20476,3826419,607.03,250,1,0.0500
20477,3826654,607.52,235,1,0.0500
20478,3826913,606.86,259,1,0.0500
20479,3827161,606.44,248,1,0.0500
20480,3827402,605.76,241,1,0.0500
20481,3827691,608.43,289,1,0.0500
20482,3827777,-60.73,86,0,0.0500
20483,3827883,-60.45,106,0,0.0500
20484,3827964,-60.38,81,0,0.0500
20485,3828012,-78.79,48,0,0.0500
20486,3828054,-84.65,42,0,0.0500
20487,3828303,606.85,249,1,0.0500
20488,3828552,607.57,249,1,0.0500
20489,3828798,606.24,246,1,0.0500
20490,3828883,-61.14,85,0,0.0500
20491,3828935,-79.36,52,0,0.0500
20492,3829186,605.60,251,1,0.0500
20493,3829327,-35.22,141,0,0.0500
20494,3829382,-79.55,55,0,0.0500
20495,3829627,606.26,245,1,0.0500
20496,3829872,605.63,245,1,0.0500
20497,3830130,606.58,258,1,0.0500
20498,3830219,-60.56,89,0,0.0500
20499,3830367,-32.55,148,0,0.0500
20500,3830622,607.39,255,1,0.0500
20501,3830892,607.89,270,1,0.0500
20502,3831143,607.48,251,1,0.0500
20503,3831221,-60.35,78,0,0.0500
20504,3831480,607.38,259,1,0.0500
20505,3831719,606.11,239,1,0.0500
20506,3831974,606.25,255,1,0.0500
20507,3832120,-32.87,146,0,0.0500
20508,3832372,606.07,252,1,0.0500
20509,3832651,608.44,279,1,0.0500
20510,3832755,-61.51,104,0,0.0500
20511,3833005,607.65,250,1,0.0500
20512,3833155,-33.02,150,0,0.0500
20513,3833399,605.42,244,1,0.0500
20514,3833547,-32.97,148,0,0.0500
20515,3833805,607.29,258,1,0.0500
20516,3834040,606.05,235,1,0.0500
20517,3834289,608.14,249,1,0.0500
20518,3834388,-54.48,99,0,0.0500
20519,3834439,-78.08,51,0,0.0500
20520,3834674,604.92,235,1,0.0500
20521,3834815,-36.48,141,0,0.0500
20522,3834996,-21.48,181,0,0.0500
20523,3835175,-20.40,179,0,0.0500
20524,3835433,607.69,258,1,0.0500
20525,3835675,605.57,242,1,0.0500
20526,3835754,-60.34,79,0,0.0500
20527,3835920,-33.91,166,0,0.0500
20528,3836186,608.05,266,1,0.0500
20529,3836429,609.12,243,1,0.0500
20530,3836606,-20.46,177,0,0.0500
20531,3836766,-33.31,160,0,0.0500
20532,3837020,606.16,254,1,0.0500
20533,3837277,607.43,257,1,0.0500
20534,3837526,607.44,249,1,0.0500
20535,3837631,-61.26,105,0,0.0500
20536,3837816,-21.71,185,0,0.0500
20537,3838058,605.84,242,1,0.0500
20538,3838148,-61.19,90,0,0.0500
20539,3838206,-79.89,58,0,0.0500
20540,3838347,-34.38,141,0,0.0500
20541,3838597,607.91,250,1,0.0500
20542,3838825,605.91,228,1,0.0500
20543,3839076,607.67,251,1,0.0500
20544,3839316,606.42,240,1,0.0500
20545,3839543,605.92,227,1,0.0500
20546,3839807,608.17,264,1,0.0500
20547,3839916,-61.56,109,0,0.0500
20548,3840165,608.22,249,1,0.0500
20549,3840400,605.84,235,1,0.0500
20550,3840647,605.38,247,1,0.0500
20551,3840892,605.82,245,1,0.0500
20552,3841147,606.36,255,1,0.0500
20553,3841398,605.96,251,1,0.0500
20554,3841645,605.79,247,1,0.0500
20555,3841753,-61.00,108,0,0.0500
20556,3841903,-32.90,150,0,0.0500
20557,3842157,606.79,254,1,0.0500
20558,3842392,606.48,235,1,0.0500
20559,3842573,-20.00,181,0,0.0500
20560,3842828,605.74,255,1,0.0500
20561,3842979,-32.90,151,0,0.0500
20562,3843217,604.83,238,1,0.0500
20563,3843457,605.45,240,1,0.0500
20564,3843709,605.74,252,1,0.0500
20565,3843799,-60.45,90,0,0.0500
20566,3843981,-20.42,182,0,0.0500
20567,3844238,608.51,257,1,0.0500
20568,3844297,-79.29,59,0,0.0500
20569,3844386,-60.76,89,0,0.0500
20570,3844640,606.46,254,1,0.0500
20571,3844788,-33.20,148,0,0.0500
20572,3845042,607.52,254,1,0.0500
20573,3845216,-21.19,174,0,0.0500
20574,3845364,-32.27,148,0,0.0500
20575,3845545,-20.61,181,0,0.0500
20576,3845797,606.39,252,1,0.0500
20577,3846054,605.70,257,1,0.0500
20578,3846165,-60.65,111,0,0.0500
20579,3846398,605.44,233,1,0.0500
20580,3846651,608.28,253,1,0.0500
20581,3846792,-34.79,141,0,0.0500
20582,3846933,-34.70,141,0,0.0500
20583,3847015,-59.95,82,0,0.0500
20584,3847274,608.24,259,1,0.0500
20585,3847512,605.60,238,1,0.0500
20586,3847751,605.92,239,1,0.0500
20587,3847809,-79.89,58,0,0.0500
20588,3848056,605.97,247,1,0.0500
20589,3848323,608.05,267,1,0.0500
20590,3848474,-32.71,151,0,0.0500
20591,3848563,-60.98,89,0,0.0500
20592,3848719,-32.66,156,0,0.0500
20593,3848860,-34.38,141,0,0.0500
20594,3849106,605.51,246,1,0.0500
20595,3849355,606.21,249,1,0.0500
20596,3849610,609.12,255,1,0.0500
20597,3849751,-34.79,141,0,0.0500
20598,3849892,-34.38,141,0,0.0500
20599,3849984,-60.97,92,0,0.0500
20600,3850236,607.65,252,1,0.0500
20601,3850506,610.85,270,1,0.0500
20602,3850692,-20.56,186,0,0.0500
20603,3850835,-33.76,143,0,0.0500
20604,3851082,608.66,247,1,0.0500
20605,3851170,-60.99,88,0,0.0500
20606,3851409,605.78,239,1,0.0500
20607,3851585,-21.20,176,0,0.0500
20608,3851727,-34.73,142,0,0.0500
20609,3851985,608.34,258,1,0.0500
20610,3852232,605.84,247,1,0.0500
20611,3852351,-59.82,119,0,0.0500
20612,3852602,607.37,251,1,0.0500
20613,3852832,606.40,230,1,0.0500
20614,3852885,-79.75,53,0,0.0500
20615,3853125,606.63,240,1,0.0500
20616,3853382,606.46,257,1,0.0500
20617,3853632,605.88,250,1,0.0500
20618,3853876,606.06,244,1,0.0500
20619,3853981,-61.26,105,0,0.0500
20620,3854034,-79.16,53,0,0.0500
20621,3854275,605.25,241,1,0.0500
20622,3854532,607.20,257,1,0.0500
20623,3854673,-36.48,141,0,0.0500
20624,3854921,605.39,248,1,0.0500
20625,3855013,-61.43,92,0,0.0500
20626,3855242,605.70,229,1,0.0500
20627,3855420,-21.42,178,0,0.0500
20628,3855658,604.83,238,1,0.0500
20629,3855916,607.29,258,1,0.0500
20630,3856172,607.62,256,1,0.0500
20631,3856401,606.74,229,1,0.0500
20632,3856452,-78.50,51,0,0.0500
20633,3856593,-36.48,141,0,0.0500
20634,3856690,-61.52,97,0,0.0500
20635,3856831,-34.38,141,0,0.0500
20636,3856883,-79.15,52,0,0.0500
20637,3857127,605.13,244,1,0.0500
20638,3857396,607.88,269,1,0.0500
20639,3857548,-32.21,152,0,0.0500
20640,3857689,-34.58,141,0,0.0500
20641,3857924,607.32,235,1,0.0500
20642,3858155,605.46,231,1,0.0500
20643,3858261,-60.87,106,0,0.0500
20644,3858309,-78.79,48,0,0.0500
20645,3858552,606.06,243,1,0.0500
20646,3858806,607.96,254,1,0.0500
20647,3859026,605.15,220,1,0.0500
20648,3859271,605.66,245,1,0.0500
20649,3859360,-60.56,89,0,0.0500
20650,3859409,-78.70,49,0,0.0500
20651,3859672,607.88,263,1,0.0500
20652,3859909,605.94,237,1,0.0500
20653,3860014,-61.07,105,0,0.0500
20654,3860108,-60.80,94,0,0.0500
20655,3860186,-60.55,78,0,0.0500
20656,3860426,605.26,240,1,0.0500
20657,3860671,606.24,245,1,0.0500
20658,3860816,-33.36,145,0,0.0500
20659,3860864,-78.79,48,0,0.0500
20660,3860913,-78.70,49,0,0.0500
20661,3861065,-33.82,152,0,0.0500
20662,3861206,-35.22,141,0,0.0500
20663,3861460,607.53,254,1,0.0500
20664,3861705,607.00,245,1,0.0500
20665,3861977,607.46,272,1,0.0500
20666,3862230,607.54,253,1,0.0500
20667,3862482,606.09,252,1,0.0500
20668,3862533,-78.50,51,0,0.0500
20669,3862625,-61.51,92,0,0.0500
20670,3862713,-60.55,88,0,0.0500
20671,3862869,-33.27,156,0,0.0500
20672,3863018,-35.84,149,0,0.0500
20673,3863040,-91.81,22,0,0.0500
20674,3863181,-35.97,141,0,0.0500
20675,3863328,-32.68,147,0,0.0500
20676,3863469,-36.48,141,0,0.0500
20677,3863610,-34.99,141,0,0.0500
20678,3863759,-33.31,149,0,0.0500
20679,3863999,604.83,240,1,0.0500
20680,3864151,-32.30,152,0,0.0500
20681,3864295,-33.69,144,0,0.0500
20682,3864514,605.16,219,1,0.0500
20683,3864767,605.56,253,1,0.0500
20684,3865024,606.35,257,1,0.0500
20685,3865269,605.84,245,1,0.0500
20686,3865519,606.63,250,1,0.0500
20687,3865771,607.35,252,1,0.0500
20688,3866039,608.45,268,1,0.0500
20689,3866137,-61.99,98,0,0.0500
20690,3866285,-32.49,148,0,0.0500
20691,3866547,607.14,262,1,0.0500
20692,3866791,605.61,244,1,0.0500
20693,3867049,605.19,258,1,0.0500
20694,3867288,606.34,239,1,0.0500
20695,3867526,604.95,238,1,0.0500
20696,3867771,606.16,245,1,0.0500
20697,3867918,-33.29,147,0,0.0500
20698,3868160,605.25,242,1,0.0500
20699,3868390,609.67,230,1,0.0500
20700,3868640,605.97,250,1,0.0500
20701,3868688,-78.79,48,0,0.0500
20702,3868943,606.70,255,1,0.0500
20703,3869194,607.58,251,1,0.0500
20704,3869245,-79.14,51,0,0.0500
20705,3869293,-78.79,48,0,0.0500
20706,3869539,606.45,246,1,0.0500
20707,3869777,605.63,238,1,0.0500
20708,3870029,607.95,252,1,0.0500
20709,3870270,606.20,241,1,0.0500
20710,3870504,605.85,234,1,0.0500
20711,3870750,606.10,246,1,0.0500
20712,3870994,606.25,244,1,0.0500
20713,3871140,-34.01,146,0,0.0500
20714,3871224,-59.70,84,0,0.0500
20715,3871465,604.92,241,1,0.0500
20716,3871703,608.33,238,1,0.0500
20717,3871963,605.99,260,1,0.0500
20718,3872234,607.44,271,1,0.0500
20719,3872282,-78.79,48,0,0.0500
20720,3872424,-33.69,142,0,0.0500
20721,3872475,-79.14,51,0,0.0500
20722,3872723,607.37,248,1,0.0500
20723,3872972,605.37,249,1,0.0500
20724,3873061,-61.40,89,0,0.0500
20725,3873304,605.85,243,1,0.0500
20726,3873558,608.26,254,1,0.0500
20727,3873815,606.12,257,1,0.0500
20728,3873920,-61.62,105,0,0.0500
20729,3874069,-33.53,149,0,0.0500
20730,3874315,606.35,246,1,0.0500
20731,3874559,605.54,244,1,0.0500
20732,3874817,607.20,258,1,0.0500
20733,3875073,606.91,256,1,0.0500
20734,3875312,606.34,239,1,0.0500
20735,3875542,606.53,230,1,0.0500
20736,3875566,-91.61,24,0,0.0500
20737,3875827,606.97,261,1,0.0500
20738,3876075,606.44,248,1,0.0500
20739,3876221,-32.75,146,0,0.0500
20740,3876272,-79.14,51,0,0.0500
20741,3876361,-61.45,89,0,0.0500
20742,3876612,606.92,251,1,0.0500
20743,3876856,605.64,244,1,0.0500
20744,3876904,-78.79,48,0,0.0500
20745,3877149,606.58,245,1,0.0500
20746,3877295,-32.87,146,0,0.0500
20747,3877439,-33.15,144,0,0.0500
20748,3877684,606.43,245,1,0.0500
20749,3877906,605.97,222,1,0.0500
20750,3877984,-60.35,78,0,0.0500
20751,3878132,-32.55,148,0,0.0500
20752,3878356,606.79,224,1,0.0500
20753,3878459,-61.34,103,0,0.0500
20754,3878683,606.37,224,1,0.0500
20755,3878936,608.16,253,1,0.0500
20756,3879111,-20.78,175,0,0.0500
20757,3879354,606.07,243,1,0.0500
20758,3879623,606.20,269,1,0.0500
20759,3879852,605.70,229,1,0.0500
20760,3879953,-62.15,101,0,0.0500
20761,3880031,-60.55,78,0,0.0500
20762,3880172,-34.38,141,0,0.0500
20763,3880250,-60.35,78,0,0.0500
20764,3880504,605.95,254,1,0.0500
20765,3880593,-60.98,89,0,0.0500
20766,3880770,-20.66,177,0,0.0500
20767,3880819,-78.28,49,0,0.0500
20768,3881077,608.22,258,1,0.0500
20769,3881153,-60.75,76,0,0.0500
20770,3881377,606.37,224,1,0.0500
20771,3881635,609.61,258,1,0.0500
20772,3881874,605.93,239,1,0.0500
20773,3882132,605.17,258,1,0.0500
20774,3882375,606.58,243,1,0.0500
20775,3882516,-34.38,141,0,0.0500
20776,3882592,-60.69,76,0,0.0500
20777,3882840,606.54,248,1,0.0500
20778,3883084,605.73,244,1,0.0500
20779,3883310,606.57,226,1,0.0500
20780,3883559,605.27,249,1,0.0500
20781,3883647,-60.55,88,0,0.0500
20782,3883890,605.14,243,1,0.0500
20783,3884127,606.67,237,1,0.0500
20784,3884397,606.22,270,1,0.0500
20785,3884643,607.72,246,1,0.0500
20786,3884740,-62.01,97,0,0.0500
20787,3884988,606.54,248,1,0.0500
20788,3885243,607.44,255,1,0.0500
20789,3885496,608.28,253,1,0.0500
20790,3885647,-32.71,151,0,0.0500
20791,3885893,606.46,246,1,0.0500
20792,3886150,606.37,257,1,0.0500
20793,3886198,-78.79,48,0,0.0500
20794,3886275,-60.96,77,0,0.0500
20795,3886524,606.63,249,1,0.0500
20796,3886769,605.96,245,1,0.0500
20797,3887020,607.46,251,1,0.0500
20798,3887280,607.15,260,1,0.0500
20799,3887454,-21.39,174,0,0.0500
20800,3887504,-79.97,50,0,0.0500
20801,3887592,-60.55,88,0,0.0500
20802,3887675,-60.12,83,0,0.0500
20803,3887821,-32.75,146,0,0.0500
20804,3888081,606.83,260,1,0.0500
20805,3888351,606.87,270,1,0.0500
20806,3888462,-60.38,111,0,0.0500
20807,3888568,-60.93,106,0,0.0500
20808,3888824,606.96,256,1,0.0500
20809,3889070,606.67,246,1,0.0500
20810,3889321,606.44,251,1,0.0500
20811,3889494,-21.17,173,0,0.0500
20812,3889740,606.04,246,1,0.0500
20813,3889915,-20.86,175,0,0.0500
20814,3890158,605.26,243,1,0.0500
20815,3890218,-79.49,60,0,0.0500
20816,3890451,606.70,233,1,0.0500
20817,3890556,-61.18,105,0,0.0500
20818,3890793,604.98,237,1,0.0500
20819,3891012,605.16,219,1,0.0500
20820,3891038,-91.21,26,0,0.0500
20821,3891298,610.21,260,1,0.0500
20822,3891555,607.08,257,1,0.0500
20823,3891661,-61.23,106,0,0.0500
20824,3891907,606.66,246,1,0.0500
20825,3892173,610.15,266,1,0.0500
20826,3892417,606.15,244,1,0.0500
20827,3892655,606.03,238,1,0.0500
20828,3892892,607.08,237,1,0.0500
20829,3892979,-59.31,87,0,0.0500
20830,3893218,605.03,239,1,0.0500
20831,3893277,-79.49,59,0,0.0500
20832,3893522,608.14,245,1,0.0500
20833,3893784,606.59,262,1,0.0500
20834,3893932,-33.10,148,0,0.0500
20835,3894022,-61.31,90,0,0.0500
20836,3894274,605.34,252,1,0.0500
20837,3894544,606.83,270,1,0.0500
20838,3894649,-61.66,105,0,0.0500
20839,3894875,605.72,226,1,0.0500
20840,3895075,-21.95,200,0,0.0500
20841,3895312,608.35,237,1,0.0500
20842,3895566,606.59,254,1,0.0500
20843,3895821,606.48,255,1,0.0500
20844,3896068,606.54,247,1,0.0500
20845,3896217,-32.89,149,0,0.0500
20846,3896470,606.18,253,1,0.0500
20847,3896715,606.16,245,1,0.0500
20848,3896862,-32.88,147,0,0.0500
20849,3897105,605.96,243,1,0.0500
20850,3897346,605.44,241,1,0.0500
20851,3897386,-84.85,40,0,0.0500
20852,3897671,608.67,285,1,0.0500
20853,3897722,-79.98,51,0,0.0500
20854,3897811,-60.97,89,0,0.0500
20855,3898060,605.78,249,1,0.0500
20856,3898299,608.32,239,1,0.0500
20857,3898447,-32.49,148,0,0.0500
20858,3898688,605.16,241,1,0.0500
20859,3898829,-34.38,141,0,0.0500
20860,3899079,606.41,250,1,0.0500
20861,3899301,605.97,222,1,0.0500
20862,3899542,605.87,241,1,0.0500
20863,3899621,-60.34,79,0,0.0500
20864,3899672,-77.25,51,0,0.0500
20865,3899902,606.73,230,1,0.0500
20866,3900053,-32.62,151,0,0.0500
20867,3900271,606.65,218,1,0.0500
20868,3900360,-60.98,89,0,0.0500
20869,3900607,606.96,247,1,0.0500
20870,3900855,606.64,248,1,0.0500
20871,3901011,-33.28,156,0,0.0500
20872,3901264,605.65,253,1,0.0500
20873,3901368,-60.65,104,0,0.0500
20874,3901609,604.94,241,1,0.0500
20875,3901884,607.52,275,1,0.0500
20876,3902132,606.03,248,1,0.0500
20877,3902376,605.43,244,1,0.0500
20878,3902456,-60.35,80,0,0.0500
20879,3902704,606.35,248,1,0.0500
20880,3902953,607.36,249,1,0.0500
20881,3903184,605.68,231,1,0.0500
20882,3903442,605.89,258,1,0.0500
20883,3903676,606.49,234,1,0.0500
20884,3903853,-20.66,177,0,0.0500
20885,3903922,-63.82,69,0,0.0500
20886,3904099,-20.98,177,0,0.0500
20887,3904330,606.72,231,1,0.0500
20888,3904565,605.63,235,1,0.0500
20889,3904708,-33.76,143,0,0.0500
20890,3904859,-33.56,151,0,0.0500
20891,3905100,605.58,241,1,0.0500
20892,3905344,606.18,244,1,0.0500
20893,3905365,-91.80,21,0,0.0500
20894,3905618,608.06,253,1,0.0500
20895,3905757,-36.16,139,0,0.0500
20896,3905809,-77.26,52,0,0.0500
20897,3905861,-79.14,52,0,0.0500
20898,3906118,607.32,257,1,0.0500
20899,3906376,607.48,258,1,0.0500
20900,3906615,605.92,239,1,0.0500
20901,3906762,-32.48,147,0,0.0500
20902,3906993,607.04,231,1,0.0500
20903,3907248,606.78,255,1,0.0500
20904,3907396,-32.87,148,0,0.0500
20905,3907633,606.66,237,1,0.0500
20906,3907880,608.55,247,1,0.0500
20907,3908119,605.72,239,1,0.0500
20908,3908381,606.19,262,1,0.0500
20909,3908630,607.05,249,1,0.0500
20910,3908882,605.98,252,1,0.0500
20911,3909128,605.93,246,1,0.0500
20912,3909210,-59.95,82,0,0.0500
20913,3909260,-78.29,50,0,0.0500
20914,3909508,606.64,248,1,0.0500
20915,3909612,-61.55,104,0,0.0500
20916,3909852,605.45,240,1,0.0500
20917,3909942,-61.61,90,0,0.0500
20918,3910200,606.73,258,1,0.0500
20919,3910305,-61.46,105,0,0.0500
20920,3910583,608.13,278,1,0.0500
20921,3910838,606.48,255,1,0.0500
20922,3910988,-32.38,150,0,0.0500
20923,3911239,606.92,251,1,0.0500
20924,3911339,-62.14,100,0,0.0500
20925,3911562,605.76,223,1,0.0500
20926,3911703,-34.38,141,0,0.0500
20927,3911881,-21.21,178,0,0.0500
20928,3912101,605.37,220,1,0.0500
20929,3912358,607.18,257,1,0.0500
20930,3912587,606.74,229,1,0.0500
20931,3912848,606.83,261,1,0.0500
20932,3913090,605.75,242,1,0.0500
20933,3913203,-60.96,113,0,0.0500
20934,3913450,606.02,247,1,0.0500
20935,3913692,605.68,242,1,0.0500
20936,3913949,607.20,257,1,0.0500
20937,3914226,607.72,277,1,0.0500
20938,3914405,-20.48,179,0,0.0500
20939,3914515,-61.21,110,0,0.0500
20940,3914754,607.56,239,1,0.0500
20941,3914903,-33.31,149,0,0.0500
20942,3915169,606.77,266,1,0.0500
20943,3915415,606.25,246,1,0.0500
20944,3915506,-61.42,91,0,0.0500
20945,3915547,-85.05,41,0,0.0500
20946,3915636,-60.14,89,0,0.0500
20947,3915890,607.87,254,1,0.0500
20948,3916133,605.86,243,1,0.0500
20949,3916329,-21.19,196,0,0.0500
20950,3916504,-21.39,175,0,0.0500
20951,3916734,606.52,230,1,0.0500
20952,3916997,606.80,263,1,0.0500
20953,3917235,604.89,238,1,0.0500
20954,3917504,606.59,269,1,0.0500
20955,3917681,-21.31,177,0,0.0500
20956,3917859,-21.14,178,0,0.0500
20957,3918000,-36.48,141,0,0.0500
20958,3918157,-33.60,157,0,0.0500
20959,3918307,-32.09,150,0,0.0500
20960,3918481,-21.19,174,0,0.0500
20961,3918717,605.83,236,1,0.0500
20962,3918754,-83.80,37,0,0.0500
20963,3918895,-36.48,141,0,0.0500
20964,3918967,-63.65,72,0,0.0500
20965,3919111,-33.69,144,0,0.0500
20966,3919364,607.86,253,1,0.0500
20967,3919417,-79.92,53,0,0.0500
20968,3919654,606.04,237,1,0.0500
20969,3919897,605.78,243,1,0.0500
20970,3920172,606.56,275,1,0.0500
20971,3920225,-79.96,53,0,0.0500
20972,3920310,-62.10,85,0,0.0500
20973,3920530,605.23,220,1,0.0500
20974,3920579,-78.28,49,0,0.0500
20975,3920802,605.12,223,1,0.0500
20976,3920951,-33.11,149,0,0.0500
20977,3921010,-80.32,59,0,0.0500
20978,3921273,608.59,263,1,0.0500
20979,3921505,607.55,232,1,0.0500
20980,3921755,606.64,250,1,0.0500
20981,3921777,-91.80,22,0,0.0500
20982,3921874,-62.43,97,0,0.0500
20983,3922131,606.56,257,1,0.0500
20984,3922363,605.25,232,1,0.0500
20985,3922542,-20.18,179,0,0.0500
20986,3922643,-62.07,101,0,0.0500
20987,3922895,607.03,252,1,0.0500
20988,3922943,-78.99,48,0,0.0500
20989,3923174,607.98,231,1,0.0500
20990,3923225,-79.14,51,0,0.0500
20991,3923468,605.85,243,1,0.0500
20992,3923746,606.95,278,1,0.0500
20993,3923983,605.61,237,1,0.0500
20994,3924124,-34.38,141,0,0.0500
20995,3924204,-60.15,80,0,0.0500
20996,3924281,-60.76,77,0,0.0500
20997,3924430,-32.90,149,0,0.0500
20998,3924671,605.64,241,1,0.0500
20999,3924917,606.99,246,1,0.0500
21000,3925057,-36.17,140,0,0.0500
21001,3925294,605.62,237,1,0.0500
21002,3925444,-33.12,150,0,0.0500
21003,3925533,-60.34,89,0,0.0500
21004,3925787,606.16,254,1,0.0500
21005,3926029,606.05,242,1,0.0500
21006,3926285,606.57,256,1,0.0500
21007,3926369,-61.25,84,0,0.0500
21008,3926506,-35.92,137,0,0.0500
21009,3926595,-63.83,89,0,0.0500
21010,3926737,-34.93,142,0,0.0500
21011,3926825,-61.39,88,0,0.0500
21012,3926846,-92.00,21,0,0.0500
21013,3927098,606.83,252,1,0.0500
21014,3927273,-21.06,175,0,0.0500
21015,3927516,605.54,243,1,0.0500
21016,3927736,604.95,220,1,0.0500
21017,3927789,-79.72,53,0,0.0500
21018,3928039,607.35,250,1,0.0500
21019,3928294,606.04,255,1,0.0500
21020,3928554,606.51,260,1,0.0500
21021,3928633,-60.36,79,0,0.0500
21022,3928873,605.26,240,1,0.0500
21023,3929058,-21.30,185,0,0.0500
21024,3929315,608.44,257,1,0.0500
21025,3929371,-79.36,56,0,0.0500
21026,3929610,605.05,239,1,0.0500
21027,3929866,606.69,256,1,0.0500
21028,3930101,605.63,235,1,0.0500
21029,3930180,-60.34,79,0,0.0500
21030,3930238,-79.17,58,0,0.0500
21031,3930385,-33.51,147,0,0.0500
21032,3930631,606.55,246,1,0.0500
21033,3930888,605.72,257,1,0.0500
21034,3930989,-61.44,101,0,0.0500
21035,3931070,-60.16,81,0,0.0500
21036,3931324,606.05,254,1,0.0500
21037,3931556,607.65,232,1,0.0500
21038,3931645,-61.84,89,0,0.0500
21039,3931807,-32.70,162,0,0.0500
21040,3931948,-35.42,141,0,0.0500
21041,3932194,606.03,246,1,0.0500
21042,3932449,608.14,255,1,0.0500
21043,3932500,-77.46,51,0,0.0500
21044,3932589,-60.14,89,0,0.0500
21045,3932638,-79.96,49,0,0.0500
21046,3932869,607.14,231,1,0.0500
21047,3932961,-59.89,92,0,0.0500
21048,3933212,607.28,251,1,0.0500
21049,3933476,609.25,264,1,0.0500
21050,3933554,-60.35,78,0,0.0500
21051,3933800,609.08,246,1,0.0500
21052,3933880,-60.15,80,0,0.0500
21053,3933933,-79.72,53,0,0.0500
21054,3934025,-60.79,92,0,0.0500
21055,3934268,605.98,243,1,0.0500
21056,3934524,605.62,256,1,0.0500
21057,3934626,-61.55,102,0,0.0500
21058,3934715,-61.40,89,0,0.0500
21059,3934962,606.00,247,1,0.0500
21060,3935214,607.46,252,1,0.0500
21061,3935462,606.65,248,1,0.0500
21062,3935603,-34.85,141,0,0.0500
21063,3935857,606.27,254,1,0.0500
21064,3935934,-60.74,77,0,0.0500
21065,3936182,607.06,248,1,0.0500
21066,3936424,605.24,242,1,0.0500
21067,3936502,-60.35,78,0,0.0500
21068,3936753,604.93,251,1,0.0500
21069,3936839,-60.41,86,0,0.0500
21070,3936988,-32.70,149,0,0.0500
21071,3937240,605.65,252,1,0.0500
21072,3937487,606.17,247,1,0.0500
21073,3937742,607.18,255,1,0.0500
21074,3937890,-32.68,148,0,0.0500
21075,3937927,-84.22,37,0,0.0500
21076,3938188,607.15,261,1,0.0500
21077,3938442,605.67,254,1,0.0500
21078,3938595,-33.78,153,0,0.0500
21079,3938823,606.12,228,1,0.0500
21080,3938964,-34.58,141,0,0.0500
21081,3939113,-33.20,149,0,0.0500
21082,3939362,606.85,249,1,0.0500
21083,3939607,606.08,245,1,0.0500
21084,3939657,-77.87,50,0,0.0500
21085,3939712,-79.55,55,0,0.0500
21086,3939949,605.52,237,1,0.0500
21087,3940201,607.14,252,1,0.0500
21088,3940443,605.66,242,1,0.0500
21089,3940665,605.55,222,1,0.0500
21090,3940892,605.93,227,1,0.0500
21091,3941139,606.57,247,1,0.0500
21092,3941190,-79.14,51,0,0.0500
21093,3941296,-62.28,106,0,0.0500
21094,3941530,606.97,234,1,0.0500
21095,3941580,-77.87,50,0,0.0500
21096,3941756,-21.19,176,0,0.0500
21097,3941807,-79.14,51,0,0.0500
21098,3941906,-54.48,99,0,0.0500
21099,3941996,-61.29,90,0,0.0500
21100,3942226,607.99,230,1,0.0500
21101,3942456,606.73,230,1,0.0500
21102,3942477,-91.80,21,0,0.0500
21103,3942717,605.48,240,1,0.0500
21104,3942856,-35.61,139,0,0.0500
21105,3943008,-33.37,152,0,0.0500
21106,3943149,-34.60,141,0,0.0500
21107,3943334,-20.88,185,0,0.0500
21108,3943590,606.36,256,1,0.0500
21109,3943693,-62.20,103,0,0.0500
21110,3943839,-33.17,146,0,0.0500
21111,3943988,-32.78,149,0,0.0500
21112,3944208,605.23,220,1,0.0500
21113,3944296,-60.97,88,0,0.0500
21114,3944347,-79.56,51,0,0.0500
21115,3944526,-20.52,179,0,0.0500
21116,3944604,-60.35,78,0,0.0500
21117,3944692,-61.49,88,0,0.0500
21118,3944928,605.53,236,1,0.0500
21119,3945018,-61.41,90,0,0.0500
21120,3945199,-20.83,181,0,0.0500
21121,3945376,-20.58,177,0,0.0500
21122,3945451,-62.62,75,0,0.0500
21123,3945625,-21.27,174,0,0.0500
21124,3945805,-20.24,180,0,0.0500
21125,3945853,-78.79,48,0,0.0500
21126,3946029,-20.98,176,0,0.0500
21127,3946216,-20.37,187,0,0.0500
21128,3946472,606.37,256,1,0.0500
21129,3946705,605.78,233,1,0.0500
21130,3946804,-61.72,99,0,0.0500
21131,3946982,-20.79,178,0,0.0500
21132,3947004,-91.81,22,0,0.0500
21133,3947051,-79.00,47,0,0.0500
21134,3947301,607.46,250,1,0.0500
21135,3947556,605.67,255,1,0.0500
21136,3947814,606.94,258,1,0.0500
21137,3948070,608.47,256,1,0.0500
21138,3948343,607.35,273,1,0.0500
21139,3948593,608.09,250,1,0.0500
21140,3948733,-35.33,140,0,0.0500
21141,3948788,-79.56,55,0,0.0500
21142,3948964,-20.59,176,0,0.0500
21143,3949219,605.41,255,1,0.0500
21144,3949478,606.11,259,1,0.0500
21145,3949728,606.31,250,1,0.0500
21146,3949817,-61.49,89,0,0.0500
21147,3950068,607.44,251,1,0.0500
21148,3950307,606.74,239,1,0.0500
21149,3950555,605.93,248,1,0.0500
21150,3950832,608.13,277,1,0.0500
21151,3950920,-61.49,88,0,0.0500
21152,3951070,-32.70,150,0,0.0500
21153,3951302,606.93,232,1,0.0500
21154,3951378,-62.63,76,0,0.0500
21155,3951629,606.08,251,1,0.0500
21156,3951869,606.63,240,1,0.0500
21157,3952090,605.56,221,1,0.0500
21158,3952236,-32.95,146,0,0.0500
21159,3952489,607.46,253,1,0.0500
21160,3952741,606.10,252,1,0.0500
21161,3952951,-21.23,210,0,0.0500
21162,3953102,-32.61,151,0,0.0500
21163,3953153,-77.88,51,0,0.0500
21164,3953246,-54.71,93,0,0.0500
21165,3953499,606.06,253,1,0.0500
21166,3953649,-32.58,150,0,0.0500
21167,3953825,-20.86,176,0,0.0500
21168,3954076,605.99,251,1,0.0500
21169,3954251,-20.86,175,0,0.0500
21170,3954489,605.06,238,1,0.0500
21171,3954530,-85.05,41,0,0.0500
21172,3954770,605.45,240,1,0.0500
21173,3954915,-33.08,145,0,0.0500
21174,3955158,606.48,243,1,0.0500
21175,3955409,606.93,251,1,0.0500
21176,3955676,608.44,267,1,0.0500
21177,3955772,-61.54,96,0,0.0500
21178,3955851,-60.36,79,0,0.0500
21179,3956099,607.80,248,1,0.0500
21180,3956351,608.32,252,1,0.0500
21181,3956616,607.94,265,1,0.0500
21182,3956854,606.02,238,1,0.0500
21183,3956939,-62.72,85,0,0.0500
21184,3957199,607.27,260,1,0.0500
21185,3957462,608.78,263,1,0.0500
21186,3957609,-32.68,147,0,0.0500
21187,3957857,606.30,248,1,0.0500
21188,3957945,-61.49,88,0,0.0500
21189,3958192,607.58,247,1,0.0500
21190,3958289,-62.11,97,0,0.0500
21191,3958523,605.85,234,1,0.0500
21192,3958576,-79.72,53,0,0.0500
21193,3958627,-77.88,51,0,0.0500
21194,3958705,-60.35,78,0,0.0500
21195,3958953,605.79,248,1,0.0500
21196,3959101,-32.55,148,0,0.0500
21197,3959342,606.20,241,1,0.0500
21198,3959582,609.57,240,1,0.0500
21199,3959666,-60.97,84,0,0.0500
21200,3959899,606.28,233,1,0.0500
21201,3960139,606.10,240,1,0.0500
21202,3960160,-91.80,21,0,0.0500
21203,3960379,605.16,219,1,0.0500
21204,3960605,606.77,226,1,0.0500
21205,3960787,-21.67,182,0,0.0500
21206,3961042,607.84,255,1,0.0500
21207,3961294,605.77,252,1,0.0500
21208,3961530,605.83,236,1,0.0500
21209,3961768,609.17,238,1,0.0500
21210,3961916,-32.77,148,0,0.0500
21211,3961966,-79.13,50,0,0.0500
21212,3962045,-60.36,79,0,0.0500
21213,3962098,-79.55,53,0,0.0500
21214,3962342,605.64,244,1,0.0500
21215,3962581,606.64,239,1,0.0500
21216,3962727,-33.80,146,0,0.0500
21217,3962974,606.63,247,1,0.0500
21218,3963237,606.70,263,1,0.0500
21219,3963485,607.94,248,1,0.0500
21220,3963527,-85.01,42,0,0.0500
21221,3963605,-60.35,78,0,0.0500
21222,3963852,606.15,247,1,0.0500
21223,3963941,-60.34,89,0,0.0500
21224,3964164,605.33,223,1,0.0500
21225,3964242,-60.35,78,0,0.0500
21226,3964321,-60.36,79,0,0.0500
21227,3964398,-60.76,77,0,0.0500
21228,3964477,-60.36,79,0,0.0500
21229,3964718,605.66,241,1,0.0500
21230,3964865,-32.90,147,0,0.0500
21231,3965014,-32.69,149,0,0.0500
21232,3965271,606.33,257,1,0.0500
21233,3965515,605.95,244,1,0.0500
21234,3965601,-60.25,86,0,0.0500
21235,3965748,-32.76,147,0,0.0500
21236,3966023,610.04,275,1,0.0500
21237,3966105,-60.49,82,0,0.0500
21238,3966206,-61.65,101,0,0.0500
21239,3966284,-60.35,78,0,0.0500
21240,3966523,605.93,239,1,0.0500
21241,3966601,-60.35,78,0,0.0500
21242,3966842,605.64,241,1,0.0500
21243,3967081,605.46,239,1,0.0500
21244,3967231,-33.74,150,0,0.0500
21245,3967341,-59.53,110,0,0.0500
21246,3967586,606.98,245,1,0.0500
21247,3967690,-62.12,104,0,0.0500
21248,3967843,-33.74,153,0,0.0500
21249,3968019,-20.87,176,0,0.0500
21250,3968280,607.78,261,1,0.0500
21251,3968529,607.26,249,1,0.0500
21252,3968768,605.07,239,1,0.0500
21253,3969017,605.58,249,1,0.0500
21254,3969278,607.42,261,1,0.0500
21255,3969533,606.78,255,1,0.0500
21256,3969613,-60.15,80,0,0.0500
21257,3969666,-78.74,53,0,0.0500
21258,3969886,605.15,220,1,0.0500
21259,3970129,605.98,243,1,0.0500
21260,3970349,605.15,220,1,0.0500
21261,3970610,606.83,261,1,0.0500
21262,3970858,606.45,248,1,0.0500
21263,3971045,-20.94,187,0,0.0500
21264,3971193,-33.62,148,0,0.0500
21265,3971440,606.45,247,1,0.0500
21266,3971518,-60.35,78,0,0.0500
21267,3971769,605.47,251,1,0.0500
21268,3972010,605.46,241,1,0.0500
21269,3972032,-92.21,22,0,0.0500
21270,3972268,607.93,236,1,0.0500
21271,3972538,606.41,270,1,0.0500
21272,3972638,-62.21,100,0,0.0500
21273,3972660,-91.80,22,0,0.0500
21274,3972880,605.03,220,1,0.0500
21275,3973143,609.32,263,1,0.0500
21276,3973166,-91.60,23,0,0.0500
21277,3973315,-33.11,149,0,0.0500
21278,3973419,-60.94,104,0,0.0500
21279,3973503,-60.83,84,0,0.0500
21280,3973746,605.62,243,1,0.0500
21281,3973824,-60.35,78,0,0.0500
21282,3974062,604.77,238,1,0.0500
21283,3974101,-83.82,39,0,0.0500
21284,3974340,606.34,239,1,0.0500
21285,3974587,607.07,247,1,0.0500
21286,3974849,608.17,262,1,0.0500
21287,3975106,607.29,257,1,0.0500
21288,3975149,-84.46,43,0,0.0500
21289,3975297,-33.30,148,0,0.0500
21290,3975441,-33.35,144,0,0.0500
21291,3975700,609.35,259,1,0.0500
21292,3975947,605.02,247,1,0.0500
21293,3976214,607.92,267,1,0.0500
21294,3976470,607.61,256,1,0.0500
21295,3976711,606.54,241,1,0.0500
21296,3976974,607.34,263,1,0.0500
21297,3977055,-60.16,81,0,0.0500
21298,3977197,-33.89,142,0,0.0500
21299,3977372,-32.20,175,0,0.0500
21300,3977463,-62.38,91,0,0.0500
21301,3977686,605.12,223,1,0.0500
21302,3977932,606.49,246,1,0.0500
21303,3978189,607.62,257,1,0.0500
21304,3978268,-60.34,79,0,0.0500
21305,3978321,-79.72,53,0,0.0500
21306,3978557,607.09,236,1,0.0500
21307,3978609,-79.15,52,0,0.0500
21308,3978763,-32.77,154,0,0.0500
21309,3978997,605.85,234,1,0.0500
21310,3979044,-79.00,47,0,0.0500
21311,3979290,605.59,246,1,0.0500
21312,3979542,606.21,252,1,0.0500
21313,3979633,-61.10,91,0,0.0500
21314,3979722,-60.14,89,0,0.0500
21315,3979973,608.54,251,1,0.0500
21316,3980234,607.46,261,1,0.0500
21317,3980344,-56.27,110,0,0.0500
21318,3980497,-32.41,153,0,0.0500
21319,3980546,-77.86,49,0,0.0500
21320,3980595,-78.28,49,0,0.0500
21321,3980684,-60.14,89,0,0.0500
21322,3980862,-20.59,178,0,0.0500
21323,3981105,607.86,243,1,0.0500
21324,3981281,-20.99,176,0,0.0500
21325,3981422,-34.80,141,0,0.0500
21326,3981563,-34.38,141,0,0.0500
21327,3981661,-62.35,98,0,0.0500
21328,3981751,-60.05,90,0,0.0500
21329,3981904,-33.58,153,0,0.0500
21330,3981956,-77.46,52,0,0.0500
21331,3982189,605.86,233,1,0.0500
21332,3982330,-34.99,141,0,0.0500
21333,3982551,605.56,221,1,0.0500
21334,3982658,-60.86,107,0,0.0500
21335,3982835,-20.79,177,0,0.0500
21336,3983090,607.34,255,1,0.0500
21337,3983347,606.36,257,1,0.0500
21338,3983488,-35.22,141,0,0.0500
21339,3983638,-33.54,150,0,0.0500
21340,3983894,606.56,256,1,0.0500
21341,3984134,605.60,240,1,0.0500
21342,3984375,605.86,241,1,0.0500
21343,3984479,-60.94,104,0,0.0500
21344,3984740,608.22,261,1,0.0500
21345,3984979,605.06,239,1,0.0500
21346,3985233,607.23,254,1,0.0500
21347,3985480,606.42,247,1,0.0500
21348,3985728,606.06,248,1,0.0500
21349,3985806,-60.35,78,0,0.0500
21350,3986060,606.81,254,1,0.0500
21351,3986138,-60.35,78,0,0.0500
21352,3986391,606.27,253,1,0.0500
21353,3986686,609.64,295,1,0.0500
21354,3986795,-60.39,109,0,0.0500
21355,3987040,606.05,245,1,0.0500
21356,3987080,-84.85,40,0,0.0500
21357,3987226,-33.28,146,0,0.0500
21358,3987466,605.28,240,1,0.0500
21359,3987705,605.47,239,1,0.0500
21360,3987955,605.59,250,1,0.0500
21361,3988200,606.47,245,1,0.0500
21362,3988284,-61.45,84,0,0.0500
21363,3988532,606.13,248,1,0.0500
21364,3988610,-60.55,78,0,0.0500
21365,3988854,605.21,244,1,0.0500
21366,3989000,-33.17,146,0,0.0500
21367,3989256,609.39,256,1,0.0500
21368,3989516,607.35,260,1,0.0500
21369,3989770,605.24,254,1,0.0500
21370,3990007,608.76,237,1,0.0500
21371,3990094,-60.64,87,0,0.0500
21372,3990172,-60.35,78,0,0.0500
21373,3990350,-20.56,178,0,0.0500
21374,3990525,-21.40,175,0,0.0500
21375,3990609,-60.83,84,0,0.0500
21376,3990844,606.68,235,1,0.0500
21377,3990921,-60.76,77,0,0.0500
21378,3991197,607.62,276,1,0.0500
21379,3991259,-78.78,62,0,0.0500
21380,3991511,605.66,252,1,0.0500
21381,3991562,-79.14,51,0,0.0500
21382,3991795,606.70,233,1,0.0500
21383,3992064,606.74,269,1,0.0500
21384,3992221,-31.80,157,0,0.0500
21385,3992459,605.81,238,1,0.0500
21386,3992652,-21.78,193,0,0.0500
21387,3992744,-54.92,92,0,0.0500
21388,3992890,-32.95,146,0,0.0500
21389,3992967,-60.74,77,0,0.0500
21390,3993071,-61.21,104,0,0.0500
21391,3993325,606.61,254,1,0.0500
21392,3993582,606.86,257,1,0.0500
21393,3993826,605.85,244,1,0.0500
21394,3993904,-60.35,78,0,0.0500
21395,3994109,-20.02,205,0,0.0500
21396,3994207,-62.32,98,0,0.0500
21397,3994286,-60.50,79,0,0.0500
21398,3994435,-32.48,149,0,0.0500
21399,3994692,606.47,257,1,0.0500
21400,3994714,-91.80,22,0,0.0500
21401,3994966,607.47,252,1,0.0500
21402,3995050,-61.03,84,0,0.0500
21403,3995304,607.23,254,1,0.0500
21404,3995552,606.65,248,1,0.0500
21405,3995636,-61.45,84,0,0.0500
21406,3995891,606.99,255,1,0.0500
21407,3996143,605.24,252,1,0.0500
21408,3996384,606.74,241,1,0.0500
21409,3996482,-61.21,98,0,0.0500
21410,3996727,606.06,245,1,0.0500
21411,3996980,606.18,253,1,0.0500
21412,3997022,-84.65,42,0,0.0500
21413,3997169,-32.68,147,0,0.0500
21414,3997426,607.59,257,1,0.0500
21415,3997476,-79.55,50,0,0.0500
21416,3997721,606.47,245,1,0.0500
21417,3997744,-91.60,23,0,0.0500
21418,3997822,-60.35,78,0,0.0500
21419,3998064,605.95,242,1,0.0500
21420,3998145,-60.58,81,0,0.0500
21421,3998294,-33.73,149,0,0.0500
21422,3998367,-63.44,73,0,0.0500
21423,3998514,-33.30,147,0,0.0500
21424,3998600,-60.85,86,0,0.0500
21425,3998678,-60.55,78,0,0.0500
21426,3998919,605.27,241,1,0.0500
21427,3999165,606.46,246,1,0.0500
21428,3999314,-32.78,149,0,0.0500
21429,3999565,607.66,251,1,0.0500
21430,3999807,605.54,242,1,0.0500
21431,4000069,607.75,262,1,0.0500
21432,4000341,606.81,272,1,0.0500
21433,4000585,606.45,244,1,0.0500
21434,4000817,607.77,232,1,0.0500
21435,4000976,-31.43,159,0,0.0500
21436,4001154,-20.80,178,0,0.0500
21437,4001232,-60.35,78,0,0.0500
21438,4001310,-60.35,78,0,0.0500
21439,4001541,607.36,231,1,0.0500
21440,4001688,-32.96,147,0,0.0500
21441,4001951,607.12,263,1,0.0500
21442,4002126,-21.06,175,0,0.0500
21443,4002211,-60.84,85,0,0.0500
21444,4002445,608.37,234,1,0.0500
21445,4002524,-60.34,79,0,0.0500
21446,4002760,608.77,236,1,0.0500
21447,4002851,-61.14,91,0,0.0500
21448,4003033,-21.36,182,0,0.0500
21449,4003287,606.23,254,1,0.0500
21450,4003534,605.93,247,1,0.0500
21451,4003788,606.65,254,1,0.0500
21452,4003841,-78.74,53,0,0.0500
21453,4003917,-60.69,76,0,0.0500
21454,4004167,606.87,250,1,0.0500
21455,4004444,607.31,277,1,0.0500
21456,4004538,-61.29,94,0,0.0500
21457,4004802,606.89,264,1,0.0500
21458,4004956,-31.78,154,0,0.0500
21459,4005224,607.47,268,1,0.0500
21460,4005470,606.06,246,1,0.0500
21461,4005548,-60.35,78,0,0.0500
21462,4005785,606.24,237,1,0.0500
21463,4006036,607.22,251,1,0.0500
21464,4006141,-61.26,105,0,0.0500
21465,4006369,606.33,228,1,0.0500
21466,4006548,-20.59,179,0,0.0500
21467,4006794,605.85,246,1,0.0500
21468,4007032,605.73,238,1,0.0500
21469,4007110,-60.35,78,0,0.0500
21470,4007188,-60.35,78,0,0.0500
21471,4007449,607.78,261,1,0.0500
21472,4007668,605.26,219,1,0.0500
21473,4007772,-61.96,104,0,0.0500
21474,4008029,606.77,257,1,0.0500
21475,4008118,-61.18,89,0,0.0500
21476,4008209,-60.15,91,0,0.0500
21477,4008287,-60.35,78,0,0.0500
21478,4008336,-78.28,49,0,0.0500
21479,4008579,607.14,243,1,0.0500
21480,4008818,604.82,239,1,0.0500
21481,4008905,-60.64,87,0,0.0500
21482,4009164,607.98,259,1,0.0500
21483,4009418,607.87,254,1,0.0500
21484,4009644,606.35,226,1,0.0500
21485,4009897,606.17,253,1,0.0500
21486,4010038,-36.06,141,0,0.0500
21487,4010293,605.08,255,1,0.0500
21488,4010406,-55.88,113,0,0.0500
21489,4010558,-34.19,152,0,0.0500
21490,4010822,607.02,264,1,0.0500
21491,4010963,-35.64,141,0,0.0500
21492,4011220,606.04,257,1,0.0500
21493,4011297,-60.76,77,0,0.0500
21494,4011374,-60.76,77,0,0.0500
21495,4011552,-20.79,178,0,0.0500
21496,4011789,605.29,237,1,0.0500
21497,4011866,-60.76,77,0,0.0500
21498,4012115,606.44,249,1,0.0500
21499,4012292,-20.80,177,0,0.0500
21500,4012313,-91.80,21,0,0.0500
21501,4012572,607.26,259,1,0.0500
21502,4012820,606.44,248,1,0.0500
21503,4013068,606.98,248,1,0.0500
21504,4013291,605.20,223,1,0.0500
21505,4013440,-32.36,149,0,0.0500
21506,4013676,605.43,236,1,0.0500
21507,4013933,607.64,257,1,0.0500
21508,4014174,605.46,241,1,0.0500
21509,4014423,608.65,249,1,0.0500
21510,4014644,605.66,221,1,0.0500
21511,4014888,606.29,244,1,0.0500
21512,4015029,-36.06,141,0,0.0500
21513,4015174,-32.88,145,0,0.0500
21514,4015318,-33.35,144,0,0.0500
21515,4015426,-61.60,108,0,0.0500
21516,4015477,-79.14,51,0,0.0500
21517,4015719,605.63,242,1,0.0500
21518,4015865,-33.09,146,0,0.0500
21519,4016109,606.45,244,1,0.0500
21520,4016194,-61.04,85,0,0.0500
21521,4016450,607.95,256,1,0.0500
21522,4016693,606.72,243,1,0.0500
21523,4016770,-60.76,77,0,0.0500
21524,4016850,-60.15,80,0,0.0500
21525,4017110,607.38,260,1,0.0500
21526,4017355,605.52,245,1,0.0500
21527,4017616,607.29,261,1,0.0500
21528,4017857,605.34,241,1,0.0500
21529,4018105,607.06,248,1,0.0500
21530,4018347,605.63,242,1,0.0500
21531,4018597,607.31,250,1,0.0500
21532,4018844,606.13,247,1,0.0500
21533,4019092,605.37,248,1,0.0500
21534,4019349,606.67,257,1,0.0500
21535,4019578,605.70,229,1,0.0500
21536,4019656,-60.35,78,0,0.0500
21537,4019800,-33.35,144,0,0.0500
21538,4019879,-60.49,79,0,0.0500
21539,4019902,-91.81,23,0,0.0500
21540,4020150,607.06,248,1,0.0500
21541,4020396,606.47,246,1,0.0500
21542,4020445,-78.28,49,0,0.0500
21543,4020683,607.07,238,1,0.0500
21544,4020941,605.17,258,1,0.0500
21545,4021089,-32.70,148,0,0.0500
21546,4021326,607.08,237,1,0.0500
21547,4021467,-36.26,141,0,0.0500
21548,4021521,-79.53,54,0,0.0500
21549,4021599,-60.35,78,0,0.0500
21550,4021842,605.58,243,1,0.0500
21551,4022071,607.16,229,1,0.0500
21552,4022325,608.15,254,1,0.0500
21553,4022375,-77.87,50,0,0.0500
21554,4022610,605.84,235,1,0.0500
21555,4022651,-84.86,41,0,0.0500
21556,4022899,605.91,248,1,0.0500
21557,4023155,607.19,256,1,0.0500
21558,4023254,-61.52,99,0,0.0500
21559,4023395,-34.38,141,0,0.0500
21560,4023484,-60.56,89,0,0.0500
21561,4023709,605.52,225,1,0.0500
21562,4023959,605.90,250,1,0.0500
21563,4024216,606.44,257,1,0.0500
21564,4024325,-60.34,109,0,0.0500
21565,4024565,605.45,240,1,0.0500
21566,4024834,605.78,269,1,0.0500
21567,4025088,606.05,254,1,0.0500
21568,4025330,605.63,242,1,0.0500
21569,4025559,607.16,229,1,0.0500
21570,4025792,606.91,233,1,0.0500
21571,4026040,607.51,248,1,0.0500
21572,4026281,605.34,241,1,0.0500
21573,4026367,-61.04,86,0,0.0500
21574,4026622,607.42,255,1,0.0500
21575,4026869,606.65,247,1,0.0500
21576,4026946,-60.76,77,0,0.0500
21577,4027036,-61.97,90,0,0.0500
21578,4027299,608.15,263,1,0.0500
21579,4027404,-61.64,105,0,0.0500
21580,4027489,-61.04,85,0,0.0500
21581,4027573,-60.83,84,0,0.0500
21582,4027754,-20.61,181,0,0.0500
21583,4027980,605.30,226,1,0.0500
21584,4028033,-79.72,53,0,0.0500
21585,4028281,606.65,248,1,0.0500
21586,4028540,606.73,259,1,0.0500
21587,4028783,606.30,243,1,0.0500
21588,4028875,-60.09,92,0,0.0500
21589,4029124,606.85,249,1,0.0500
21590,4029388,607.21,264,1,0.0500
21591,4029632,605.85,244,1,0.0500
21592,4029711,-60.98,79,0,0.0500
21593,4029856,-33.49,145,0,0.0500
21594,4029940,-60.83,84,0,0.0500
21595,4030187,605.92,247,1,0.0500
21596,4030374,-21.73,187,0,0.0500
21597,4030526,-33.98,152,0,0.0500
21598,4030586,-79.40,60,0,0.0500
21599,4030666,-60.35,80,0,0.0500
21600,4030765,-61.65,99,0,0.0500
21601,4030851,-60.83,86,0,0.0500
21602,4030927,-60.75,76,0,0.0500
21603,4031179,607.25,252,1,0.0500
21604,4031423,605.73,244,1,0.0500
21605,4031517,-61.32,94,0,0.0500
21606,4031775,607.83,258,1,0.0500
21607,4032012,606.34,237,1,0.0500
21608,4032034,-91.80,22,0,0.0500
21609,4032113,-60.36,79,0,0.0500
21610,4032342,606.32,229,1,0.0500
21611,4032594,605.77,252,1,0.0500
21612,4032740,-32.87,146,0,0.0500
21613,4032881,-35.47,141,0,0.0500
21614,4033136,608.03,255,1,0.0500
21615,4033381,606.26,245,1,0.0500
21616,4033620,605.38,239,1,0.0500
21617,4033840,605.15,220,1,0.0500
21618,4034090,607.67,250,1,0.0500
21619,4034143,-79.72,53,0,0.0500
21620,4034230,-60.96,87,0,0.0500
21621,4034479,607.06,249,1,0.0500
21622,4034585,-62.24,106,0,0.0500
21623,4034829,605.64,244,1,0.0500
21624,4035064,605.13,235,1,0.0500
21625,4035316,606.64,252,1,0.0500
21626,4035564,605.17,248,1,0.0500
21627,4035824,607.14,260,1,0.0500
21628,4035972,-33.10,148,0,0.0500
21629,4036214,605.87,242,1,0.0500
21630,4036395,-20.82,181,0,0.0500
21631,4036544,-32.36,149,0,0.0500
21632,4036806,606.61,262,1,0.0500
21633,4037034,606.75,228,1,0.0500
21634,4037088,-76.65,54,0,0.0500
21635,4037336,606.65,248,1,0.0500
21636,4037387,-79.56,51,0,0.0500
21637,4037475,-61.49,88,0,0.0500
21638,4037723,606.05,248,1,0.0500
21639,4037864,-36.48,141,0,0.0500
21640,4038098,608.17,234,1,0.0500
21641,4038189,-60.85,91,0,0.0500
21642,4038432,605.65,243,1,0.0500
21643,4038574,-34.39,142,0,0.0500
21644,4038804,605.90,230,1,0.0500
21645,4038854,-77.87,50,0,0.0500
21646,4039036,-21.49,182,0,0.0500
21647,4039281,607.45,245,1,0.0500
21648,4039484,-22.52,203,0,0.0500
21649,4039574,-61.51,90,0,0.0500
21650,4039825,608.33,251,1,0.0500
21651,4040072,606.23,247,1,0.0500
21652,4040313,605.86,241,1,0.0500
21653,4040553,605.23,240,1,0.0500
21654,4040805,607.54,252,1,0.0500
21655,4040946,-36.06,141,0,0.0500
21656,4041223,608.28,277,1,0.0500
21657,4041491,607.05,268,1,0.0500
21658,4041738,606.78,247,1,0.0500
21659,4041826,-60.97,88,0,0.0500
21660,4041869,-84.04,43,0,0.0500
21661,4042096,605.30,227,1,0.0500
21662,4042348,606.94,252,1,0.0500
21663,4042589,605.86,241,1,0.0500
21664,4042730,-36.48,141,0,0.0500
21665,4042977,605.39,247,1,0.0500
21666,4043066,-61.40,89,0,0.0500
21667,4043321,606.16,255,1,0.0500
21668,4043504,-20.83,183,0,0.0500
21669,4043748,605.95,244,1,0.0500
21670,4043858,-56.27,110,0,0.0500
21671,4044113,606.37,255,1,0.0500
21672,4044335,605.77,222,1,0.0500
21673,4044578,606.06,243,1,0.0500
21674,4044816,605.81,238,1,0.0500
21675,4045057,605.36,241,1,0.0500
21676,4045112,-79.73,55,0,0.0500
21677,4045294,-20.21,182,0,0.0500
21678,4045543,609.36,249,1,0.0500
21679,4045628,-61.04,85,0,0.0500
21680,4045892,607.63,264,1,0.0500
21681,4046143,606.94,251,1,0.0500
21682,4046391,606.12,248,1,0.0500
21683,4046468,-60.96,77,0,0.0500
21684,4046716,605.79,248,1,0.0500
21685,4046983,607.39,267,1,0.0500
21686,4047233,607.36,250,1,0.0500
21687,4047491,606.45,258,1,0.0500
21688,4047712,605.28,221,1,0.0500
21689,4047959,606.59,247,1,0.0500
21690,4048202,605.71,243,1,0.0500
21691,4048461,606.65,259,1,0.0500
21692,4048483,-91.81,22,0,0.0500
21693,4048727,606.15,244,1,0.0500
21694,4048952,606.16,225,1,0.0500
21695,4049093,-34.38,141,0,0.0500
21696,4049206,-59.45,113,0,0.0500
21697,4049257,-79.14,51,0,0.0500
21698,4049398,-36.11,141,0,0.0500
21699,4049496,-61.93,98,0,0.0500
21700,4049678,-21.68,182,0,0.0500
21701,4049785,-61.48,107,0,0.0500
21702,4049884,-62.07,99,0,0.0500
21703,4049963,-60.36,79,0,0.0500
21704,4049984,-92.00,21,0,0.0500
21705,4050245,605.78,261,1,0.0500
21706,4050468,605.96,223,1,0.0500
21707,4050715,606.46,247,1,0.0500
21708,4050766,-79.14,51,0,0.0500
21709,4051018,606.79,252,1,0.0500
21710,4051277,606.84,259,1,0.0500
21711,4051523,606.46,246,1,0.0500
21712,4051769,606.04,246,1,0.0500
21713,4052013,605.84,244,1,0.0500
21714,4052160,-32.96,147,0,0.0500
21715,4052437,607.24,277,1,0.0500
21716,4052578,-34.99,141,0,0.0500
21717,4052624,-78.67,46,0,0.0500
21718,4052869,607.22,245,1,0.0500
21719,4053010,-34.28,141,0,0.0500
21720,4053035,-91.41,25,0,0.0500
21721,4053075,-84.85,40,0,0.0500
21722,4053186,-61.04,111,0,0.0500
21723,4053433,606.45,247,1,0.0500
21724,4053691,607.38,258,1,0.0500
21725,4053973,608.50,282,1,0.0500
21726,4054224,605.98,251,1,0.0500
21727,4054484,607.07,260,1,0.0500
21728,4054535,-77.88,51,0,0.0500
21729,4054674,-35.74,139,0,0.0500
21730,4054818,-33.15,144,0,0.0500
21731,4055078,607.90,260,1,0.0500
21732,4055225,-33.51,147,0,0.0500
21733,4055461,605.21,236,1,0.0500
21734,4055717,605.85,256,1,0.0500
21735,4055958,605.04,241,1,0.0500
21736,4056011,-79.72,53,0,0.0500
21737,4056032,-91.80,21,0,0.0500
21738,4056281,606.86,249,1,0.0500
21739,4056529,606.05,248,1,0.0500
21740,4056800,606.10,271,1,0.0500
21741,4056822,-91.81,22,0,0.0500
21742,4056913,-61.68,91,0,0.0500
21743,4057156,606.04,243,1,0.0500
21744,4057405,607.46,249,1,0.0500
21745,4057481,-60.75,76,0,0.0500
21746,4057732,607.46,251,1,0.0500
21747,4057824,-54.71,92,0,0.0500
21748,4058045,605.56,221,1,0.0500
21749,4058220,-21.06,175,0,0.0500
21750,4058446,605.93,226,1,0.0500
21751,4058528,-59.95,82,0,0.0500
21752,4058710,-21.27,182,0,0.0500
21753,4058979,606.66,269,1,0.0500
21754,4059228,607.46,249,1,0.0500
21755,4059343,-61.82,115,0,0.0500
21756,4059616,607.14,273,1,0.0500
21757,4059703,-60.44,87,0,0.0500
21758,4059790,-60.64,87,0,0.0500
21759,4060038,606.25,248,1,0.0500
21760,4060128,-60.47,90,0,0.0500
21761,4060281,-32.63,153,0,0.0500
21762,4060532,607.77,251,1,0.0500
21763,4060619,-61.38,87,0,0.0500
21764,4060707,-61.29,88,0,0.0500
21765,4060800,-62.40,93,0,0.0500
21766,4061053,606.20,253,1,0.0500
21767,4061296,605.98,243,1,0.0500
21768,4061515,605.16,219,1,0.0500
21769,4061573,-79.69,58,0,0.0500
21770,4061825,607.43,252,1,0.0500
21771,4062057,606.71,232,1,0.0500
21772,4062306,605.58,249,1,0.0500
21773,4062387,-60.16,81,0,0.0500
21774,4062465,-60.35,78,0,0.0500
21775,4062542,-60.76,77,0,0.0500
21776,4062591,-77.86,49,0,0.0500
21777,4062817,608.45,226,1,0.0500
21778,4062922,-62.40,105,0,0.0500
21779,4063100,-20.88,178,0,0.0500
21780,4063352,607.33,252,1,0.0500
21781,4063458,-62.11,106,0,0.0500
21782,4063540,-61.23,82,0,0.0500
21783,4063625,-60.84,85,0,0.0500
21784,4063776,-32.49,151,0,0.0500
21785,4063856,-60.55,80,0,0.0500
21786,4063946,-61.64,90,0,0.0500
21787,4064187,607.68,241,1,0.0500
21788,4064272,-61.04,85,0,0.0500
21789,4064513,606.23,241,1,0.0500
21790,4064589,-60.75,76,0,0.0500
21791,4064673,-60.83,84,0,0.0500
21792,4064757,-60.83,84,0,0.0500
21793,4064983,606.01,226,1,0.0500
21794,4065237,606.49,254,1,0.0500
21795,4065414,-33.06,177,0,0.0500
21796,4065513,-61.49,99,0,0.0500
21797,4065752,606.24,239,1,0.0500
21798,4066002,607.45,250,1,0.0500
21799,4066087,-60.84,85,0,0.0500
21800,4066171,-61.25,84,0,0.0500
21801,4066210,-83.40,39,0,0.0500
21802,4066434,605.53,224,1,0.0500
21803,4066686,606.37,252,1,0.0500
21804,4066757,-63.22,71,0,0.0500
21805,4066834,-60.76,77,0,0.0500
21806,4066922,-61.38,88,0,0.0500
21807,4067071,-32.70,149,0,0.0500
21808,4067164,-59.96,93,0,0.0500
21809,4067387,607.22,223,1,0.0500
21810,4067609,605.97,222,1,0.0500
21811,4067851,605.44,242,1,0.0500
21812,4068000,-33.11,149,0,0.0500
21813,4068098,-55.09,98,0,0.0500
21814,4068184,-60.43,86,0,0.0500
21815,4068427,606.70,243,1,0.0500
21816,4068669,605.37,242,1,0.0500
21817,4068756,-60.84,87,0,0.0500
21818,4068977,605.56,221,1,0.0500
21819,4069220,605.86,243,1,0.0500
21820,4069489,606.00,269,1,0.0500
21821,4069639,-32.29,150,0,0.0500
21822,4069879,608.31,240,1,0.0500
21823,4070104,605.52,225,1,0.0500
21824,4070246,-33.97,142,0,0.0500
21825,4070336,-60.03,90,0,0.0500
21826,4070477,-34.80,141,0,0.0500
21827,4070553,-60.69,76,0,0.0500
21828,4070799,606.66,246,1,0.0500
21829,4070889,-61.62,90,0,0.0500
21830,4071070,-20.40,181,0,0.0500
21831,4071224,-34.42,154,0,0.0500
21832,4071477,607.62,253,1,0.0500
21833,4071628,-34.48,151,0,0.0500
21834,4071878,607.17,250,1,0.0500
21835,4072107,606.54,229,1,0.0500
21836,4072213,-61.41,106,0,0.0500
21837,4072294,-60.16,81,0,0.0500
21838,4072547,605.66,253,1,0.0500
21839,4072688,-34.38,141,0,0.0500
21840,4072840,-31.89,152,0,0.0500
21841,4073067,605.71,227,1,0.0500
21842,4073318,605.57,251,1,0.0500
21843,4073371,-80.12,53,0,0.0500
21844,4073468,-62.37,97,0,0.0500
21845,4073703,607.11,235,1,0.0500
21846,4073948,606.26,245,1,0.0500
21847,4074099,-32.91,151,0,0.0500
21848,4074326,605.92,227,1,0.0500
21849,4074477,-34.39,151,0,0.0500
21850,4074618,-35.22,141,0,0.0500
21851,4074863,606.44,245,1,0.0500
21852,4074912,-77.86,49,0,0.0500
21853,4075175,606.17,263,1,0.0500
21854,4075261,-60.43,86,0,0.0500
21855,4075493,606.93,232,1,0.0500
21856,4075542,-78.48,49,0,0.0500
21857,4075780,607.49,238,1,0.0500
21858,4076032,605.33,252,1,0.0500
21859,4076261,606.74,229,1,0.0500
21860,4076491,606.31,230,1,0.0500
21861,4076734,605.98,243,1,0.0500
21862,4076979,606.70,245,1,0.0500
21863,4077133,-34.14,154,0,0.0500
21864,4077363,606.95,230,1,0.0500
21865,4077504,-36.26,141,0,0.0500
21866,4077682,-20.66,178,0,0.0500
21867,4077926,606.15,244,1,0.0500
21868,4078168,605.24,242,1,0.0500
21869,4078413,605.84,245,1,0.0500
21870,4078657,606.19,244,1,0.0500
21871,4078908,605.66,251,1,0.0500
21872,4079058,-33.96,150,0,0.0500
21873,4079303,605.44,245,1,0.0500
21874,4079523,605.23,220,1,0.0500
21875,4079751,605.91,228,1,0.0500
21876,4079931,-21.67,180,0,0.0500
21877,4080171,605.45,240,1,0.0500
21878,4080352,-20.38,181,0,0.0500
21879,4080613,607.44,261,1,0.0500
21880,4080850,608.34,237,1,0.0500
21881,4080938,-60.43,88,0,0.0500
21882,4080988,-77.87,50,0,0.0500
21883,4081230,605.80,242,1,0.0500
21884,4081455,608.04,225,1,0.0500
21885,4081681,606.77,226,1,0.0500
21886,4081932,608.62,251,1,0.0500
21887,4082156,606.37,224,1,0.0500
21888,4082395,605.28,239,1,0.0500
21889,4082651,607.18,256,1,0.0500
21890,4082889,605.93,238,1,0.0500
21891,4083115,608.45,226,1,0.0500
21892,4083371,605.83,256,1,0.0500
21893,4083521,-34.39,150,0,0.0500
21894,4083758,605.07,237,1,0.0500
21895,4083905,-32.78,147,0,0.0500
21896,4084187,608.72,282,1,0.0500
21897,4084458,606.40,271,1,0.0500
21898,4084702,607.71,244,1,0.0500
21899,4084932,607.37,230,1,0.0500
21900,4085084,-32.72,152,0,0.0500
21901,4085225,-34.38,141,0,0.0500
21902,4085314,-61.49,89,0,0.0500
21903,4085556,605.66,242,1,0.0500
21904,4085811,606.46,255,1,0.0500
21905,4085962,-32.49,151,0,0.0500
21906,4086047,-58.94,85,0,0.0500
21907,4086188,-34.29,141,0,0.0500
21908,4086238,-77.87,50,0,0.0500
21909,4086319,-60.36,81,0,0.0500
21910,4086561,605.85,242,1,0.0500
21911,4086809,606.53,248,1,0.0500
21912,4087031,607.87,222,1,0.0500
21913,4087177,-32.95,146,0,0.0500
21914,4087230,-79.72,53,0,0.0500
21915,4087489,606.75,259,1,0.0500
21916,4087631,-34.09,142,0,0.0500
21917,4087734,-62.51,103,0,0.0500
21918,4087875,-36.20,141,0,0.0500
21919,4087978,-62.14,103,0,0.0500
21920,4088224,606.03,246,1,0.0500
21921,4088406,-21.69,182,0,0.0500
21922,4088583,-20.98,177,0,0.0500
21923,4088698,-56.65,115,0,0.0500
21924,4088943,606.14,245,1,0.0500
21925,4089099,-32.57,156,0,0.0500
21926,4089205,-61.25,106,0,0.0500
21927,4089304,-61.47,99,0,0.0500
21928,4089394,-61.09,90,0,0.0500
21929,4089497,-61.76,103,0,0.0500
21930,4089744,606.86,247,1,0.0500
21931,4089991,606.04,247,1,0.0500
21932,4090080,-60.14,89,0,0.0500
21933,4090317,606.96,237,1,0.0500
21934,4090363,-78.98,46,0,0.0500
21935,4090604,605.38,241,1,0.0500
21936,4090750,-33.92,146,0,0.0500
21937,4090895,-33.91,145,0,0.0500
21938,4091189,611.59,294,1,0.0500
21939,4091413,605.95,224,1,0.0500
21940,4091667,606.47,254,1,0.0500
21941,4091922,606.40,255,1,0.0500
21942,4092182,606.10,260,1,0.0500
21943,4092330,-32.49,148,0,0.0500
21944,4092485,-35.62,155,0,0.0500
21945,4092663,-20.59,178,0,0.0500
21946,4092892,606.74,229,1,0.0500
21947,4092942,-77.87,50,0,0.0500
21948,4093183,606.54,241,1,0.0500
21949,4093366,-20.68,183,0,0.0500
21950,4093519,-32.76,153,0,0.0500
21951,4093632,-55.88,113,0,0.0500
21952,4093875,605.78,243,1,0.0500
21953,4093961,-60.43,86,0,0.0500
21954,4094012,-79.34,51,0,0.0500
21955,4094171,-35.21,159,0,0.0500
21956,4094400,605.90,229,1,0.0500
21957,4094510,-60.13,110,0,0.0500
21958,4094730,605.37,220,1,0.0500
21959,4094965,605.44,235,1,0.0500
21960,4095185,605.37,220,1,0.0500
21961,4095276,-59.98,91,0,0.0500
21962,4095525,606.93,249,1,0.0500
21963,4095614,-61.45,89,0,0.0500
21964,4095858,606.83,244,1,0.0500
21965,4096105,606.03,247,1,0.0500
21966,4096390,608.26,285,1,0.0500
21967,4096642,605.35,252,1,0.0500
21968,4096881,606.22,239,1,0.0500
21969,4097144,605.56,263,1,0.0500
21970,4097387,606.18,243,1,0.0500
21971,4097528,-34.38,141,0,0.0500
21972,4097779,606.64,251,1,0.0500
21973,4098030,607.24,251,1,0.0500
21974,4098275,605.32,245,1,0.0500
21975,4098422,-32.87,147,0,0.0500
21976,4098495,-63.04,73,0,0.0500
21977,4098608,-59.31,113,0,0.0500
21978,4098849,605.64,241,1,0.0500
21979,4099072,605.54,223,1,0.0500
21980,4099323,607.46,251,1,0.0500
21981,4099580,607.85,257,1,0.0500
21982,4099850,607.49,270,1,0.0500
21983,4100094,606.51,244,1,0.0500
21984,4100259,-34.95,165,0,0.0500
21985,4100515,607.20,256,1,0.0500
21986,4100629,-60.33,114,0,0.0500
21987,4100721,-60.83,92,0,0.0500
21988,4100977,607.19,256,1,0.0500
21989,4101211,606.48,234,1,0.0500
21990,4101445,605.01,234,1,0.0500
21991,4101696,606.22,251,1,0.0500
21992,4101941,605.82,245,1,0.0500
21993,4102034,-61.09,93,0,0.0500
21994,4102260,606.35,226,1,0.0500
21995,4102496,607.09,236,1,0.0500
21996,4102547,-77.88,51,0,0.0500
21997,4102796,605.58,249,1,0.0500
21998,4103054,607.79,258,1,0.0500
21999,4103163,-61.30,109,0,0.0500
